id,tipo,modelo,pistas,pesos,parametros,tempo_s,f1_validacao,desvio_f1,precision,recall,average_precision,roc_auc,n_pistas,n_arvores
lightgbm_06,optuna,LightGBM,razoes,balanced,"{'n_estimators': 400, 'learning_rate': 0.05572633831152022, 'reg_alpha': 4.268407710065496, 'reg_lambda': 0.5595986878006082, 'subsample': 0.7936340230624704, 'colsample_bytree': 0.914442898490067, 'num_leaves': 31, 'min_child_samples': 500, 'min_split_gain': 0.4040601897822085, 'subsample_freq': 1}",12.390405300015118,0.6167558902667927,0.01939811374491391,0.5379281454757124,0.73816732807606,0.6356551736041698,0.8043647692381234,64,400
lightgbm_15,optuna,LightGBM,razoes,balanced,"{'n_estimators': 400, 'learning_rate': 0.026428143015926293, 'reg_alpha': 1.358092809578985, 'reg_lambda': 3.008517032208385, 'subsample': 0.6519183108886333, 'colsample_bytree': 0.8651180080568772, 'num_leaves': 31, 'min_child_samples': 450, 'min_split_gain': 0.2828264887826684, 'subsample_freq': 1}",12.317988000053447,0.616008004495908,0.011938349464970468,0.5467746060900595,0.7241106655033382,0.634499919390448,0.8050934502793524,64,400
regularizado_dispersao,controle,LightGBM,dispersao,,"{'n_estimators': 500, 'learning_rate': 0.03, 'num_leaves': 15, 'min_child_samples': 200, 'reg_alpha': 1.0, 'reg_lambda': 30.0, 'colsample_bytree': 0.8, 'subsample': 0.8, 'subsample_freq': 1}",13.285450899973512,0.6159179626486162,0.011483584279361476,0.5265620979202562,0.7558077670403135,0.6536177611594766,0.8098297645497311,72,500
lightgbm_10,optuna,LightGBM,razoes,balanced,"{'n_estimators': 600, 'learning_rate': 0.03554328040096323, 'reg_alpha': 0.08686022556375615, 'reg_lambda': 11.077768535492035, 'subsample': 0.7244734142035372, 'colsample_bytree': 0.9771962853074349, 'num_leaves': 31, 'min_child_samples': 400, 'min_split_gain': 0.3312536320629805, 'subsample_freq': 1}",18.926960600016173,0.6153913321564684,0.017124629684707602,0.5430294708646536,0.7273001471975739,0.6356499547207033,0.8040894725410709,64,600
lightgbm_07,optuna,LightGBM,dispersao,,"{'n_estimators': 500, 'learning_rate': 0.10176292884854099, 'reg_alpha': 3.840300419098857, 'reg_lambda': 0.8995191735587166, 'subsample': 0.6885181735846869, 'colsample_bytree': 0.7297773068896796, 'num_leaves': 31, 'min_child_samples': 300, 'min_split_gain': 0.2087055015743895, 'subsample_freq': 1}",14.307189800019842,0.6153651231710426,0.01985923771229512,0.5168219218419157,0.7645136193878509,0.6471348297747398,0.8039219700082453,72,500
lightgbm_13,optuna,LightGBM,razoes,balanced,"{'n_estimators': 200, 'learning_rate': 0.06235781756531906, 'reg_alpha': 0.03975407310210085, 'reg_lambda': 0.5312844310887754, 'subsample': 0.8000981736265841, 'colsample_bytree': 0.9608954655124385, 'num_leaves': 31, 'min_child_samples': 300, 'min_split_gain': 0.43215244878169057, 'subsample_freq': 1}",8.32399710000027,0.6150804287512447,0.013252740749127202,0.549164934166363,0.7116228829103721,0.633907395716781,0.8034364562760339,64,200
lightgbm_11,optuna,LightGBM,razoes,balanced,"{'n_estimators': 500, 'learning_rate': 0.05137892117186347, 'reg_alpha': 5.065984939892199, 'reg_lambda': 6.561040884627837, 'subsample': 0.7972990780813431, 'colsample_bytree': 0.8750261508119935, 'num_leaves': 31, 'min_child_samples': 500, 'min_split_gain': 0.41734714034660675, 'subsample_freq': 1}",14.474745200015604,0.6147836081431194,0.01541131851521428,0.5253228865800176,0.7554941380377689,0.636692389882334,0.8036608608495248,64,500
lightgbm_21,optuna,LightGBM,razoes,balanced,"{'n_estimators': 600, 'learning_rate': 0.021785356601139526, 'reg_alpha': 5.476363053012425, 'reg_lambda': 9.822078589316172, 'subsample': 0.7069016428147514, 'colsample_bytree': 0.932629480600783, 'num_leaves': 31, 'min_child_samples': 400, 'min_split_gain': 0.39793571370715497, 'subsample_freq': 1}",17.44345700001577,0.6146616357759385,0.012435420058937198,0.5403701918515025,0.728387703009905,0.6341831632160974,0.8045520191013811,64,600
lightgbm_16,optuna,LightGBM,razoes,balanced,"{'n_estimators': 600, 'learning_rate': 0.04123200014741321, 'reg_alpha': 4.742831432824409, 'reg_lambda': 0.5621100846805608, 'subsample': 0.7590401760135095, 'colsample_bytree': 0.9290784359463119, 'num_leaves': 31, 'min_child_samples': 450, 'min_split_gain': 0.24546361507913847, 'subsample_freq': 1}",17.916034699999727,0.6143607003946893,0.019766790196642136,0.526462378732763,0.7548358883765797,0.6359160436414649,0.804078824010158,64,600
anterior_dispersao,controle,LightGBM,dispersao,,"{'n_estimators': 250, 'learning_rate': 0.07902978859187117, 'num_leaves': 27, 'min_child_samples': 60}",8.557649300026242,0.6142282908659343,0.01845900065581367,0.5421570147061927,0.7252808081961839,0.652503846657493,0.8083231891333941,72,250
xgboost_04,optuna,XGBoost,dispersao,balanced,"{'n_estimators': 200, 'learning_rate': 0.029684313313571024, 'reg_alpha': 0.0015167330688076208, 'reg_lambda': 0.946217535646149, 'subsample': 0.7860370513913187, 'colsample_bytree': 0.7449721611208636, 'max_depth': 6, 'min_child_weight': 5.170191786366991, 'gamma': 1.4046725484369038}",11.266077900014352,0.6136999697958155,0.013993421144268861,0.5478315485795621,0.7184845392644185,0.6567532339755154,0.8092619323840492,72,200
xgboost_09,optuna,XGBoost,dispersao,balanced,"{'n_estimators': 700, 'learning_rate': 0.036022694561085505, 'reg_alpha': 2.0040754342893123, 'reg_lambda': 0.49702687613111685, 'subsample': 0.7238921930499029, 'colsample_bytree': 0.6727706286943571, 'max_depth': 7, 'min_child_weight': 5.034566179394126, 'gamma': 3.6192759611916916}",26.773420199984685,0.6135286195049676,0.013820605672077473,0.5414256294448317,0.7301085022465826,0.6614227522408416,0.8101606886119237,72,700
lightgbm_18,optuna,LightGBM,razoes,balanced,"{'n_estimators': 400, 'learning_rate': 0.0393096570090875, 'reg_alpha': 3.714442988154799, 'reg_lambda': 0.4931490136015842, 'subsample': 0.6737372412655844, 'colsample_bytree': 0.8169207207478664, 'num_leaves': 31, 'min_child_samples': 500, 'min_split_gain': 0.29697403488206864, 'subsample_freq': 1}",11.65087610000046,0.6133489093771289,0.01570750276610591,0.5481388222634724,0.7167918885417238,0.6340727467140049,0.8044247434411055,64,400
xgboost_10,optuna,XGBoost,dispersao,balanced,"{'n_estimators': 200, 'learning_rate': 0.025032809948978826, 'reg_alpha': 2.0912527179838873, 'reg_lambda': 3.9540453697819435, 'subsample': 0.8216078046400692, 'colsample_bytree': 0.7059225533835015, 'max_depth': 6, 'min_child_weight': 26.697854347851063, 'gamma': 0.5371500868337388}",11.872491300047841,0.6130148548419735,0.015116756933597967,0.537463982472215,0.7330909649418187,0.6496129486436977,0.8075027574230439,72,200
lightgbm_01,optuna,LightGBM,razoes,balanced,"{'n_estimators': 500, 'learning_rate': 0.047753845433560704, 'reg_alpha': 0.014618962793704957, 'reg_lambda': 6.847920095574778, 'subsample': 0.6988228512282146, 'colsample_bytree': 0.7522506269873264, 'num_leaves': 31, 'min_child_samples': 300, 'min_split_gain': 0.29620728443102123, 'subsample_freq': 1}",14.345505799981765,0.6129635261660696,0.016064547822793724,0.5366337678855032,0.7300597074296408,0.6347293422193451,0.8027054315531507,64,500
lightgbm_12,optuna,LightGBM,razoes,balanced,"{'n_estimators': 600, 'learning_rate': 0.032615064905632735, 'reg_alpha': 0.014472385543618663, 'reg_lambda': 30.087813260118676, 'subsample': 0.7490896268590864, 'colsample_bytree': 0.924750380421049, 'num_leaves': 31, 'min_child_samples': 500, 'min_split_gain': 0.36103952683305557, 'subsample_freq': 1}",18.2586988999974,0.6126369553446415,0.014750394950082613,0.5464401972163083,0.718927152633959,0.6361220428272961,0.8051138286278748,64,600
lightgbm_23,optuna,LightGBM,razoes,balanced,"{'n_estimators': 300, 'learning_rate': 0.037404936680315276, 'reg_alpha': 0.6082767621002498, 'reg_lambda': 0.31980782617496845, 'subsample': 0.8082464336977581, 'colsample_bytree': 0.9202359196760538, 'num_leaves': 31, 'min_child_samples': 500, 'min_split_gain': 0.43226556465026117, 'subsample_freq': 1}",11.946965000010096,0.612552762729199,0.014524859727946319,0.5461680865005837,0.7192220606747924,0.6348169123754017,0.8043175745027584,64,300
regularizado_originais,controle,LightGBM,originais,,"{'n_estimators': 500, 'learning_rate': 0.03, 'num_leaves': 15, 'min_child_samples': 200, 'reg_alpha': 1.0, 'reg_lambda': 30.0, 'colsample_bytree': 0.8, 'subsample': 0.8, 'subsample_freq': 1}",9.979055700008757,0.6123684819131334,0.01512709996073495,0.5214373668981437,0.7537342010807974,0.630556235393216,0.8023622569295052,48,500
xgboost_00,optuna,XGBoost,dispersao,,"{'n_estimators': 400, 'learning_rate': 0.1358198535217987, 'reg_alpha': 0.8471801418819978, 'reg_lambda': 6.2513735745217485, 'subsample': 0.7046065241548528, 'colsample_bytree': 0.7045980821176709, 'max_depth': 2, 'min_child_weight': 53.99484409787433, 'gamma': 3.005575058716044}",9.642506000003777,0.6121721239755653,0.014804752878740687,0.5169274840720904,0.761892970935444,0.6397968605111052,0.8033820293888573,72,400
xgboost_05,optuna,XGBoost,razoes,,"{'n_estimators': 700, 'learning_rate': 0.029848216834193905, 'reg_alpha': 0.0010521761868451127, 'reg_lambda': 27.95015916508335, 'subsample': 0.897400070346666, 'colsample_bytree': 0.9051525088143455, 'max_depth': 6, 'min_child_weight': 1.4063366777718171, 'gamma': 1.7923286427213632}",27.56963270000415,0.6119717946127198,0.019348631009722374,0.5328792459336174,0.7377713680620976,0.6365179759491698,0.8038405402678289,64,700
lightgbm_22,optuna,LightGBM,razoes,balanced,"{'n_estimators': 400, 'learning_rate': 0.07105706455738137, 'reg_alpha': 2.6301785340052306, 'reg_lambda': 0.21108309675963072, 'subsample': 0.7241504290461763, 'colsample_bytree': 0.8700757342044046, 'num_leaves': 31, 'min_child_samples': 450, 'min_split_gain': 0.45840604576465327, 'subsample_freq': 1}",12.058227100002114,0.611702948092268,0.01533196302519085,0.5354813434984027,0.7298454028710166,0.6323922624377231,0.8012680483775337,64,400
xgboost_06,optuna,XGBoost,razoes,,"{'n_estimators': 400, 'learning_rate': 0.03851104685115368, 'reg_alpha': 0.8287522363768158, 'reg_lambda': 8.178476574339538, 'subsample': 0.9605244599017143, 'colsample_bytree': 0.8152752238066823, 'max_depth': 2, 'min_child_weight': 26.6986667427446, 'gamma': 3.803925243084487}",8.296522100048605,0.6109229121694894,0.014857561536166854,0.5158257706788089,0.7628942459308394,0.6236433838617047,0.8005104827307582,64,400
lightgbm_03,optuna,LightGBM,dispersao,balanced,"{'n_estimators': 700, 'learning_rate': 0.13278503317665077, 'reg_alpha': 3.7958531426706403, 'reg_lambda': 6.218704727769076, 'subsample': 0.9726559822580909, 'colsample_bytree': 0.6809723757181718, 'num_leaves': 63, 'min_child_samples': 150, 'min_split_gain': 0.41436875457596467, 'subsample_freq': 1}",13.737552299979143,0.6108021647206582,0.017506719133881004,0.5492591550038013,0.7036066902546066,0.6485537536240578,0.8042128942557764,72,700
lightgbm_08,optuna,LightGBM,razoes,balanced,"{'n_estimators': 600, 'learning_rate': 0.04037929930840412, 'reg_alpha': 0.172774342367683, 'reg_lambda': 3.2331823004209204, 'subsample': 0.9134232696139593, 'colsample_bytree': 0.7226468959365265, 'num_leaves': 31, 'min_child_samples': 400, 'min_split_gain': 0.44511151921751685, 'subsample_freq': 1}",17.22881950001465,0.6107028928922332,0.02062035429207258,0.5495605077074631,0.7092068311187681,0.6354484185427701,0.8024192953898929,64,600
xgboost_02,optuna,XGBoost,razoes,balanced,"{'n_estimators': 600, 'learning_rate': 0.021962256150304792, 'reg_alpha': 0.26926469100861794, 'reg_lambda': 0.32476735706274484, 'subsample': 0.6727680575448478, 'colsample_bytree': 0.9821099380386666, 'max_depth': 7, 'min_child_weight': 41.380401125610156, 'gamma': 1.5230688458668533}",24.128609799954575,0.6098138029114932,0.014137592809370141,0.5468585682058683,0.7128327280378972,0.6352675123436357,0.8031105670440571,64,600
xgboost_11,optuna,XGBoost,dispersao,balanced,"{'n_estimators': 700, 'learning_rate': 0.04307025217259128, 'reg_alpha': 0.014958879681694707, 'reg_lambda': 0.835351017465757, 'subsample': 0.745000975082013, 'colsample_bytree': 0.6514999930397365, 'max_depth': 6, 'min_child_weight': 13.475650719319562, 'gamma': 2.9192304927905184}",27.164816999982577,0.6086822909896343,0.0103493746913215,0.5372250658848257,0.725874963915709,0.655376215320188,0.8075573836912154,72,700
lightgbm_05,optuna,LightGBM,originais,balanced,"{'n_estimators': 400, 'learning_rate': 0.0869921570807341, 'reg_alpha': 0.35500125258511606, 'reg_lambda': 45.88156549160973, 'subsample': 0.8152752238066823, 'colsample_bytree': 0.6918579860784057, 'num_leaves': 63, 'min_child_samples': 250, 'min_split_gain': 0.26136641469099703, 'subsample_freq': 1}",11.835513400030322,0.6085373407912055,0.016318783633503864,0.5408432420690098,0.7123129788831241,0.6310780466877663,0.7979590046841256,48,400
lightgbm_17,optuna,LightGBM,razoes,balanced,"{'n_estimators': 400, 'learning_rate': 0.07757343624768633, 'reg_alpha': 0.7718125326149388, 'reg_lambda': 1.9330581484640341, 'subsample': 0.731253811946628, 'colsample_bytree': 0.8960292552257103, 'num_leaves': 31, 'min_child_samples': 450, 'min_split_gain': 0.2784097748808679, 'subsample_freq': 1}",12.436862000031397,0.6085063130965169,0.017584265875241773,0.5510381532267565,0.7030491836713718,0.6313934757055192,0.8020738336748131,64,400
anterior_razoes,controle,LightGBM,razoes,,"{'n_estimators': 250, 'learning_rate': 0.07902978859187117, 'num_leaves': 27, 'min_child_samples': 60}",7.911919100035448,0.6083815306499266,0.021220120376681764,0.5312784041591028,0.738534601430814,0.6301512086942517,0.8003375958281632,64,250
regularizado_razoes,controle,LightGBM,razoes,,"{'n_estimators': 500, 'learning_rate': 0.03, 'num_leaves': 15, 'min_child_samples': 200, 'reg_alpha': 1.0, 'reg_lambda': 30.0, 'colsample_bytree': 0.8, 'subsample': 0.8, 'subsample_freq': 1}",12.544964300002903,0.6077099284732799,0.008681075696993465,0.5377927358021793,0.7274482526824814,0.6323729432439918,0.8044928179492663,64,500
xgboost_08,optuna,XGBoost,dispersao,balanced,"{'n_estimators': 700, 'learning_rate': 0.09404054568366012, 'reg_alpha': 0.0021044689170134677, 'reg_lambda': 1.515904980264463, 'subsample': 0.917794788786485, 'colsample_bytree': 0.7636605220456928, 'max_depth': 7, 'min_child_weight': 15.625882819274405, 'gamma': 1.4325557665891326}",22.879828300036024,0.6069779087835799,0.011818491338383127,0.5403954997504188,0.7170977682415484,0.6529679990501006,0.8036074625887751,72,700
xgboost_07,optuna,XGBoost,originais,,"{'n_estimators': 200, 'learning_rate': 0.024856593160785395, 'reg_alpha': 0.0013357240411974098, 'reg_lambda': 8.113929572637838, 'subsample': 0.7600245933767144, 'colsample_bytree': 0.8279997419076459, 'max_depth': 7, 'min_child_weight': 3.1519872951938885, 'gamma': 2.0519146151781484}",9.71855669998331,0.6068826705496403,0.022340558016073087,0.5261442104975654,0.7400665141103286,0.6318435728635169,0.8009676058317959,48,200
lightgbm_20,optuna,LightGBM,razoes,balanced,"{'n_estimators': 600, 'learning_rate': 0.053926295298620884, 'reg_alpha': 0.2592392005340883, 'reg_lambda': 1.2109122039808886, 'subsample': 0.7732995301904064, 'colsample_bytree': 0.8496931137465139, 'num_leaves': 31, 'min_child_samples': 350, 'min_split_gain': 0.44134417324481473, 'subsample_freq': 1}",17.05885849997867,0.6068734220273891,0.022069023557914735,0.5564713215785578,0.6963846059782584,0.6336079238927929,0.8012642973488395,64,600
lightgbm_09,optuna,LightGBM,razoes,balanced,"{'n_estimators': 800, 'learning_rate': 0.11390989435477142, 'reg_alpha': 2.8223694515444877, 'reg_lambda': 6.956626736598459, 'subsample': 0.9090051995254007, 'colsample_bytree': 0.9447374781199855, 'num_leaves': 31, 'min_child_samples': 350, 'min_split_gain': 0.4968133936641526, 'subsample_freq': 1}",18.222652400028892,0.6064382766512226,0.020645410721107597,0.5538977391389143,0.6832753375677302,0.6246119216973577,0.7959614592855556,64,800
anterior_originais,controle,LightGBM,originais,,"{'n_estimators': 250, 'learning_rate': 0.07902978859187117, 'num_leaves': 27, 'min_child_samples': 60}",6.143773499992676,0.6060961531312352,0.014533253318272455,0.5463327062606728,0.707253703158691,0.6329992629156315,0.7997890196293569,48,250
lightgbm_19,optuna,LightGBM,razoes,balanced,"{'n_estimators': 300, 'learning_rate': 0.10635367458029833, 'reg_alpha': 1.8595715738731515, 'reg_lambda': 0.19271119445088147, 'subsample': 0.7779221976019741, 'colsample_bytree': 0.9076872059938977, 'num_leaves': 31, 'min_child_samples': 450, 'min_split_gain': 0.4070460882787505, 'subsample_freq': 1}",10.125346500019077,0.6057870791700324,0.018277874783314774,0.5502968501337951,0.6965750739043161,0.6310042828793548,0.8001274215914917,64,300
xgboost_03,optuna,XGBoost,razoes,balanced,"{'n_estimators': 200, 'learning_rate': 0.12495137958834718, 'reg_alpha': 0.010842262717330166, 'reg_lambda': 9.717775305059629, 'subsample': 0.7590988766312938, 'colsample_bytree': 0.8320238074122338, 'max_depth': 5, 'min_child_weight': 2.3426581058204037, 'gamma': 4.847923138822793}",7.451036400045268,0.6035360535058114,0.014571410236030279,0.5416132493634607,0.7091258554163892,0.6257321980994858,0.7995452846624319,64,200
lightgbm_14,optuna,LightGBM,razoes,balanced,"{'n_estimators': 600, 'learning_rate': 0.05284845534751321, 'reg_alpha': 0.1946879450913729, 'reg_lambda': 1.3714362799512856, 'subsample': 0.7039310385508096, 'colsample_bytree': 0.9437465208899538, 'num_leaves': 31, 'min_child_samples': 450, 'min_split_gain': 0.3899783151565928, 'subsample_freq': 1}",17.726205299957655,0.60217120374688,0.019671811838539145,0.5310905353529635,0.7325974647033319,0.6315120437888586,0.8009088023298977,64,600
lightgbm_00,optuna,LightGBM,originais,balanced,"{'n_estimators': 400, 'learning_rate': 0.1358198535217987, 'reg_alpha': 0.8471801418819978, 'reg_lambda': 6.2513735745217485, 'subsample': 0.7046065241548528, 'colsample_bytree': 0.7045980821176709, 'num_leaves': 15, 'min_child_samples': 50, 'min_split_gain': 0.48495492608099716, 'subsample_freq': 1}",7.044606099952944,0.6018333360813981,0.01871721044481959,0.5349063611804817,0.7149084143121996,0.6313502752479927,0.7962421832909533,48,400
lightgbm_02,optuna,LightGBM,dispersao,balanced,"{'n_estimators': 800, 'learning_rate': 0.10195938340531947, 'reg_alpha': 0.01653693718282442, 'reg_lambda': 0.1963434157293333, 'subsample': 0.8894815592792549, 'colsample_bytree': 0.8040533728088605, 'num_leaves': 63, 'min_child_samples': 150, 'min_split_gain': 0.331261142176991, 'subsample_freq': 1}",24.177171600051224,0.6006478528972797,0.01970836259996591,0.5219346650872525,0.7378651583459425,0.6412381729953328,0.7994401154899892,72,800
lightgbm_04,optuna,LightGBM,originais,balanced,"{'n_estimators': 200, 'learning_rate': 0.14608866662799525, 'reg_alpha': 1.2273800987852967, 'reg_lambda': 0.39459088111, 'subsample': 0.6519327409932608, 'colsample_bytree': 0.935411499959192, 'num_leaves': 31, 'min_child_samples': 200, 'min_split_gain': 0.05793452976256486, 'subsample_freq': 1}",5.916633499960881,0.5991121235939053,0.019228210174885057,0.5243593467397655,0.7263019868376149,0.6269610153376154,0.7936260668735282,48,200
xgboost_01,optuna,XGBoost,dispersao,balanced,"{'n_estimators': 300, 'learning_rate': 0.028941442788596318, 'reg_alpha': 0.016480446427978974, 'reg_lambda': 3.752055855124281, 'subsample': 0.8011807565247405, 'colsample_bytree': 0.7519301990693147, 'max_depth': 5, 'min_child_weight': 1.9010245319870354, 'gamma': 1.4607232426760908}",11.977061599958688,0.5970945125167179,0.021160407172154547,0.5569211839801096,0.6931679681925361,0.6551084526933929,0.8082260570013929,72,300
