limiar,f1
0.1,0.5228635888405877
0.11,0.5301326737126153
0.12,0.537169713990944
0.13,0.5438954675377705
0.14,0.5507039743361255
0.15,0.5565290954136202
0.16,0.5622233152975897
0.17,0.5684657671164418
0.18,0.5735667174023339
0.19,0.5784496622708266
0.2,0.5831375619942574
0.21,0.5869191049913941
0.22,0.5921052631578947
0.23,0.5958633827731664
0.24,0.5990364762560221
0.25,0.6032210834553441
0.26,0.607140332272888
0.27,0.6092298899842835
0.28,0.6111953773925605
0.29,0.6131578947368421
0.3,0.6152597402597403
0.31,0.6172581247665297
0.32,0.6198671497584541
0.33,0.6216257434802501
0.34,0.6227692307692307
0.35,0.6258164852255055
0.36,0.6297986154814349
0.37,0.6314451418129816
0.38,0.6323046092184369
0.39,0.6337242215932066
0.4,0.6345761605613119
0.41,0.6361314770574182
0.42,0.6371946152567725
0.43,0.6374769334004362
0.44,0.6376026411580462
0.45,0.6372817528243753
0.46,0.6367720753412822
0.47,0.6385689354275742
0.48,0.6385754583921015
0.49,0.6376424501424501
0.5,0.6362737163924107
0.51,0.6356941540140013
0.52,0.6331252295262578
0.53,0.6337662337662338
0.54,0.6316085489313836
0.55,0.6301525632521557
0.56,0.6290846550735716
0.57,0.6291787439613526
0.58,0.62743950039032
0.59,0.6259120489055413
0.6,0.6227318045862412
0.61,0.6198830409356725
0.62,0.6153689151954281
0.63,0.6118740320082602
0.64,0.6102296450939457
0.65,0.6066490765171504
0.66,0.6049343159243832
0.67,0.6023549746138057
0.68,0.5984251968503937
0.69,0.5939716312056738
0.7,0.5887105824262148
0.71,0.5825088138291823
0.72,0.5770605187319885
0.73,0.5682509950831187
0.74,0.5624110109159943
0.75,0.5548854041013269
0.76,0.5447852760736196
0.77,0.5331332833208302
0.78,0.5208545269582909
0.79,0.5084262380088151
0.8,0.4918119387216059
0.81,0.4773063973063973
0.82,0.4605009633911368
0.83,0.4425400393368924
0.84,0.42621066245150163
0.85,0.4058226731363035
0.86,0.3818867924528302
0.87,0.3567885926844389
0.88,0.32765483203311574
0.89,0.29240340537000653
0.9,0.26257171785352684
