limiar,f1,candidato,fold
0.1,0.6430317848410758,sem_pesos_ajustado,1
0.11,0.6513715710723192,sem_pesos_ajustado,1
0.12,0.6563608717688799,sem_pesos_ajustado,1
0.13,0.660833762223366,sem_pesos_ajustado,1
0.14,0.6614255765199162,sem_pesos_ajustado,1
0.15,0.6634794156706507,sem_pesos_ajustado,1
0.16,0.6693635382955772,sem_pesos_ajustado,1
0.17,0.6715806715806716,sem_pesos_ajustado,1
0.18,0.6736667587731417,sem_pesos_ajustado,1
0.19,0.6729963697291259,sem_pesos_ajustado,1
0.2,0.672876093705899,sem_pesos_ajustado,1
0.21,0.6761850371216448,sem_pesos_ajustado,1
0.22,0.6765389082462253,sem_pesos_ajustado,1
0.23,0.6796230859835101,sem_pesos_ajustado,1
0.24,0.6767857142857143,sem_pesos_ajustado,1
0.25,0.6775658492279746,sem_pesos_ajustado,1
0.26,0.6797425681887833,sem_pesos_ajustado,1
0.27,0.6807191568505889,sem_pesos_ajustado,1
0.28,0.6809314033983638,sem_pesos_ajustado,1
0.29,0.682615629984051,sem_pesos_ajustado,1
0.3,0.6806587019696481,sem_pesos_ajustado,1
0.31,0.6792698826597132,sem_pesos_ajustado,1
0.32,0.677642410273296,sem_pesos_ajustado,1
0.33,0.6766666666666666,sem_pesos_ajustado,1
0.34,0.6774519716885743,sem_pesos_ajustado,1
0.35,0.678949164107813,sem_pesos_ajustado,1
0.36,0.6772413793103448,sem_pesos_ajustado,1
0.37,0.6754966887417219,sem_pesos_ajustado,1
0.38,0.6706544686840253,sem_pesos_ajustado,1
0.39,0.6678507992895204,sem_pesos_ajustado,1
0.4,0.6630901287553648,sem_pesos_ajustado,1
0.41,0.6632984482136413,sem_pesos_ajustado,1
0.42,0.6622950819672131,sem_pesos_ajustado,1
0.43,0.6571218795888399,sem_pesos_ajustado,1
0.44,0.6530460624071323,sem_pesos_ajustado,1
0.45,0.6504308729861371,sem_pesos_ajustado,1
0.46,0.6467473524962178,sem_pesos_ajustado,1
0.47,0.6432391138273491,sem_pesos_ajustado,1
0.48,0.6371681415929203,sem_pesos_ajustado,1
0.49,0.6319875776397516,sem_pesos_ajustado,1
0.5,0.6296006264682851,sem_pesos_ajustado,1
0.51,0.6263345195729537,sem_pesos_ajustado,1
0.52,0.6228594185583433,sem_pesos_ajustado,1
0.53,0.6187800963081862,sem_pesos_ajustado,1
0.54,0.6173737373737374,sem_pesos_ajustado,1
0.55,0.6138775510204082,sem_pesos_ajustado,1
0.56,0.6099465680230168,sem_pesos_ajustado,1
0.57,0.6067136344799006,sem_pesos_ajustado,1
0.58,0.6052521884118383,sem_pesos_ajustado,1
0.59,0.6021867115222876,sem_pesos_ajustado,1
0.6,0.5951674438321323,sem_pesos_ajustado,1
0.61,0.5913564398801883,sem_pesos_ajustado,1
0.62,0.5823986194995686,sem_pesos_ajustado,1
0.63,0.576889661164205,sem_pesos_ajustado,1
0.64,0.5728027984258854,sem_pesos_ajustado,1
0.65,0.5676509475539886,sem_pesos_ajustado,1
0.66,0.5615282096845846,sem_pesos_ajustado,1
0.67,0.5534197586052749,sem_pesos_ajustado,1
0.68,0.5484016208914904,sem_pesos_ajustado,1
0.69,0.542649727767695,sem_pesos_ajustado,1
0.7,0.5386374028349337,sem_pesos_ajustado,1
0.71,0.5279187817258884,sem_pesos_ajustado,1
0.72,0.519795062878435,sem_pesos_ajustado,1
0.73,0.5112781954887218,sem_pesos_ajustado,1
0.74,0.5007125890736343,sem_pesos_ajustado,1
0.75,0.4896783485357657,sem_pesos_ajustado,1
0.76,0.4847605224963715,sem_pesos_ajustado,1
0.77,0.4780915287244401,sem_pesos_ajustado,1
0.78,0.4675196850393701,sem_pesos_ajustado,1
0.79,0.45978152929493543,sem_pesos_ajustado,1
0.8,0.44889779559118237,sem_pesos_ajustado,1
0.81,0.4376899696048632,sem_pesos_ajustado,1
0.82,0.4240246406570842,sem_pesos_ajustado,1
0.83,0.4047991653625456,sem_pesos_ajustado,1
0.84,0.38965153115100315,sem_pesos_ajustado,1
0.85,0.37393162393162394,sem_pesos_ajustado,1
0.86,0.3574144486692015,sem_pesos_ajustado,1
0.87,0.3441451346893898,sem_pesos_ajustado,1
0.88,0.3292547274749722,sem_pesos_ajustado,1
0.89,0.3090806542583192,sem_pesos_ajustado,1
0.9,0.290950744558992,sem_pesos_ajustado,1
0.1,0.6168481375358166,sem_pesos_ajustado,2
0.11,0.6209970674486803,sem_pesos_ajustado,2
0.12,0.6271919288974297,sem_pesos_ajustado,2
0.13,0.6326279527559056,sem_pesos_ajustado,2
0.14,0.6379721420504455,sem_pesos_ajustado,2
0.15,0.6420796516839544,sem_pesos_ajustado,2
0.16,0.6448158788195352,sem_pesos_ajustado,2
0.17,0.645290047897818,sem_pesos_ajustado,2
0.18,0.6482982171799028,sem_pesos_ajustado,2
0.19,0.6488266776451215,sem_pesos_ajustado,2
0.2,0.6501392757660167,sem_pesos_ajustado,2
0.21,0.6500918208786551,sem_pesos_ajustado,2
0.22,0.6470334722022698,sem_pesos_ajustado,2
0.23,0.647616270593381,sem_pesos_ajustado,2
0.24,0.6503248670998228,sem_pesos_ajustado,2
0.25,0.6502315852383087,sem_pesos_ajustado,2
0.26,0.6514944621453497,sem_pesos_ajustado,2
0.27,0.6497617949900107,sem_pesos_ajustado,2
0.28,0.6472874242188714,sem_pesos_ajustado,2
0.29,0.6441476826394344,sem_pesos_ajustado,2
0.3,0.6443315338202604,sem_pesos_ajustado,2
0.31,0.6405396723417924,sem_pesos_ajustado,2
0.32,0.638587396727685,sem_pesos_ajustado,2
0.33,0.6380468621989186,sem_pesos_ajustado,2
0.34,0.6361525704809287,sem_pesos_ajustado,2
0.35,0.6361809045226131,sem_pesos_ajustado,2
0.36,0.6305602716468591,sem_pesos_ajustado,2
0.37,0.6268913342503438,sem_pesos_ajustado,2
0.38,0.6227795193312434,sem_pesos_ajustado,2
0.39,0.6212121212121212,sem_pesos_ajustado,2
0.4,0.6152472772719157,sem_pesos_ajustado,2
0.41,0.6138863841298468,sem_pesos_ajustado,2
0.42,0.607997078692715,sem_pesos_ajustado,2
0.43,0.6050203026947213,sem_pesos_ajustado,2
0.44,0.6036960985626283,sem_pesos_ajustado,2
0.45,0.5995854531750519,sem_pesos_ajustado,2
0.46,0.5941614195764167,sem_pesos_ajustado,2
0.47,0.5896644812957964,sem_pesos_ajustado,2
0.48,0.5872059109469181,sem_pesos_ajustado,2
0.49,0.5807086614173228,sem_pesos_ajustado,2
0.5,0.5776718315454906,sem_pesos_ajustado,2
0.51,0.5710255893612735,sem_pesos_ajustado,2
0.52,0.5650845386025667,sem_pesos_ajustado,2
0.53,0.5595727198027938,sem_pesos_ajustado,2
0.54,0.5561541649399089,sem_pesos_ajustado,2
0.55,0.549175193150971,sem_pesos_ajustado,2
0.56,0.539662447257384,sem_pesos_ajustado,2
0.57,0.5355470412941677,sem_pesos_ajustado,2
0.58,0.5247738043946575,sem_pesos_ajustado,2
0.59,0.5138495092693566,sem_pesos_ajustado,2
0.6,0.5090268604139145,sem_pesos_ajustado,2
0.61,0.5004444444444445,sem_pesos_ajustado,2
0.62,0.4939434724091521,sem_pesos_ajustado,2
0.63,0.49038679031893234,sem_pesos_ajustado,2
0.64,0.4843928001822739,sem_pesos_ajustado,2
0.65,0.47229916897506924,sem_pesos_ajustado,2
0.66,0.46265172735760973,sem_pesos_ajustado,2
0.67,0.4540744229863401,sem_pesos_ajustado,2
0.68,0.439933126343444,sem_pesos_ajustado,2
0.69,0.43050847457627117,sem_pesos_ajustado,2
0.7,0.41999509924038225,sem_pesos_ajustado,2
0.71,0.40634291377601583,sem_pesos_ajustado,2
0.72,0.3960892454249185,sem_pesos_ajustado,2
0.73,0.383756345177665,sem_pesos_ajustado,2
0.74,0.36970474967907574,sem_pesos_ajustado,2
0.75,0.3548051948051948,sem_pesos_ajustado,2
0.76,0.3410283315844701,sem_pesos_ajustado,2
0.77,0.32280329174409345,sem_pesos_ajustado,2
0.78,0.31223175965665234,sem_pesos_ajustado,2
0.79,0.2965779467680608,sem_pesos_ajustado,2
0.8,0.28257284222100054,sem_pesos_ajustado,2
0.81,0.26421404682274247,sem_pesos_ajustado,2
0.82,0.2443566591422122,sem_pesos_ajustado,2
0.83,0.2257142857142857,sem_pesos_ajustado,2
0.84,0.20481578183928054,sem_pesos_ajustado,2
0.85,0.18661971830985916,sem_pesos_ajustado,2
0.86,0.1754593953764078,sem_pesos_ajustado,2
0.87,0.1586061880444578,sem_pesos_ajustado,2
0.88,0.13885505481120586,sem_pesos_ajustado,2
0.89,0.12025901942645699,sem_pesos_ajustado,2
0.9,0.09809434551702594,sem_pesos_ajustado,2
0.1,0.5573716087281175,sem_pesos_ajustado,3
0.11,0.566276386633621,sem_pesos_ajustado,3
0.12,0.5762262483429077,sem_pesos_ajustado,3
0.13,0.5809376983767117,sem_pesos_ajustado,3
0.14,0.5888059701492537,sem_pesos_ajustado,3
0.15,0.5940044057082655,sem_pesos_ajustado,3
0.16,0.5992531446540881,sem_pesos_ajustado,3
0.17,0.6025744167337088,sem_pesos_ajustado,3
0.18,0.6072749691738595,sem_pesos_ajustado,3
0.19,0.6088510459371387,sem_pesos_ajustado,3
0.2,0.6136851136851137,sem_pesos_ajustado,3
0.21,0.6177403478070655,sem_pesos_ajustado,3
0.22,0.6198973901405309,sem_pesos_ajustado,3
0.23,0.6216216216216216,sem_pesos_ajustado,3
0.24,0.620210672531543,sem_pesos_ajustado,3
0.25,0.6221802291248376,sem_pesos_ajustado,3
0.26,0.6231675078106225,sem_pesos_ajustado,3
0.27,0.6241758241758242,sem_pesos_ajustado,3
0.28,0.6225738657436024,sem_pesos_ajustado,3
0.29,0.620108216937209,sem_pesos_ajustado,3
0.3,0.6183858217518806,sem_pesos_ajustado,3
0.31,0.6175483870967742,sem_pesos_ajustado,3
0.32,0.6143380429094715,sem_pesos_ajustado,3
0.33,0.6114565418706178,sem_pesos_ajustado,3
0.34,0.610319806503628,sem_pesos_ajustado,3
0.35,0.6087193460490463,sem_pesos_ajustado,3
0.36,0.6077836047474469,sem_pesos_ajustado,3
0.37,0.6048985304408677,sem_pesos_ajustado,3
0.38,0.6025459688826026,sem_pesos_ajustado,3
0.39,0.6010600200544335,sem_pesos_ajustado,3
0.4,0.5968981011740832,sem_pesos_ajustado,3
0.41,0.5931358169551189,sem_pesos_ajustado,3
0.42,0.5903292791456541,sem_pesos_ajustado,3
0.43,0.5882881533622885,sem_pesos_ajustado,3
0.44,0.5847316704459562,sem_pesos_ajustado,3
0.45,0.5803885574422518,sem_pesos_ajustado,3
0.46,0.5771729044231364,sem_pesos_ajustado,3
0.47,0.5745511319281811,sem_pesos_ajustado,3
0.48,0.5682284271967187,sem_pesos_ajustado,3
0.49,0.5624900239425379,sem_pesos_ajustado,3
0.5,0.5563448498546981,sem_pesos_ajustado,3
0.51,0.5512966889577556,sem_pesos_ajustado,3
0.52,0.547462096242584,sem_pesos_ajustado,3
0.53,0.5422769640479361,sem_pesos_ajustado,3
0.54,0.5375188853449723,sem_pesos_ajustado,3
0.55,0.5348718818937723,sem_pesos_ajustado,3
0.56,0.5290388898406716,sem_pesos_ajustado,3
0.57,0.5223415310010392,sem_pesos_ajustado,3
0.58,0.513575056927658,sem_pesos_ajustado,3
0.59,0.5080545229244114,sem_pesos_ajustado,3
0.6,0.5005370569280344,sem_pesos_ajustado,3
0.61,0.49274836838288616,sem_pesos_ajustado,3
0.62,0.4880014654698663,sem_pesos_ajustado,3
0.63,0.4835489833641405,sem_pesos_ajustado,3
0.64,0.47782333209094296,sem_pesos_ajustado,3
0.65,0.47366440933032355,sem_pesos_ajustado,3
0.66,0.46594574084613927,sem_pesos_ajustado,3
0.67,0.4579976985040276,sem_pesos_ajustado,3
0.68,0.44197819314641745,sem_pesos_ajustado,3
0.69,0.4280078895463511,sem_pesos_ajustado,3
0.7,0.4167664670658683,sem_pesos_ajustado,3
0.71,0.4050837199919306,sem_pesos_ajustado,3
0.72,0.3932217231523071,sem_pesos_ajustado,3
0.73,0.38423442014032194,sem_pesos_ajustado,3
0.74,0.3722581992897431,sem_pesos_ajustado,3
0.75,0.36121109464323525,sem_pesos_ajustado,3
0.76,0.3515825491873396,sem_pesos_ajustado,3
0.77,0.3410417116922412,sem_pesos_ajustado,3
0.78,0.3257443082311734,sem_pesos_ajustado,3
0.79,0.30717937319404315,sem_pesos_ajustado,3
0.8,0.2943158840709953,sem_pesos_ajustado,3
0.81,0.27979981801637854,sem_pesos_ajustado,3
0.82,0.2601062601062601,sem_pesos_ajustado,3
0.83,0.24168618266978922,sem_pesos_ajustado,3
0.84,0.22658467360454115,sem_pesos_ajustado,3
0.85,0.2047092743873138,sem_pesos_ajustado,3
0.86,0.18751518095700753,sem_pesos_ajustado,3
0.87,0.17019183472700442,sem_pesos_ajustado,3
0.88,0.1504733432984554,sem_pesos_ajustado,3
0.89,0.13198992443324936,sem_pesos_ajustado,3
0.9,0.1117061973986228,sem_pesos_ajustado,3
0.1,0.6088457389428263,balanced_ajustado,1
0.11,0.6148796498905909,balanced_ajustado,1
0.12,0.6171251109139307,balanced_ajustado,1
0.13,0.619869925992375,balanced_ajustado,1
0.14,0.6229879845839945,balanced_ajustado,1
0.15,0.6250285975749257,balanced_ajustado,1
0.16,0.6290210599398287,balanced_ajustado,1
0.17,0.6328876378137462,balanced_ajustado,1
0.18,0.6355007119126721,balanced_ajustado,1
0.19,0.639002158791077,balanced_ajustado,1
0.2,0.6408518877057116,balanced_ajustado,1
0.21,0.643329253365973,balanced_ajustado,1
0.22,0.6449543547989144,balanced_ajustado,1
0.23,0.6475858636137382,balanced_ajustado,1
0.24,0.6508816120906801,balanced_ajustado,1
0.25,0.6544248916092833,balanced_ajustado,1
0.26,0.656731757451182,balanced_ajustado,1
0.27,0.6578469520103761,balanced_ajustado,1
0.28,0.6574412532637076,balanced_ajustado,1
0.29,0.6605359957961114,balanced_ajustado,1
0.3,0.6619009796134498,balanced_ajustado,1
0.31,0.6616862326574173,balanced_ajustado,1
0.32,0.6639719752088385,balanced_ajustado,1
0.33,0.6655835364202546,balanced_ajustado,1
0.34,0.6683046683046683,balanced_ajustado,1
0.35,0.6692350027517887,balanced_ajustado,1
0.36,0.672035545681755,balanced_ajustado,1
0.37,0.6722595078299777,balanced_ajustado,1
0.38,0.6730498451140524,balanced_ajustado,1
0.39,0.6745964316057774,balanced_ajustado,1
0.4,0.6754587155963303,balanced_ajustado,1
0.41,0.6765046296296297,balanced_ajustado,1
0.42,0.6789258610624636,balanced_ajustado,1
0.43,0.6809509832697388,balanced_ajustado,1
0.44,0.6797153024911032,balanced_ajustado,1
0.45,0.6796407185628742,balanced_ajustado,1
0.46,0.6813385589388001,balanced_ajustado,1
0.47,0.6829119707584527,balanced_ajustado,1
0.48,0.6836766062096526,balanced_ajustado,1
0.49,0.68445547626435,balanced_ajustado,1
0.5,0.685625,balanced_ajustado,1
0.51,0.6870855699400064,balanced_ajustado,1
0.52,0.6883158229863101,balanced_ajustado,1
0.53,0.6887247028589785,balanced_ajustado,1
0.54,0.6869931884528057,balanced_ajustado,1
0.55,0.6822061720288903,balanced_ajustado,1
0.56,0.6814276272306675,balanced_ajustado,1
0.57,0.6791318864774625,balanced_ajustado,1
0.58,0.6788247213779128,balanced_ajustado,1
0.59,0.6786929884275017,balanced_ajustado,1
0.6,0.6792582417582418,balanced_ajustado,1
0.61,0.678001387925052,balanced_ajustado,1
0.62,0.6783216783216783,balanced_ajustado,1
0.63,0.6751592356687898,balanced_ajustado,1
0.64,0.6692885234179478,balanced_ajustado,1
0.65,0.666908300108735,balanced_ajustado,1
0.66,0.6608058608058608,balanced_ajustado,1
0.67,0.6530763528539659,balanced_ajustado,1
0.68,0.6524024024024024,balanced_ajustado,1
0.69,0.648176291793313,balanced_ajustado,1
0.7,0.6399383191981496,balanced_ajustado,1
0.71,0.6360451537563254,balanced_ajustado,1
0.72,0.6288416075650118,balanced_ajustado,1
0.73,0.6259481037924152,balanced_ajustado,1
0.74,0.6179911254538121,balanced_ajustado,1
0.75,0.6155102040816327,balanced_ajustado,1
0.76,0.6075845012366035,balanced_ajustado,1
0.77,0.5960652992884052,balanced_ajustado,1
0.78,0.5901360544217688,balanced_ajustado,1
0.79,0.5818650623119896,balanced_ajustado,1
0.8,0.5746626033957336,balanced_ajustado,1
0.81,0.5674008810572687,balanced_ajustado,1
0.82,0.5560538116591929,balanced_ajustado,1
0.83,0.5511596180081856,balanced_ajustado,1
0.84,0.5401929260450161,balanced_ajustado,1
0.85,0.5299860529986054,balanced_ajustado,1
0.86,0.5153374233128835,balanced_ajustado,1
0.87,0.5019157088122606,balanced_ajustado,1
0.88,0.48413860419716936,balanced_ajustado,1
0.89,0.4657398212512413,balanced_ajustado,1
0.9,0.44635627530364375,balanced_ajustado,1
0.1,0.5891043397968606,balanced_ajustado,2
0.11,0.5943582804205267,balanced_ajustado,2
0.12,0.5995771670190275,balanced_ajustado,2
0.13,0.604735883424408,balanced_ajustado,2
0.14,0.6086390275667463,balanced_ajustado,2
0.15,0.611635565312843,balanced_ajustado,2
0.16,0.6139163244922872,balanced_ajustado,2
0.17,0.6170140845070422,balanced_ajustado,2
0.18,0.6202329298926695,balanced_ajustado,2
0.19,0.6234246733726443,balanced_ajustado,2
0.2,0.6242977528089888,balanced_ajustado,2
0.21,0.626303317535545,balanced_ajustado,2
0.22,0.6290303248232051,balanced_ajustado,2
0.23,0.6308252427184466,balanced_ajustado,2
0.24,0.6342422009334316,balanced_ajustado,2
0.25,0.6382502796073071,balanced_ajustado,2
0.26,0.6402714932126696,balanced_ajustado,2
0.27,0.6417682926829268,balanced_ajustado,2
0.28,0.6435363659727577,balanced_ajustado,2
0.29,0.6449850396773774,balanced_ajustado,2
0.3,0.6467883882831998,balanced_ajustado,2
0.31,0.6487778958554729,balanced_ajustado,2
0.32,0.6498991257565568,balanced_ajustado,2
0.33,0.6508779093507554,balanced_ajustado,2
0.34,0.6517193947730399,balanced_ajustado,2
0.35,0.6501668520578421,balanced_ajustado,2
0.36,0.6504567814476458,balanced_ajustado,2
0.37,0.6520563540629002,balanced_ajustado,2
0.38,0.6539125431530495,balanced_ajustado,2
0.39,0.6521106259097526,balanced_ajustado,2
0.4,0.6521547286365642,balanced_ajustado,2
0.41,0.652484379648914,balanced_ajustado,2
0.42,0.6518206439963888,balanced_ajustado,2
0.43,0.6510638297872341,balanced_ajustado,2
0.44,0.6497695852534562,balanced_ajustado,2
0.45,0.648171109733416,balanced_ajustado,2
0.46,0.6485218207414359,balanced_ajustado,2
0.47,0.6472073209214263,balanced_ajustado,2
0.48,0.6472089314194578,balanced_ajustado,2
0.49,0.6436522019680594,balanced_ajustado,2
0.5,0.64242621881624,balanced_ajustado,2
0.51,0.6417885911556798,balanced_ajustado,2
0.52,0.641885164288085,balanced_ajustado,2
0.53,0.6388749372174787,balanced_ajustado,2
0.54,0.6373626373626373,balanced_ajustado,2
0.55,0.6344709897610922,balanced_ajustado,2
0.56,0.6321047192559421,balanced_ajustado,2
0.57,0.6318347509113001,balanced_ajustado,2
0.58,0.6291937467064816,balanced_ajustado,2
0.59,0.627708703374778,balanced_ajustado,2
0.6,0.6237021124239169,balanced_ajustado,2
0.61,0.621225818116073,balanced_ajustado,2
0.62,0.614962502286446,balanced_ajustado,2
0.63,0.6102573597481947,balanced_ajustado,2
0.64,0.6066279722898333,balanced_ajustado,2
0.65,0.6028019689511549,balanced_ajustado,2
0.66,0.5958995976240659,balanced_ajustado,2
0.67,0.5891472868217055,balanced_ajustado,2
0.68,0.5880281690140845,balanced_ajustado,2
0.69,0.5793130831844352,balanced_ajustado,2
0.7,0.5743569131832797,balanced_ajustado,2
0.71,0.566877680212375,balanced_ajustado,2
0.72,0.5620483171587859,balanced_ajustado,2
0.73,0.5550199119681408,balanced_ajustado,2
0.74,0.5483050847457627,balanced_ajustado,2
0.75,0.5381974248927038,balanced_ajustado,2
0.76,0.5265225933202358,balanced_ajustado,2
0.77,0.5129682997118156,balanced_ajustado,2
0.78,0.5015730337078652,balanced_ajustado,2
0.79,0.4893956670467503,balanced_ajustado,2
0.8,0.47638888888888886,balanced_ajustado,2
0.81,0.4643527204502814,balanced_ajustado,2
0.82,0.44545454545454544,balanced_ajustado,2
0.83,0.4269717624148004,balanced_ajustado,2
0.84,0.40694789081885857,balanced_ajustado,2
0.85,0.3841093117408907,balanced_ajustado,2
0.86,0.3683127572016461,balanced_ajustado,2
0.87,0.34479139333508263,balanced_ajustado,2
0.88,0.3174006444683136,balanced_ajustado,2
0.89,0.2895530573073759,balanced_ajustado,2
0.9,0.2627450980392157,balanced_ajustado,2
0.1,0.503546597373411,balanced_ajustado,3
0.11,0.5104830053667263,balanced_ajustado,3
0.12,0.5183995327102804,balanced_ajustado,3
0.13,0.5234311177125882,balanced_ajustado,3
0.14,0.528993186979561,balanced_ajustado,3
0.15,0.5347957055688577,balanced_ajustado,3
0.16,0.5394478093290332,balanced_ajustado,3
0.17,0.5453526539108158,balanced_ajustado,3
0.18,0.5499104380394073,balanced_ajustado,3
0.19,0.5535920726672172,balanced_ajustado,3
0.2,0.55747608659171,balanced_ajustado,3
0.21,0.5611044826998466,balanced_ajustado,3
0.22,0.5646305589202284,balanced_ajustado,3
0.23,0.56994545134612,balanced_ajustado,3
0.24,0.5749977692513607,balanced_ajustado,3
0.25,0.5781363306744017,balanced_ajustado,3
0.26,0.582089552238806,balanced_ajustado,3
0.27,0.5859191900253117,balanced_ajustado,3
0.28,0.5885817421867579,balanced_ajustado,3
0.29,0.5908564814814815,balanced_ajustado,3
0.3,0.5930198455371981,balanced_ajustado,3
0.31,0.5958754709498314,balanced_ajustado,3
0.32,0.5970029166247611,balanced_ajustado,3
0.33,0.5988158432013067,balanced_ajustado,3
0.34,0.601098559436211,balanced_ajustado,3
0.35,0.6030879109337255,balanced_ajustado,3
0.36,0.6042353942747686,balanced_ajustado,3
0.37,0.6051127170747492,balanced_ajustado,3
0.38,0.6081258191349934,balanced_ajustado,3
0.39,0.6118246235606731,balanced_ajustado,3
0.4,0.6114849708389413,balanced_ajustado,3
0.41,0.6139872842870118,balanced_ajustado,3
0.42,0.6128660364307125,balanced_ajustado,3
0.43,0.6133364475067149,balanced_ajustado,3
0.44,0.6149479659413434,balanced_ajustado,3
0.45,0.6145920690068288,balanced_ajustado,3
0.46,0.6136833151051161,balanced_ajustado,3
0.47,0.6124154886293792,balanced_ajustado,3
0.48,0.6118380062305296,balanced_ajustado,3
0.49,0.6097714934982956,balanced_ajustado,3
0.5,0.6090619017230376,balanced_ajustado,3
0.51,0.608942879296976,balanced_ajustado,3
0.52,0.6103777284015162,balanced_ajustado,3
0.53,0.6089259700701893,balanced_ajustado,3
0.54,0.6088121066023838,balanced_ajustado,3
0.55,0.6075400054244643,balanced_ajustado,3
0.56,0.6039032435404068,balanced_ajustado,3
0.57,0.602537292625122,balanced_ajustado,3
0.58,0.599943454905287,balanced_ajustado,3
0.59,0.6000572573718866,balanced_ajustado,3
0.6,0.6008695652173913,balanced_ajustado,3
0.61,0.5959255459475304,balanced_ajustado,3
0.62,0.5920877166987701,balanced_ajustado,3
0.63,0.589382123575285,balanced_ajustado,3
0.64,0.5866990586091709,balanced_ajustado,3
0.65,0.5825272531859358,balanced_ajustado,3
0.66,0.5806451612903226,balanced_ajustado,3
0.67,0.5761912250353829,balanced_ajustado,3
0.68,0.574430823117338,balanced_ajustado,3
0.69,0.5704180064308682,balanced_ajustado,3
0.7,0.5651537335285505,balanced_ajustado,3
0.71,0.5573174760488933,balanced_ajustado,3
0.72,0.551436205744823,balanced_ajustado,3
0.73,0.5464388428353917,balanced_ajustado,3
0.74,0.5384087791495199,balanced_ajustado,3
0.75,0.5300660410149461,balanced_ajustado,3
0.76,0.5209549071618037,balanced_ajustado,3
0.77,0.5154343144292893,balanced_ajustado,3
0.78,0.5041955490696826,balanced_ajustado,3
0.79,0.49369436201780414,balanced_ajustado,3
0.8,0.4819913256647181,balanced_ajustado,3
0.81,0.4665002879631407,balanced_ajustado,3
0.82,0.45479345284489475,balanced_ajustado,3
0.83,0.4391597304795878,balanced_ajustado,3
0.84,0.42310789049919484,balanced_ajustado,3
0.85,0.4041109969167523,balanced_ajustado,3
0.86,0.3846637335009428,balanced_ajustado,3
0.87,0.35868866509535036,balanced_ajustado,3
0.88,0.3316538882803943,balanced_ajustado,3
0.89,0.2996406109613657,balanced_ajustado,3
0.9,0.280091533180778,balanced_ajustado,3
