ano,commits,bugs,taxa_buggy
2003,295,17,0.0576271186440678
2004,516,34,0.06589147286821706
2005,717,73,0.10181311018131102
2006,1412,175,0.12393767705382436
2007,2324,347,0.14931153184165233
2008,3203,570,0.17795816422104277
2009,5226,1356,0.25947187141216993
2010,4939,1979,0.40068839846122695
2011,7067,2267,0.3207867553417292
2012,6877,2260,0.32863167078668026
2013,6943,2579,0.37145326227855396
2014,12186,3276,0.2688330871491876
2015,13741,4116,0.2995415180845644
2016,10553,3054,0.2893963801762532
2017,10114,2741,0.2710104805220486
2018,9285,1948,0.2098007539041465
2019,10441,1058,0.10133129010631166
