project,commits,taxa_buggy,f1,precision,recall,falsos_positivos
apache/activemq,2534,0.27032359905288084,0.5476340694006309,0.4822222222222222,0.6335766423357664,466
apache/camel,11938,0.13988942871502763,0.3846815834767642,0.30020147750167897,0.5353293413173653,2084
apache/cassandra,5594,0.3800500536288881,0.6189376443418014,0.6079854809437386,0.6302916274694261,864
apache/flink,6674,0.2734492058735391,0.6742248958815363,0.5835002002402884,0.7983561643835616,1040
apache/groovy,2760,0.29637681159420287,0.4252953439888812,0.4927536231884058,0.3740831295843521,315
apache/hadoop,7226,0.0,0.0,0.0,0.0,3368
apache/hadoop-hdfs,2145,0.8848484848484849,0.7834334492570345,0.9794466403162055,0.6527924130663857,26
apache/hadoop-mapreduce,798,0.8471177944862155,0.7134935304990758,0.9507389162561576,0.5710059171597633,20
apache/hbase,5323,0.5034754837497651,0.7207176125582198,0.6701957009945461,0.7794776119402985,1028
apache/hive,4753,0.6759941089837997,0.8119760479041916,0.7822324776463802,0.8440709617180205,755
apache/ignite,10440,0.1735632183908046,0.5326633165829145,0.47021546261089986,0.6142384105960265,1254
apache/kafka,1286,0.6049766718506998,0.832398753894081,0.8077388149939541,0.8586118251928021,159
apache/spark,1060,0.5037735849056604,0.7304785894206549,0.6621004566210046,0.8146067415730337,222
apache/zeppelin,1107,0.44715447154471544,0.7323671497584541,0.7018518518518518,0.7656565656565657,161
apache/zookeeper,302,0.5397350993377483,0.7959183673469388,0.6812227074235808,0.9570552147239264,73
