modelo,estrategia,parametros,f1_treino,f1_validacao,desvio_f1,gap,tempo_s,ajuste_medio_s,f1_folds,validacao_precision,validacao_recall,validacao_acuracia,validacao_roc_auc,validacao_average_precision,hiperparametros_completos,tempo_melhor_trial_s,trials_completos
Random Forest,Baseline,{},1.0,0.5536396190134257,0.048513073965446164,0.44636038098657427,18.015544399997452,5.394255638122559,"[0.5143312101910829, 0.5245966544590716, 0.6219909923901227]",0.6464205610412689,0.49576700425917375,0.7622789557355647,0.7881295685194004,0.6209716401204558,"{'bootstrap': True, 'ccp_alpha': 0.0, 'class_weight': None, 'criterion': 'gini', 'max_depth': None, 'max_features': 'sqrt', 'max_leaf_nodes': None, 'max_samples': None, 'min_impurity_decrease': 0.0, 'min_samples_leaf': 1, 'min_samples_split': 2, 'min_weight_fraction_leaf': 0.0, 'monotonic_cst': None, 'n_estimators': 150, 'n_jobs': 2, 'oob_score': False, 'random_state': 42, 'verbose': 0, 'warm_start': False}",,
XGBoost,Baseline,{},0.733720411520439,0.5370633797576253,0.06573711328676858,0.19665703176281368,2.902646200003801,0.8485008875528971,"[0.4788678523618283, 0.5033756949960286, 0.6289465919150192]",0.6489520481340931,0.48390427890074256,0.7573934225357938,0.7927405870832674,0.6217832240758002,"{'objective': 'binary:logistic', 'base_score': None, 'booster': None, 'callbacks': None, 'colsample_bylevel': None, 'colsample_bynode': None, 'colsample_bytree': None, 'device': None, 'early_stopping_rounds': None, 'enable_categorical': True, 'eval_metric': 'logloss', 'feature_types': None, 'feature_weights': None, 'gamma': None, 'grow_policy': None, 'importance_type': None, 'interaction_constraints': None, 'learning_rate': 0.1, 'max_bin': None, 'max_cat_threshold': None, 'max_cat_to_onehot': None, 'max_delta_step': None, 'max_depth': 6, 'max_leaves': None, 'min_child_weight': None, 'missing': nan, 'monotone_constraints': None, 'multi_strategy': None, 'n_estimators': 150, 'n_jobs': 2, 'num_parallel_tree': None, 'random_state': 42, 'reg_alpha': None, 'reg_lambda': None, 'sampling_method': None, 'scale_pos_weight': None, 'subsample': None, 'tree_method': 'hist', 'validate_parameters': None, 'verbosity': None}",,
LightGBM,Baseline,{},0.7223243182360876,0.5472385087804921,0.058698979303013155,0.1750858094555955,2.7195383999933256,0.6437583764394125,"[0.49644194756554305, 0.515776106281137, 0.6294974724947963]",0.6491427335965906,0.4951797942325187,0.75996161302343,0.7933207878497596,0.6191672773796082,"{'boosting_type': 'gbdt', 'class_weight': None, 'colsample_bytree': 1.0, 'importance_type': 'split', 'learning_rate': 0.1, 'max_depth': -1, 'min_child_samples': 20, 'min_child_weight': 0.001, 'min_split_gain': 0.0, 'n_estimators': 150, 'n_jobs': 2, 'num_leaves': 31, 'objective': None, 'random_state': 42, 'reg_alpha': 0.0, 'reg_lambda': 0.0, 'subsample': 1.0, 'subsample_for_bin': 200000, 'subsample_freq': 0, 'verbosity': -1, 'deterministic': True, 'force_col_wise': True}",,
Random Forest,Grid Search,"{'max_depth': None, 'min_samples_leaf': 1, 'n_estimators': 150}",1.0,0.5536396190134257,0.048513073965446164,0.44636038098657427,168.90250199999718,6.027939081192017,"[0.5143312101910829, 0.5245966544590716, 0.6219909923901227]",0.6464205610412689,0.49576700425917375,0.7622789557355647,0.7881295685194004,0.6209716401204558,,,
Random Forest,Optuna,"{'n_estimators': 300, 'max_depth': None, 'min_samples_leaf': 2, 'max_features': 'sqrt'}",0.9803034003790868,0.5549392809570063,0.047574797492210615,0.4253641194220805,1388.175997,10.338862101236979,"[0.5128663330950679, 0.5305066188912113, 0.6214448908847396]",0.6565429173744223,0.4916542851872099,0.7651836912964919,0.7928233108619395,0.6295632154944272,,34.3205578999914,20.0
XGBoost,Grid Search,"{'learning_rate': 0.1, 'max_depth': 6, 'n_estimators': 300}",0.8161891271377281,0.545841435621191,0.06286081433851905,0.27034769151653704,23.314006600005087,1.3804008960723877,"[0.4878322725570947, 0.5165071302988865, 0.6331849040075918]",0.6429885074405229,0.49869744440600483,0.757911090007488,0.7903920597474939,0.6220320695990684,,,
XGBoost,Optuna,"{'n_estimators': 200, 'learning_rate': 0.18214744423753768, 'max_depth': 5, 'min_child_weight': 6}",0.7521610611499798,0.5513626853894524,0.05781459916803423,0.2007983757605274,49.607162,0.7284254233042399,"[0.5003239241092087, 0.5215641173087981, 0.6322000147503504]",0.6420174085169935,0.5048937671475836,0.7590354785017794,0.7918702055113674,0.6232678107941562,,2.5422618000011425,20.0
LightGBM,Grid Search,"{'learning_rate': 0.05, 'n_estimators': 300, 'num_leaves': 31}",0.7231428228653375,0.5526318131156817,0.057524141451435674,0.17051100974965583,26.313924800007953,1.0578540166219075,"[0.5038752451209263, 0.520612951062778, 0.6334072431633407]",0.657194137134565,0.4996854371907373,0.7630480937513463,0.7986304835919613,0.6272340076257201,,,
LightGBM,Optuna,"{'n_estimators': 250, 'learning_rate': 0.07902978859187117, 'num_leaves': 27, 'min_child_samples': 60}",0.7320350337138573,0.5609011900928694,0.05152398863924956,0.17113384362098782,73.30132,0.8918654123942057,"[0.5132270255323071, 0.537015503875969, 0.6324610408703323]",0.6549918805919953,0.5123488826536936,0.7640494475538807,0.7997890196293569,0.6329992629156315,,3.837681499993778,20.0
