commit_id,project,data,motivo
885df128e2616f9758911b63cf3d5a3caac44474,apache/groovy,2004-04-15 17:35:18+00:00,binario
4f7235d964be851fc4f00a37ce7bd598077cfd9d,apache/activemq,2006-03-18 00:13:56+00:00,binario
24404740a16d6b7d8afd28845cf30c35abf7406a,apache/activemq,2006-03-28 16:29:41+00:00,binario
90b66ce627577642b6031486769b3bd4a878d348,apache/activemq,2006-04-26 14:45:03+00:00,binario
3a4f3d5bd9afb69f124b8a31adf2229b243cab5e,apache/activemq,2006-07-01 18:37:22+00:00,binario
288f8767c3c22b5c30ade4f844d23f498824c415,apache/activemq,2006-07-07 09:24:38+00:00,binario
003d8de296e6893206b1512fac4ea87b301f0625,apache/groovy,2007-02-23 01:17:01+00:00,binario
77b260b65ba821b3443d922320cc3d9b708c8d83,apache/camel,2007-03-19 10:54:57+00:00,merge_ou_raiz
f4aa5871cb91ae864b07d8a2f363c8971d451cf1,apache/camel,2007-04-05 17:32:34+00:00,binario
e443764dc9a710f11d3ca913da751ff8b812ce99,apache/camel,2007-06-13 12:56:24+00:00,binario
be83fbb9da7a14568dfc74d9e18a153847341705,apache/camel,2007-06-15 07:24:27+00:00,binario
19a83ae3cb32ef0b56bad234ca08a9427b27dbdb,apache/activemq,2007-09-28 09:46:50+00:00,binario
c6b29235e798d68cebbc87d8602da6706ef23c3a,apache/hbase,2008-02-04 21:48:13+00:00,binario
39bff3580b018d0efe00ab39d78da6930c47c43c,apache/hbase,2008-02-05 02:32:22+00:00,binario
a0f73c7efd6ec61dca558ffcd36368e3b3d2b9d7,apache/hbase,2008-03-06 05:09:33+00:00,binario
4aa4ac99e00fad91884b4ac8573a7ebdbb2809b6,apache/camel,2008-04-06 09:04:17+00:00,binario
811655cb6c0d1841e43e160868e27eacef7925e6,apache/camel,2008-04-14 19:31:19+00:00,binario
edc4bf7ec225bba914037a89cf04c6601a8b9c33,apache/zookeeper,2008-04-17 22:37:55+00:00,binario
888e0c5fc576415a7949a938bf1aad4be74984eb,apache/zookeeper,2008-04-29 22:27:32+00:00,binario
9a9e8041610ec05e9a35987ed6b748c4de341901,apache/camel,2008-05-03 16:29:26+00:00,binario
192e43828959bc081e6c2a68232d4a98d72a4cf5,apache/hbase,2008-05-22 20:32:25+00:00,binario
cb9d5865138a114afcaddc51522ee9f0f3f91477,apache/hbase,2008-05-23 06:21:16+00:00,binario
7d87837e08fbcfa59833e3042c7db31402423207,apache/activemq,2008-05-27 16:36:10+00:00,binario
31d99a300ad9b0c66905333c7775321a58345ed6,apache/zookeeper,2008-07-15 23:49:31+00:00,binario
d136ccecaffad74a69b841ad1b2130f74da3ca65,apache/hbase,2008-07-17 01:29:34+00:00,binario
cce7c7b2037a25d224a512e419fa1e0abfb8b9da,apache/camel,2008-07-20 02:50:48+00:00,binario
6ad44e94ffc13f082eace6dbcc431e40d64eb184,apache/camel,2008-07-20 07:12:17+00:00,binario
e30ed932bb10814527d16483059c6247cb9178b5,apache/hbase,2008-08-16 22:04:16+00:00,binario
7e1d49358de61a0ba14165aa60398a187cd1b388,apache/hbase,2008-10-27 18:02:55+00:00,binario
5a0a0df8bbfb73082739b6379ab45403622a4a78,apache/hbase,2008-10-30 16:43:07+00:00,binario
4bd210597d24567c52e2e397531c9037341becf3,apache/camel,2008-11-21 18:09:17+00:00,binario
c7e58735de0823a79cd60c5a97399f1304d88798,apache/camel,2008-12-03 05:48:10+00:00,binario
f11c6a68cad0fac1bc413073fe9eac0004cced61,apache/hive,2009-01-13 02:14:07+00:00,binario
612b76385c0b87793da4dc48a0018de38c08cb7e,apache/camel,2009-01-20 17:43:25+00:00,binario
7fa5fe946b96baa2d49164024beeca20fa5fa050,apache/hbase,2009-01-22 00:21:16+00:00,binario
c746429d2f6a04eeb4975e1e84ee37d53ff66aee,apache/camel,2009-01-22 12:17:44+00:00,binario
6b6fc87188512ff8fb3731a2db7be723200037ff,apache/camel,2009-02-16 13:55:55+00:00,binario
7dd31ec417b318d7f92464e9f457708c5582704c,apache/hbase,2009-03-06 02:20:55+00:00,binario
0388371babb63a3bb0fb32cfdc66ad78da3c1850,apache/hive,2009-03-12 20:19:57+00:00,binario;la_diverge_csv;ld_diverge_csv
ffa0f78830fadd9f3f43cc99ab68b199e5759d87,apache/camel,2009-03-21 03:36:40+00:00,binario
8632f05518ee1a3a6c4fe800ca8eeeb95fcc5b07,apache/cassandra,2009-04-02 19:17:04+00:00,binario
b9bc065e3d9a81b2cb0a0063af8589b642dc00ea,apache/cassandra,2009-04-03 21:27:40+00:00,binario
5ba213e1719cea616fa130576d9c1f35b14106cc,apache/hive,2009-04-10 05:54:47+00:00,binario
5e72feef0e2355830b7c22572d81de7e4fa07dd1,apache/cassandra,2009-04-15 16:28:03+00:00,binario
4ed201b99f168e7a71b7bd9236082d1ce7a1a225,apache/cassandra,2009-04-16 17:47:25+00:00,binario
1e1ccdcfb19a60e50b9393feac7c0322048e20e1,apache/zookeeper,2009-04-17 18:11:43+00:00,binario
ef293c1a6ad591958254f8916814f9ee74cc5ffb,apache/cassandra,2009-04-24 17:52:25+00:00,binario
e0ac9731ca1745053358a4e2406a0362c1e9e2c7,apache/hbase,2009-04-29 22:51:27+00:00,binario
b7091d6cda358a4fe5dac9c27d402e82dba1e424,apache/zookeeper,2009-05-07 22:34:36+00:00,binario
1cd080633bff3e8668f62149316d416698582b35,apache/zookeeper,2009-05-08 05:27:00+00:00,binario
97fc5cb8ef412b6ba145165e45be3e3c64229685,apache/cassandra,2009-05-12 15:26:38+00:00,binario
1ec799dadf104575e4e1b494619622e9e6806faf,apache/groovy,2009-05-14 09:03:05+00:00,binario
88edbed30c5c6ea4acec1e507e76d95bcad379de,apache/cassandra,2009-05-18 15:22:23+00:00,binario
95a0db602b2e0606af11d666d9d10d64766f9ecf,apache/hadoop-hdfs,2009-05-19 04:56:52+00:00,binario
d03d80b6ed6114f4ff762a468c8b72d0ace05eca,apache/cassandra,2009-05-20 14:44:41+00:00,binario
4ac9118f7c7b9162b7ab3ca29ef64c1bbde346a0,apache/cassandra,2009-05-22 15:33:42+00:00,binario
204bc9aa39aac070d1db802a8d61c9741ddfff08,apache/hive,2009-06-02 18:51:20+00:00,binario
384e39f999fec6965cb11c581f797fde4e4ff15b,apache/hbase,2009-06-03 05:47:46+00:00,binario
29aecea97dc64aebe8e0a44ec7f7de5f663bd404,apache/hadoop-hdfs,2009-06-15 22:13:06+00:00,binario
db8964c1a56e5909b5d8155ca199bd5e61e5f87d,apache/hadoop-hdfs,2009-06-16 23:46:37+00:00,binario
624b155cf4b433132ec97b980599de8cf19e3f4a,apache/hbase,2009-06-17 03:46:12+00:00,binario
82ee6e9e708a94dd7eb60ec21d5c97c562f12cd1,apache/hive,2009-07-02 17:57:57+00:00,binario
013d59fc00d7d241abdf5bc0448ce55425c5f112,apache/cassandra,2009-07-06 19:57:50+00:00,binario
4b4459c0d1aef5d22477755c2d20083fc3c51012,apache/cassandra,2009-07-13 20:05:04+00:00,binario
10c33cc48d0df175aa1c4c9c6a50e5ece7dc81bb,apache/hbase,2009-07-15 05:38:40+00:00,binario
31625062d4b5751a9742f026839b3be0cfe9b41e,apache/hive,2009-07-22 23:23:48+00:00,binario
5754a8cc09304fbc115d1f92f5aec0e55c4f7884,apache/hadoop-hdfs,2009-08-12 16:37:13+00:00,binario
bcf1ce30d3bcab69ff7e1d8731a9b9031ce3df4e,apache/hadoop-mapreduce,2009-08-14 16:32:04+00:00,binario
ad69208f2d8a518651653ec2a08d787cf3cc4728,apache/camel,2009-08-17 04:11:24+00:00,binario
7207b8d75d89a93882866c1a96c823ed7d95c7cf,apache/hadoop-mapreduce,2009-08-17 16:45:44+00:00,binario
99a2267e7b50b7bc15441d91f6f38a2edef20a82,apache/hadoop-hdfs,2009-08-19 21:44:37+00:00,binario
51401247c1a2e00638aa3f12a0e924ff85e49ab6,apache/cassandra,2009-08-20 17:24:33+00:00,binario
8d01e499151a40e18df0bdcd414351ab13e998b4,apache/hadoop-hdfs,2009-08-21 22:50:10+00:00,binario
ac427b224961ca0142c4553eddc0828e9fda0c7f,apache/hadoop-mapreduce,2009-08-21 22:50:15+00:00,binario
c4992f48ce9c26ce4fd028240447b4cbe85ecf26,apache/cassandra,2009-08-24 23:39:27+00:00,binario
0f56a255539e884721afe5a31ec605e935774b71,apache/cassandra,2009-08-27 18:11:58+00:00,binario
59ec4109e45d8b84f6f18ea66179840f50de6b25,apache/cassandra,2009-08-27 20:47:21+00:00,binario
97b0a474b4d785eb1f1a68e5d1a463e2636437af,apache/hadoop-hdfs,2009-08-28 01:07:27+00:00,binario
e2af28a6e361ccd5bfea40171dfb84f2d0ac2291,apache/cassandra,2009-09-01 22:25:00+00:00,binario
ab392a6ee7db31fe7a4cf8093e7308057cd47493,apache/cassandra,2009-09-02 15:04:16+00:00,binario
637a38a43dac2cc246a3e002b27bcc72f99a321a,apache/hadoop-hdfs,2009-09-05 22:04:19+00:00,binario
876cdc77bef59a7912716b14caa3e98744bb5b8f,apache/hadoop-mapreduce,2009-09-07 15:52:56+00:00,binario
4c0422d74a5ab590b5a3c89d434d20b2cd6a1c7d,apache/hadoop-hdfs,2009-09-08 18:03:54+00:00,binario
3e96baefd134b8f50edebb6b9e45e1c66cdfd35b,apache/cassandra,2009-09-08 21:21:28+00:00,binario
cb434269c4d216723865dbf12ae8cc6ef88adca7,apache/hadoop-hdfs,2009-09-09 20:40:31+00:00,binario
711e52c2addc58b0aec83f81ff85fbf3ccb1ed76,apache/hadoop-hdfs,2009-09-12 22:11:37+00:00,binario
b80897dbf62c5290489ecd0f1f3254fa1e104fbc,apache/camel,2009-09-14 06:57:29+00:00,binario
1e379558dd4466069d5cd1106a5f9426b702de59,apache/camel,2009-09-14 13:59:50+00:00,binario
fe729c7b09dd1d0a1b8ad1a894ce2884d07c72e2,apache/hadoop-hdfs,2009-09-17 01:24:35+00:00,binario
d063b3e96a051c7726e63998e6d8a4adddee7311,apache/hadoop-mapreduce,2009-09-19 00:26:07+00:00,binario
ff85e557fc8f235f480234076f47231cdd8c5bfc,apache/hadoop-hdfs,2009-09-22 21:41:07+00:00,binario
a0af3515201afcf635100fc1fee6b336e378e8be,apache/activemq,2009-09-23 19:06:58+00:00,binario
9e146f69a97696ccfd68b465758d72856f5b103b,apache/hadoop-hdfs,2009-09-24 00:47:27+00:00,binario
da6d5021d97eadbac9d43638f7d5fc3bd828a59c,apache/hadoop-mapreduce,2009-09-25 00:25:28+00:00,binario
f2809529a9d80906c53ae6931e84255f89ff1f8b,apache/hadoop-hdfs,2009-10-06 07:31:11+00:00,binario
620bfe40bedc30bfcb08d7dcefd20862b8183973,apache/hbase,2009-10-10 00:03:45+00:00,binario
5987e304e55c8bb287a46b68c22765caccd80f75,apache/cassandra,2009-10-21 22:22:26+00:00,binario
ed21d1372c8a8a2983224adbaeea2c837a846505,apache/hadoop-hdfs,2009-10-23 18:46:48+00:00,binario
5195b1ea0d55315eeda978617dffc8b8cb402111,apache/camel,2009-10-28 17:52:34+00:00,binario
ecd4cecd196ac8982db048d8badb11658c6672e2,apache/hbase,2009-10-29 23:05:29+00:00,binario
a5248f95fcaf7bdca33ef4059894c4d371234b0f,apache/hbase,2009-10-29 23:45:57+00:00,binario
0b592f0bd4c1ec906b1fa9f8cc309e2afbdacee0,apache/hadoop-hdfs,2009-10-30 20:02:45+00:00,binario
8e42528bb21e18a61d6f307adb7e1162e89b2fdc,apache/activemq,2009-11-02 16:20:18+00:00,binario
d89e5f13b0eb3a4e6354a6e4bddb8f0537d37a1a,apache/hbase,2009-11-12 05:48:56+00:00,binario
2656fb41777ead897e1dedc1c0b9fb2d03a17178,apache/camel,2009-11-16 08:24:20+00:00,binario
da7f456d458d2a7a65a5fe84ba1285867c90c235,apache/camel,2009-11-19 13:48:14+00:00,binario
0e08b1dc0ce15b2c2a2deba238c81642930b9375,apache/camel,2009-12-07 17:46:49+00:00,binario
459a4f85ba1173210175583aae8e05ea2688ebf4,apache/hadoop-mapreduce,2010-01-08 01:08:01+00:00,binario
0e3f8dd1091c221ee479eed1499f388bd7791005,apache/cassandra,2010-01-20 12:57:16+00:00,binario
9635f547c0972a9960d6c079ff74979c79b705dd,apache/hadoop-hdfs,2010-01-22 19:13:30+00:00,binario
e095e00c31bedfca6421b10bd31576c2bcdd1fe1,apache/camel,2010-02-07 09:38:41+00:00,binario
2f152b53fcd2bcf7122a5c3d00b3df508755d9b9,apache/hadoop-mapreduce,2010-02-18 18:43:28+00:00,binario
ac1ddae4a1d83346d17abac94539e1acd28a0137,apache/camel,2010-02-23 09:00:46+00:00,binario
2b69c401cb80ced5b14860d96a76ba01660d71ee,apache/cassandra,2010-03-01 20:02:34+00:00,binario
32a5d09b3bc5088e32b065fd3c011628ca37dbed,apache/zookeeper,2010-03-09 01:06:15+00:00,binario
0051cd26087492fe393932d9fdac1f7bff8b7ac4,apache/zookeeper,2010-03-09 01:18:55+00:00,binario
dc9671d387830ccdea3faade5e7f388cb10518ae,apache/zookeeper,2010-03-09 04:44:26+00:00,binario
5925a0507ad9b6324cb0f356a1c93b6380d3294d,apache/camel,2010-03-23 08:49:46+00:00,binario
4a03a8d641b22d7e7fddb1b1dcecb46d733972c2,apache/hbase,2010-03-30 22:20:40+00:00,binario
e293d994f6311baedd1b294e0afc50a1faf9a6fc,apache/hadoop-mapreduce,2010-04-08 00:58:02+00:00,binario
5cda3c4582c510075cc62c9f8ff7ac6c7713051c,apache/camel,2010-04-09 05:33:15+00:00,binario
6bb8b641c65185eefd252e1fe38a933fe11bbceb,apache/zookeeper,2010-06-09 15:26:22+00:00,binario
1403db9c949c26e51637f7b65da34eefaa460861,apache/hive,2010-06-24 05:20:23+00:00,binario
7c762bd4b2c8c81913cad51f2fb00d620360b866,apache/hive,2010-06-28 21:37:20+00:00,binario
1a84d983db2623af64c7d1b4c2cfcff276873609,apache/hadoop-mapreduce,2010-06-29 06:45:45+00:00,binario
d849c697a57453f535e28e2372eb79ee5dc641ef,apache/cassandra,2010-07-14 02:47:03+00:00,binario
9e97c20796f6e9aa80f12774867e25232fd59c21,apache/hadoop-mapreduce,2010-07-23 22:04:33+00:00,binario
3a0dadbda466660749bf4483b2d233c9707ee39b,apache/camel,2010-08-05 12:32:13+00:00,binario
378807717cfaee99472dab53ac33e08228295ab6,apache/camel,2010-08-09 11:07:21+00:00,binario
1defd006c34201c9027555216ccc29aee6df7ec9,apache/cassandra,2010-08-13 16:20:18+00:00,binario
b4337499e5c2864adcade4fbdab77cef93dad1b1,apache/zookeeper,2010-08-17 07:24:09+00:00,binario
f93ebf4fa06f355aa1aea653a5b00f7d66b59501,apache/cassandra,2010-08-19 15:50:42+00:00,binario
47069290ecc9909a0732eed13a1380362da2d791,apache/cassandra,2010-09-01 14:01:11+00:00,binario
f7f5877481dc3ca4700bb61214091a92fd49547d,apache/cassandra,2010-10-05 15:43:41+00:00,binario
619d562887608cd0c145a785827dcdc1d2ed74bc,apache/hadoop-mapreduce,2010-10-11 10:28:52+00:00,binario
187761a3229a9d6853090295d966731fb1170458,apache/cassandra,2010-10-22 03:23:51+00:00,binario
52dbb877ea53119be168d39f91c07f3ebbf5e61b,apache/cassandra,2010-10-31 14:37:56+00:00,binario
6879422aae675cfe26a7f3be0d748b97d91b40cc,apache/cassandra,2010-11-09 02:17:44+00:00,binario
2fb849502f57ec29e9913907872183af06a57b3e,apache/spark,2010-12-06 05:20:15+00:00,binario
54eaf2894539073c343b7f7c4a288afdab89939f,apache/groovy,2010-12-11 14:16:13+00:00,binario
23067c7bf1132c6146e3c83943cef6cb202da9f1,apache/cassandra,2010-12-29 14:16:55+00:00,binario
e8151edc282a8ce0fd22f5b3b0b0714b96bd003e,apache/cassandra,2011-01-27 16:06:12+00:00,binario
48a154719683776af3e14b4f4441819d94f441af,apache/cassandra,2011-01-27 16:24:07+00:00,binario
d63f43d1d22c5f5997d3c21c7bdc5c70c201d199,apache/camel,2011-01-28 21:43:25+00:00,binario
68c976b4c617bf8631c22e83102ba1e8d0894c00,apache/hive,2011-02-01 06:33:48+00:00,binario
4bc41ed5e8f1eb7aebf9052ec4e4ab8aacd9882b,apache/flink,2011-02-07 09:18:55+00:00,binario
7f4e3ebc31f8ce94d59903c53ad1e04b82b84355,apache/cassandra,2011-02-07 20:28:10+00:00,binario
c5ee059b06827db76dc1a6fa296f1c583916cbbf,apache/cassandra,2011-02-08 18:24:48+00:00,binario
8118e42eb22d1cbbd60f4a36bf36b4a717473d0c,apache/hive,2011-02-16 18:15:01+00:00,binario
c280e204d1e54188ae930c5fa5784cf8441bea53,apache/cassandra,2011-02-23 03:44:26+00:00,binario
4573205df65406fa249a046df3d16a232a006e05,apache/hadoop-mapreduce,2011-02-28 05:36:52+00:00,binario
944ed31f60499fcb6e5558ac3feb1c2ef0729288,apache/cassandra,2011-04-01 15:19:27+00:00,binario
a287f42ceb1d5eac033e2db2201422801b772e99,apache/cassandra,2011-04-06 16:21:17+00:00,binario
6d2f24cd63fd68732258849800e71637d70ec482,apache/cassandra,2011-04-06 16:33:35+00:00,binario
76fa3204383cb2cb306ea381a163471a392f578e,apache/cassandra,2011-04-12 15:09:28+00:00,binario
58307994b53b38e880173205a59e0c64c5169199,apache/cassandra,2011-04-13 13:59:39+00:00,binario
5acec12441719fbc97c91bd2cab74a6f169517db,apache/camel,2011-04-25 02:52:44+00:00,binario
7f00ea61a1fadc753be001280351787fcb81b769,apache/camel,2011-04-25 02:55:51+00:00,binario
6eded0802b261d575ec1469bdbc227fb6e0d6c22,apache/hadoop-mapreduce,2011-04-28 05:43:20+00:00,binario
1cd9c1d14b868eb0f62ebfffc82e8df85e41c127,apache/hadoop-hdfs,2011-04-28 06:00:55+00:00,binario
089889e92396b33ac0d9867c0a7cbb5837a5dbed,apache/hadoop-mapreduce,2011-05-27 10:33:42+00:00,binario
73bb022de08f9f9353a877593064f13da51115fd,apache/hadoop-hdfs,2011-05-27 23:34:51+00:00,binario
cfdd3c3197b45aff3279e7b75bf98fd7ff48d305,apache/hadoop-hdfs,2011-05-27 23:37:30+00:00,binario
76d18397eeafb47d128604f8bc8a4aef0fbced7a,apache/hadoop-mapreduce,2011-06-01 13:30:36+00:00,binario
eabe26fb82433e2d21d82af4b0ab62c49e9f2089,apache/hadoop-mapreduce,2011-06-05 03:03:30+00:00,binario
32b046bf93e3d041b2bb07a1c9b4e1ef5d977ddf,apache/hive,2011-06-06 21:20:47+00:00,binario;la_diverge_csv
eea03a0a66a8b6593e02fa681d2daea91a2ffaeb,apache/camel,2011-06-14 02:21:03+00:00,binario
7f0064e81bce82b761390b933da89585d95e5b3e,apache/hadoop,2011-06-14 10:18:27+00:00,binario
35d9347bcc475f0ac024b0a8ff9f61ce75792ae3,apache/cassandra,2011-06-16 16:10:09+00:00,binario
05e40b4e18fb1a86fe3e32fe804699d02d058165,apache/flink,2011-07-27 09:09:05+00:00,binario
f8154f7cff5f90a5a6b100974714db9de3158aff,apache/flink,2011-07-27 14:05:29+00:00,binario
c4f7d2f015475673f3a68fe53f333f7cd61757c2,apache/hadoop,2011-07-27 19:08:52+00:00,binario
79dfc61cdfc12793f341e3cc192a9932a52d03ca,apache/camel,2011-07-28 13:52:55+00:00,binario
b95a49c5f9e22225fc0ebc703fd62bd8241bd9d7,apache/cassandra,2011-08-17 21:52:41+00:00,binario
8eb0a938938ca12448ee7944a802589d86b8b66f,apache/cassandra,2011-09-02 20:23:42+00:00,binario
605fc2a8e6f67eba2bc11a74989f2a098f84ed82,apache/camel,2011-09-10 03:23:25+00:00,binario
472723f1cccb8cb1e74ef52e47ccb2fbdc6c3e3d,apache/kafka,2011-10-06 19:48:03+00:00,binario
421ae8504cb11cdb98803b3e4f3d19dbae914759,apache/hbase,2011-10-27 21:05:55+00:00,binario
a7a69786e656f3d5868f29931af07cd23fe35044,apache/hive,2011-11-04 04:15:36+00:00,binario
6307550ce47cffd56055a71c4a83d5e33310e718,apache/camel,2011-11-04 13:41:01+00:00,binario
cec9f823441d1bfeda2b71cc1b8caaafbb0624ba,apache/hadoop,2011-11-09 09:47:50+00:00,binario
116b91cdfb0ffaeb22967014aa58450e7dda07cc,apache/hadoop,2011-11-15 01:48:42+00:00,binario
42c0c5a1acbf80d5e8110d1b17b88a5301b30f3a,apache/camel,2011-11-15 15:29:04+00:00,binario
12b8e3c2878dd9b02a0c1c67e4404edc695430a6,apache/camel,2011-12-02 02:33:04+00:00,binario
aef5e6aa25edd3ec7dbeb063e882db16cae08537,apache/cassandra,2011-12-08 12:07:13+00:00,binario
854c41926c9bb2c1281c3873008b9113ea021720,apache/zookeeper,2011-12-15 00:05:15+00:00,binario
c856f30bc556ccdf5c1f05a0244743eca8100c3e,apache/activemq,2011-12-20 15:12:11+00:00,binario
264d3b7dd0c81fe02baaa09b6e3aaad5ee6d191a,apache/hadoop-mapreduce,2011-12-21 02:58:00+00:00,binario
1dcc4b57ee29c372934b72511302b689cd93c1cf,apache/hadoop-mapreduce,2011-12-23 14:47:23+00:00,binario
bad90afc6f5be37fae11358c949802503e77caef,apache/cassandra,2011-12-27 20:17:17+00:00,binario
298e867673b1bbf33dbde828896ea3a332f4ec7c,apache/hadoop,2012-01-11 06:08:13+00:00,binario
5d454e4102d6893ec252d88d0a27450c94190f3f,apache/flink,2012-01-13 16:33:15+00:00,binario
d1357b4970217e2285153e99dc4191d1be625ef1,apache/activemq,2012-01-27 22:02:13+00:00,binario
42e17b7b7021fc513d89cea6b53555976087638d,apache/camel,2012-02-23 20:48:47+00:00,binario
b7e8dc3b9fa6394fbef7c0b267c0545268c7d923,apache/camel,2012-02-28 03:18:33+00:00,binario
4775adf03686e5e8ad064ead89a3c5fd13c5ba24,apache/hadoop,2012-02-28 06:19:29+00:00,binario
30cffeb388f9065f0c5ce5fa53e127940a8917b6,apache/hadoop-hdfs,2012-03-01 00:37:09+00:00,binario
6fcb614cde3d10bdcea1f7d6e40538037e7fc3f6,apache/camel,2012-03-01 15:50:19+00:00,binario
b6c3a737560e4d4d677814930f36d5ac5aa2b87c,apache/camel,2012-03-05 15:49:58+00:00,binario
9c5ac8ff69db65dd5197062bbf60c10dc2371390,apache/cassandra,2012-03-06 05:46:04+00:00,binario
154daa03a660a62b228000354319390305568b21,apache/cassandra,2012-03-06 06:03:32+00:00,binario
d683a86c4bf34a65420a04751cc810211f311710,apache/groovy,2012-03-07 11:46:17+00:00,binario
8b23dcaef922a9c343bfdb7595d618da4efc9a2d,apache/cassandra,2012-03-26 15:51:47+00:00,binario
64641c28b5ea8538033060452b0c45b7f2eeb60c,apache/hadoop,2012-03-30 00:11:14+00:00,binario
d4f2881b31b9457e393b19ea255e9e323b0ab565,apache/hive,2012-04-02 16:38:13+00:00,binario;la_diverge_csv
ab5848d903985f5ef76cf966b86396090ca7cada,apache/hive,2012-04-12 18:46:48+00:00,binario
b37cd82bd99de3d3654a676e62f620b94d47ff23,apache/camel,2012-04-16 19:03:24+00:00,binario
54e61ffdc0b993063eca8d748999f5c037fdd4c9,apache/hadoop,2012-04-19 01:31:53+00:00,binario
40fa231124b187fc05ef60e0235aae181529c8a8,apache/flink,2012-04-23 16:11:38+00:00,binario
071eff22e0a1c511c53e37ae3b1a58bc60fb96d2,apache/flink,2012-04-23 17:42:40+00:00,binario
d5c86b0ae5ef8a1ff3371d337cf46c19db6dc6dd,apache/activemq,2012-05-04 12:23:41+00:00,binario
f81cc74f5cb749cb68b34c724f50b1200dcf3ad6,apache/cassandra,2012-05-08 17:40:55+00:00,binario
63ab975e1f3e80488f1ebeee097e75aec9d4e429,apache/groovy,2012-05-09 11:37:51+00:00,binario
09634f8ba8cd463c749945bbdf318d0f72b8489e,apache/groovy,2012-05-15 18:23:15+00:00,binario
dcf84707ab50662add112bd6b01c0bfd63374853,apache/hadoop-mapreduce,2012-05-17 15:06:33+00:00,binario
29d97dc2ab8aa14e3d83c1ad48674ed0c89e4939,apache/cassandra,2012-05-21 20:48:37+00:00,binario
4409e03621d4264ffd9fc2e5bfb336e05e91cdfb,apache/camel,2012-05-24 09:29:24+00:00,binario
90170d1594c3a88f0a7b6a25da7161bb7af2e552,apache/cassandra,2012-05-29 10:19:20+00:00,binario
abb165886543672f6a99e1f1ad37e0f04f4fd325,apache/camel,2012-05-31 08:43:57+00:00,binario
267690a140ae7d6dfba169448654f9d15ba2b98e,apache/cassandra,2012-06-01 15:52:46+00:00,binario
21aef92905678f98675fc34aeb4edb0e34a1d6af,apache/cassandra,2012-06-13 17:24:43+00:00,binario
415e2017fb6b0d999d2a7c94fa0b52c223e38705,apache/flink,2012-06-26 09:22:05+00:00,binario
1d71aa8d1a185d2f9e712916430ceff1ad5eafee,apache/camel,2012-08-13 10:23:45+00:00,binario
a11042365f93cf235ecc6f8b1a615cf3edd3e75a,apache/hadoop-hdfs,2012-08-24 22:10:38+00:00,binario
ad92fef073b1507e78ec6cdbaa8e505436511b79,apache/camel,2012-08-27 07:10:10+00:00,binario
c9b028862a61ee2a96fdef6b55c36b03939ceada,apache/hbase,2012-08-28 03:40:47+00:00,binario
06322bba1dd82f7136e66ce1f412ffbe76e3559d,apache/camel,2012-08-29 08:36:27+00:00,binario
2db73e2b7e3ac3c315631704469910a8760eeddd,apache/activemq,2012-10-19 14:28:02+00:00,binario
9fb60af56c6147e49d8e9091c52429028d35e810,apache/hive,2012-10-30 21:35:34+00:00,binario;la_diverge_csv;ld_diverge_csv
bfbe90b39929db4512be95d8931d8884c1c11c9a,apache/activemq,2012-11-07 17:26:31+00:00,binario
9a1ad8c8b32a90ec45bb4ade507bc0168550e259,apache/activemq,2012-11-08 15:51:10+00:00,binario
a68916dcc5e6148304898f3972d40d0cc2f755c7,apache/activemq,2012-11-09 15:42:41+00:00,binario
1236bbf6f455f429d3c1c5996474381a6a649d4e,apache/activemq,2012-11-12 00:15:50+00:00,binario
901a54a6d6c7b6f7276088e67b45f95dcc7b57f7,apache/cassandra,2012-11-13 22:18:07+00:00,binario
7e2ecffd88ddbf6b8aa793dac63556d1871acc81,apache/hadoop-mapreduce,2012-11-15 00:01:07+00:00,binario
5a98e81e8f8b1a02826ae68b3ce23edb0df1d832,apache/groovy,2012-12-06 13:52:12+00:00,binario
df984c4c438971f1fea05d9d1cb00742c0eb64e7,apache/zookeeper,2012-12-12 06:46:25+00:00,binario
bc0aff27a4b781b3af9603251b7e09b43e66368c,apache/hadoop,2013-01-13 11:29:14+00:00,binario
507565e35fb81d914e4e339668e552d31841b28b,apache/hbase,2013-01-23 20:26:11+00:00,binario
e6ef76999f0c560bab619ad002a2758e19176fc2,apache/hadoop,2013-01-31 19:45:28+00:00,binario
b04586e7ebfad28034931739b3980756c63e54d1,apache/hadoop,2013-01-31 19:49:06+00:00,binario
71a57ded39a605166d616fe68f36017cdb0abe3e,apache/hadoop,2013-01-31 20:13:01+00:00,binario
c3f9ee7d918fef6542f82c35c41edf0918f0fc60,apache/cassandra,2013-02-11 19:47:56+00:00,binario
aa7c7d9cd74a8626cfac95c01a9f6ff9801bf45f,apache/cassandra,2013-02-12 18:25:32+00:00,binario
0b83682b40d3bace7bc0d604db46ddec78f2cd4a,apache/cassandra,2013-02-14 22:26:10+00:00,binario
278a5e86001b1fd094da2e0d05ea48e8f7eb9e1f,apache/cassandra,2013-02-18 15:24:23+00:00,binario
a2362971773861cd25bd185c1d87f2611c1e3a0b,apache/camel,2013-03-13 08:30:57+00:00,binario
76759e8f5157c626841578f7e15c2bda6a95e38c,apache/camel,2013-03-17 07:05:46+00:00,binario
58744ceca45203ea4060092b2f94df34f7143864,apache/hive,2013-03-26 04:36:42+00:00,binario;la_diverge_csv
19201622be1db8e166d1cc0dd7e62af4702d2784,apache/hadoop,2013-04-08 23:57:31+00:00,binario
efbdee23705fed6be49a2fb20a79f1aaaa8c98ff,apache/cassandra,2013-04-09 06:08:32+00:00,binario
8ce9edf0409945c81f36c08f0e8e39c1ccb7db4b,apache/cassandra,2013-04-12 02:31:27+00:00,binario
d13f6ebe20aaf5ec31c4298db3e2e761f72e906e,apache/hadoop-hdfs,2013-04-15 21:42:06+00:00,binario
3d557240ae85f626852fe7eb14bf8cfb1077d1b2,apache/cassandra,2013-04-23 15:24:18+00:00,binario
32f4e2ccec259c3a7c9527b538d53464c52cfc11,apache/cassandra,2013-04-25 16:20:12+00:00,binario
1d7ce5b3e95e04881b38b5b84290e6aa6e771c31,apache/camel,2013-05-01 09:02:37+00:00,binario
1798455e92b5f7524d72d0d0f3d21771d71551f0,apache/flink,2013-05-09 16:10:12+00:00,binario
42a39b5d642efc6c593b27e26642a9acb5b84a2f,apache/cassandra,2013-05-15 23:03:49+00:00,binario
6f5d8a56fc026fbf7173cfc364346def3806c7d5,apache/cassandra,2013-05-31 01:05:07+00:00,binario
0db69352e38a9d11393e8c1aba293296507dd597,apache/camel,2013-06-17 15:16:59+00:00,binario
c02953dbc344b39e0eb0d13fe2d899cdcdc46380,apache/hadoop-hdfs,2013-06-20 05:10:39+00:00,binario
eb4fa4a621db43ad9d48b146ee16caf09db7a853,apache/cassandra,2013-06-25 16:48:59+00:00,binario
6770de7ec4f73e16740f1723f4e35d2fef2c22c8,apache/hadoop-hdfs,2013-07-08 05:29:10+00:00,binario
db4da73e58424de64d56d61a7bca10d33fe213d1,apache/cassandra,2013-07-10 02:08:42+00:00,binario
47ac42fdbbd0e2944f44beeb52a8881af98cc341,apache/cassandra,2013-07-10 14:00:15+00:00,binario
daff1fce0f17c03d51e06d1d9a27a70d9785a5a6,apache/cassandra,2013-07-12 13:25:48+00:00,binario
8c7a7e619699386f9e6991842558d78aa0c8053d,apache/hadoop-hdfs,2013-07-30 07:51:38+00:00,binario
1bb756cd23c31811f8c1278aa8f6a38a2ea0abac,apache/camel,2013-08-07 13:45:36+00:00,binario
815b2382a34dc25f005c9cc1bde78e10bc5d2ae0,apache/cassandra,2013-08-08 21:23:57+00:00,binario
c27a161920a2227cd04f8338a75732920694b1db,apache/cassandra,2013-08-10 14:34:07+00:00,binario
29605aedd9e19f2f07042cd0aa6b31b6c94a4aea,apache/cassandra,2013-08-15 10:54:37+00:00,binario
5a0697421efd930146953b1be0f98651b37c5698,apache/camel,2013-08-22 13:07:48+00:00,binario
a8265a2cfba7a7bd5a0d42301ba7aef371c23330,apache/camel,2013-08-27 13:51:44+00:00,binario
14da6bca01754fc4b4cee1398f5f603a1c5543f6,apache/cassandra,2013-08-30 07:30:14+00:00,binario
3205e5dbbc8fb8f365b72137cf1c1ea50f15cab6,apache/cassandra,2013-08-30 18:35:16+00:00,binario
731e97663570510aca81fe183ef455d3ce342d43,apache/hive,2013-09-03 22:11:23+00:00,binario
e45aa788ac5d26113a971275c072d73a83817e42,apache/camel,2013-09-09 16:28:31+00:00,binario
1882d557fd8ad1f409f98a85c2e25d62d0cacb0e,apache/camel,2013-09-22 11:22:35+00:00,binario
32c3f44a684a1208bf9d43c18079ba45aa8e2fa6,apache/cassandra,2013-10-01 19:25:42+00:00,binario
4e9c652c5200d5bf296a5a776d12b6ca4b2d5fab,apache/hadoop,2013-10-01 22:57:59+00:00,binario
c23cd72b4bbcbf5f615636095c69e9a2e39bfbdd,apache/spark,2013-10-12 12:00:42+00:00,binario
5c0c84b3d115880e786063df3b6e5f59eff402a0,apache/cassandra,2013-10-17 20:37:12+00:00,binario
dabc2dbaa006741eacc2e4a7aa389c3975ff8823,apache/camel,2013-10-21 10:05:02+00:00,binario
69e5f90e9febf37d2cdd69c485729c448ac3cabc,apache/hadoop,2013-10-21 19:42:35+00:00,binario
d4b5b0dbc541b4b6249ccd1b507c777d7fc0bc4f,apache/cassandra,2013-10-30 15:14:15+00:00,binario
36cdf34bd92ede5ad99447e10d90e6caa1fd743a,apache/cassandra,2013-10-30 15:17:23+00:00,binario
1eb4f7dec0b693c6a6b66ce8e202fc650a75a8e2,apache/flink,2013-11-03 15:04:53+00:00,binario
f79b3e6b17450e9d34c483046b7437b09dd72016,apache/hadoop-hdfs,2013-11-07 22:07:16+00:00,binario
26f2bd67f2979b16af3593beb412103d254599c4,apache/hadoop,2013-11-12 00:48:55+00:00,binario
477072f7f044971254f0d43a8810d9017afdd762,apache/hbase,2013-11-12 02:44:39+00:00,binario
43704eb715ff72b4341527d455738ca1da991e22,apache/camel,2013-11-12 10:26:58+00:00,binario
9da451cac57f3cd64c2c047675e5b60ca88ecf83,apache/hadoop-hdfs,2013-11-28 07:20:21+00:00,binario
3ad2ccbdd4b34eb8ec4b9804c413450754fbe8d9,apache/camel,2013-12-02 09:51:33+00:00,binario
29e67aed62a437f07744285bd3fdfe9fca675c51,apache/flink,2013-12-04 18:24:02+00:00,binario
991c453ca3ac141a3f286f74af8401f83c38b230,apache/hadoop-hdfs,2013-12-17 18:47:04+00:00,binario
578dae9ef39eef046b0a0ff9cd830c753a98afad,apache/hadoop,2014-01-15 01:06:53+00:00,binario
29d5dd03ae7f6b4741e07ce01014acaca93a6e6e,apache/cassandra,2014-01-15 02:23:35+00:00,binario
e02ded811f0906e1747b69b2d181e43426d2e143,apache/hadoop-hdfs,2014-01-16 02:28:10+00:00,binario
a7fbbc95517eb0a2c7c3557aa1a3fc87cae1b12d,apache/flink,2014-01-24 14:35:17+00:00,binario
ed07738ac3dd6abc1a515913bf92287ca02da389,apache/camel,2014-02-03 09:12:45+00:00,binario
d6bd920bba0d7cb77ca76c3a79d1ba1e039da9e5,apache/hadoop-hdfs,2014-02-05 06:48:00+00:00,binario
88bef0cbf39dd5c87ca9575d47123c99b0f6e1f7,apache/cassandra,2014-02-07 04:22:28+00:00,binario
b75ed1c34b11bfbe7cbb3af72e08d5f9843c2dbe,apache/cassandra,2014-02-08 12:22:13+00:00,binario
1272f96c7210ec44ea6934eeabd198c3b81207c0,apache/camel,2014-02-12 03:18:11+00:00,binario
0d0acac6c59d3fa703a3d504f9cfd063e4d111b7,apache/cassandra,2014-02-12 17:27:32+00:00,binario
e291c7905f7a0691c4117a3ad6ed0bbefb65dcda,apache/hadoop,2014-02-13 17:52:26+00:00,binario
f64b31c426b53c264e65180e858f0c283cf5edb2,apache/cassandra,2014-02-15 16:18:12+00:00,binario
ee020c94465a1f43e5df26659f858720b33b8b60,apache/cassandra,2014-02-15 17:38:51+00:00,binario
1828b929c2ea11b3a39373cf50dcdb17eecf10d0,apache/cassandra,2014-02-17 16:23:04+00:00,binario
500c62d6b98f5b5c15b91f1d38f0132b846c6b48,apache/cassandra,2014-02-18 17:21:13+00:00,binario
4d024ca9dc64d7b65171446e5c4b668eb6b7e34d,apache/ignite,2014-02-21 09:30:14+00:00,binario
0ad6cdd03149eefbbbeba5df633bae65d4ee8916,apache/hadoop,2014-02-21 20:02:27+00:00,binario
732a0d4abebce7aa3c68f4a900f9469422c622bd,apache/ignite,2014-02-23 10:54:10+00:00,binario
89c66e95fe9f58e16b1d2b9319c88e2e0c9ee6aa,apache/ignite,2014-02-25 03:13:58+00:00,binario
b10b902febcfb1a2307d9b3786ac2ad2b8a86310,apache/ignite,2014-02-25 15:26:54+00:00,binario
6cd4299723f13368cf23cff5831bf9404ef55b03,apache/flink,2014-02-26 13:57:12+00:00,binario
a45fa89984f84bc8ddcbf8a29652319ae82b73c3,apache/camel,2014-03-10 18:36:37+00:00,binario
a4efe573090eb28c4bdffe1c6d730ca6445deb88,apache/flink,2014-03-18 21:18:24+00:00,binario
cbf304ebd0436a321753e81231545b705aa8dd23,apache/cassandra,2014-03-20 17:23:53+00:00,binario
9dab514b22f49322738935cfd915c2b4eba50b88,apache/hadoop-hdfs,2014-03-20 23:06:06+00:00,binario
c09a757bc6e131cef469b47eed41b4012f86923c,apache/camel,2014-03-21 08:54:50+00:00,binario
c08ea5d2da7c7e60dca0b6b78e3fe6686cbfb96c,apache/flink,2014-03-25 00:33:01+00:00,binario
74c5a6c29c451b597a71d98e0383ed5eb8f28432,apache/ignite,2014-03-26 14:15:14+00:00,binario
0f6f2e32b760c8fc2bcfcc1eeea4104040c90ff3,apache/camel,2014-03-27 21:19:23+00:00,binario
2cede1b408cde976e691bef9327f05320d71e365,apache/hive,2014-03-29 00:01:32+00:00,binario;la_diverge_csv
2bf538ea997780e19b6115b0f96a186b56a748ad,apache/hive,2014-04-02 03:44:14+00:00,binario;la_diverge_csv;ld_diverge_csv
a6114453683de72be38ef32ea338e00799be2df6,apache/hive,2014-04-09 17:29:14+00:00,binario;la_diverge_csv;ld_diverge_csv
b5bb928ea3923b913d6a227d14f73f2141846290,apache/ignite,2014-04-22 15:34:35+00:00,binario
b4c08992f4f62eb3921f7baaad319e99b6714c54,apache/hive,2014-04-28 15:40:31+00:00,binario;la_diverge_csv;ld_diverge_csv
31ec7e5b1dab20bc38b32ae6c70cb36e0723e850,apache/camel,2014-04-28 20:49:04+00:00,binario
b739f0a2c0d1997bed9b7fa28457ee1f48f545f8,apache/hive,2014-04-29 01:10:34+00:00,binario;la_diverge_csv
5196362eb7e7555f06c730e0b9fa8c885d3fe03e,apache/flink,2014-04-30 16:08:22+00:00,binario
375f13eed7be48abb3f548209b87ba45501559a9,apache/camel,2014-05-06 10:44:21+00:00,merge_ou_raiz
f97369337c6c7073645f004acbfd28dd94134dca,apache/ignite,2014-05-06 10:56:36+00:00,binario
e0d69844d15a16cf4fcf47575e73359332f3b271,apache/hive,2014-05-08 15:33:42+00:00,binario
04adfaad553a0079f5cc0ecf36037593997691e9,apache/hive,2014-05-09 22:59:44+00:00,binario;la_diverge_csv;ld_diverge_csv
3496bdeff7b3c64100df8e38c4a440a35e4253b7,apache/flink,2014-05-11 23:19:53+00:00,binario
760e9cca47d0656d27e9d90828bdaac687bfa9b1,apache/ignite,2014-05-16 12:35:42+00:00,binario
987706266d75a4acb34a19a3a96ba6b36e0bd7f2,apache/flink,2014-05-16 20:14:37+00:00,binario
47d160acdfe5155ac3c91bb955c4f81962c55146,apache/hive,2014-05-24 17:11:11+00:00,binario
585ef8576414ba3082452093dd5a698ca217b5be,apache/ignite,2014-05-26 11:16:45+00:00,binario
8677d1fec5d2f639a93e0ffa3f90636bdce902c1,apache/ignite,2014-05-31 09:30:48+00:00,binario
ff2eebfe0d1c49c305a6931f2abdf5727e5e29fb,apache/hive,2014-06-01 22:12:01+00:00,binario;la_diverge_csv
e47744aa5258ba8a386dbe97bead4dabcf4003f7,apache/groovy,2014-06-04 06:36:30+00:00,binario
d80b929f57e3a52a4ce688acd19159236a697c7e,apache/flink,2014-06-05 14:53:27+00:00,binario
e1e559d85feba642e75b70bee5a97a070a291d2a,apache/hive,2014-06-05 17:38:42+00:00,binario;la_diverge_csv;ld_diverge_csv
4722fe70aa9ae1b62772cfa1a1de58ef289445d5,apache/cassandra,2014-06-05 18:15:32+00:00,binario
7b2901bab146d3904ac99f0333536568b72e3b02,apache/hive,2014-06-06 22:58:59+00:00,binario;la_diverge_csv;ld_diverge_csv
e8ef95bafc342a3145dabf219db85e4cd3015a96,apache/hive,2014-06-08 18:11:41+00:00,binario;la_diverge_csv;ld_diverge_csv
3555d03f95f4b9e2a18184ec7bb7371aaaff31a8,apache/hive,2014-06-10 03:01:43+00:00,binario
58df64d99241ca1ddf1de66ebe3c2f821cc3925e,apache/hive,2014-06-17 17:59:25+00:00,binario;la_diverge_csv;ld_diverge_csv
53e9565fce4590d8b996c199a88b2db128d9f0f2,apache/camel,2014-06-23 04:05:57+00:00,binario
2b19f72be117d163444e75eb1efbf389e055811b,apache/hive,2014-06-25 03:41:04+00:00,binario;ld_diverge_csv
ce7d19f6ff4d31222d15eac02eb2ec9901c41acc,apache/ignite,2014-06-26 17:44:58+00:00,binario
a96fc4763adf120ad7b90fbccbc37c67e52fe5ad,apache/ignite,2014-06-28 16:11:10+00:00,binario
d29822c41e32b0e07bd07647ca947b33b32e32c3,apache/hive,2014-06-30 20:51:42+00:00,binario;la_diverge_csv;ld_diverge_csv
74846bb2b40e6183f2accdcab388c2d309c1eaad,apache/activemq,2014-07-07 16:28:11+00:00,binario
906314eac0b6344ded9d243722271b689820130c,apache/hive,2014-07-08 21:48:41+00:00,binario;la_diverge_csv
9a4b04fd7b3146ed17b7f532d748c0cad27e40d2,apache/hive,2014-07-09 02:36:48+00:00,binario;la_diverge_csv
ff6453cdd9d230d75772f973d32eb36ac98a18a6,apache/hive,2014-07-09 16:56:54+00:00,binario;la_diverge_csv
76273ec28fa69d76d7d5aee86984bab432b9379d,apache/flink,2014-07-09 22:52:36+00:00,binario
048923de23bf9e9847b1e6c5ad502893df162163,apache/hive,2014-07-14 16:01:11+00:00,binario;la_diverge_csv
df3890995f50c796a06e1d583fccef45ebb15b52,apache/ignite,2014-07-15 07:19:55+00:00,binario
4da588d4fcc65dd8d31f751746b8ef42d86aad1b,apache/activemq,2014-07-17 15:12:52+00:00,binario
ef9ad18006aa94646330d5dbd1c802bd6f5b08f5,apache/hive,2014-07-19 17:17:42+00:00,binario;la_diverge_csv
0a736fbc177df0c9d49922ab389c32fda4a06740,apache/hadoop,2014-07-21 13:38:06+00:00,binario
22d5e423de32b071ab80f074de099478118ddee3,apache/camel,2014-07-22 13:25:17+00:00,binario
b1da9b9e444cebc709b50b9eb164d22ddf913779,apache/hive,2014-07-23 15:11:53+00:00,binario;la_diverge_csv;ld_diverge_csv
1270b10971a7953c11d101ce04684646f65d7944,apache/hive,2014-07-24 21:59:56+00:00,binario;la_diverge_csv
e171254d56bfff467a67a6cf9160595c941f50c0,apache/hadoop,2014-07-24 23:42:06+00:00,binario
e1bac59671878a1537946196f2c5176bee6312f7,apache/hive,2014-07-30 23:50:11+00:00,binario;la_diverge_csv;ld_diverge_csv
1ba3f8971433cdbc3e43fd3605065d811dab5b16,apache/hadoop-hdfs,2014-08-01 20:41:05+00:00,binario
8ffc36f7be4ae440197d0ef9e38f8cfce7b5c6e1,apache/hive,2014-08-05 16:11:44+00:00,binario;la_diverge_csv
2e5c28f8c927f2caf6dcffc9070671089c5f771f,apache/hive,2014-08-12 02:13:01+00:00,binario;la_diverge_csv;ld_diverge_csv
5ba89befedd3fbe9150896738a391d0d0e93e529,apache/hive,2014-08-23 00:53:53+00:00,binario;la_diverge_csv
2ad327d38514145b8894921eb7b658357c785767,apache/hive,2014-08-23 22:51:40+00:00,binario;la_diverge_csv
d5cd15e537900b3669e4f74f7bb1aeac339ecda5,apache/hive,2014-08-25 21:56:13+00:00,binario;la_diverge_csv;ld_diverge_csv
d03378d97466e16634ae7d8e56e394c5879d927e,apache/hive,2014-08-29 17:16:39+00:00,binario;la_diverge_csv
511129ddbda694bebcd7502d1760f3587b8adf8b,apache/cassandra,2014-09-03 19:37:15+00:00,binario
54767d3ff410cafd404e9c15c4db7b9512eb02d7,apache/hadoop-hdfs,2014-09-05 19:05:22+00:00,binario
87da29dec6ed9bea3e8461561b88e86d1af88b36,apache/hive,2014-09-06 17:20:46+00:00,binario
ffda80ee7a1c9305050071f2207a7c2905069f47,apache/camel,2014-09-08 11:36:09+00:00,binario
04915a08141bbe71bdef26e3f539aa8b76f89ac7,apache/hadoop-hdfs,2014-09-08 23:59:30+00:00,binario
349a5db6059cbaacb400b45212a7cfae6cbc8b0c,apache/ignite,2014-09-09 02:45:12+00:00,binario
a7693b6b6c953414e86bb2f968340eb28e6b8b6f,apache/hive,2014-09-16 02:02:48+00:00,binario;la_diverge_csv;ld_diverge_csv
87b6d3328b961c2712c5ef6f8e6505df6ebfdaef,apache/hive,2014-09-19 23:12:31+00:00,binario;la_diverge_csv;ld_diverge_csv
3d178610e2f74d14bff984b246b0007e3679b6a6,apache/hive,2014-09-23 17:53:00+00:00,binario;la_diverge_csv;ld_diverge_csv
aad8f6e4da4ba72ee83f51ce2398ef5d6e2ee8d9,apache/hive,2014-09-24 02:38:04+00:00,binario;la_diverge_csv;ld_diverge_csv
c1cbe887374210eaba32ff0d0add5b2b4be88083,apache/camel,2014-09-24 10:16:54+00:00,binario
380273826d05913d4b80b73e0db2ea49711b17c7,apache/cassandra,2014-09-25 01:33:29+00:00,binario
9f4fafba6423b68ae0fa023c160b3d74818dee17,apache/ignite,2014-09-25 05:39:58+00:00,binario
4d2ef78614171f4ff9e9146833d3938577f87611,apache/hive,2014-09-26 03:50:23+00:00,binario;la_diverge_csv;ld_diverge_csv
378f0b3b3f56cac63e8432fb27e962474fba5814,apache/hive,2014-09-29 05:38:05+00:00,binario;la_diverge_csv;ld_diverge_csv
0a17518fce0d2a1458ba7cb70123c343b1df68c1,apache/hive,2014-09-30 17:53:44+00:00,binario;la_diverge_csv;ld_diverge_csv
9e9e9cf71100fe7ceebd5a5ac27b164059b708c9,apache/hadoop,2014-10-01 01:10:13+00:00,binario
3a46e15f0a474f7397828cffe48e30f93ebd31ba,apache/hive,2014-10-02 01:46:46+00:00,binario;la_diverge_csv;ld_diverge_csv
71d75cfd2b9b98b3f6e93a96bf6c1bb189364452,apache/hive,2014-10-02 14:10:19+00:00,binario;la_diverge_csv;ld_diverge_csv
398e9b83f2ba9c1111875f4a3872b16495121b25,apache/hive,2014-10-02 14:19:45+00:00,binario;la_diverge_csv
2279d49e96aa7cabf2702f239a8b6500c58a7bac,apache/cassandra,2014-10-02 17:47:08+00:00,binario
dacddd266808e70edc65c86f5d7c34809a213572,apache/cassandra,2014-10-08 20:12:30+00:00,binario
758db365683876f914af80187b1e890f98ec20a1,apache/flink,2014-10-09 08:30:52+00:00,binario
861c4cf2de9075c721945fb7ef84a23030a4f35a,apache/cassandra,2014-10-09 16:32:57+00:00,binario
f17441b513749e3d94f8ccdd510eb90838efa96b,apache/hive,2014-10-10 18:43:08+00:00,binario;la_diverge_csv
7cb78fbb040ed52a89b6ccdd84345cbf6c4d3a86,apache/hive,2014-10-13 22:23:06+00:00,binario;la_diverge_csv;ld_diverge_csv
b94c87a1816b5fc370d14dbc001eaca5b7c720e8,apache/cassandra,2014-10-14 07:49:25+00:00,binario
4c78e449c8acbe854a9409321e9ea5625778ed72,apache/camel,2014-10-15 16:10:00+00:00,merge_ou_raiz
18fe6fabdcc24d5826dcc3f98d247cc38beaab56,apache/hive,2014-10-16 15:19:47+00:00,binario;la_diverge_csv
e77cbf3f8904541df8859784fb5b99a87b3b7166,apache/hive,2014-10-22 16:31:12+00:00,binario;la_diverge_csv;ld_diverge_csv
0e99a8c8a8cb3d6f7d68090b4156cf04ba0e90eb,apache/hive,2014-10-27 21:36:45+00:00,binario;la_diverge_csv;ld_diverge_csv
d50564325da94648998e14e1a4bb0a27da7fdfaf,apache/hive,2014-10-29 04:10:23+00:00,binario;la_diverge_csv;ld_diverge_csv
21fbf5231e92f941af94252c125b94c9bf2b24f1,apache/hive,2014-10-30 02:50:09+00:00,binario
b5fb812f6966280fe76b50c6afd6dc5186d4a79a,apache/hive,2014-10-31 02:33:08+00:00,binario;la_diverge_csv;ld_diverge_csv
ec78c692b655922a78f8c2584253707c80dc887d,apache/camel,2014-10-31 08:48:15+00:00,binario
543993b9a1fef99798eda2f1dd90d805230d0230,apache/hive,2014-11-01 19:25:04+00:00,binario;la_diverge_csv;ld_diverge_csv
4f863be3f7d3c28d090ce5a428211906d95ff4f8,apache/cassandra,2014-11-05 20:28:24+00:00,binario
5236303e0e54454345a5b5a12209cd71b3876ef1,apache/hive,2014-11-07 07:40:01+00:00,binario;la_diverge_csv;ld_diverge_csv
1bb2dd906c1da04be602aa1cec988c4e15bf1ffc,apache/cassandra,2014-11-21 20:54:47+00:00,binario
f48314d5281f1d0823de4a99843a62fc89d3c3c4,apache/hive,2014-11-28 04:59:50+00:00,binario;la_diverge_csv;ld_diverge_csv
469a6e5f3bdd5593b3254bc916be8236e7c6cb74,apache/spark,2014-12-04 09:00:06+00:00,binario
c9c2656a3db591193eb77e9583b61e283be19315,apache/hive,2014-12-09 02:23:08+00:00,binario;la_diverge_csv
0350c9ffeff69543ec846a92119f852472dddfff,apache/hive,2014-12-11 17:34:07+00:00,binario;la_diverge_csv
50021c50c23df3b414acea0f4d57ef0f8fb11396,apache/hive,2014-12-15 17:33:41+00:00,binario;ld_diverge_csv
f1b97c7f00c5ee4cd8d6f92b684c97b009a39863,apache/hive,2014-12-16 05:17:09+00:00,binario;la_diverge_csv
7e026b1760d8ebe7353a2fc288a7e05c96193a4f,apache/hive,2014-12-16 05:23:05+00:00,binario;ld_diverge_csv
c7fef543e7cebe4be1b06ef3a905c32855fcf82c,apache/hive,2014-12-16 05:24:00+00:00,binario;la_diverge_csv
476eefd89aa55449ba0f4034e8295c5810e91426,apache/hive,2014-12-17 02:54:52+00:00,binario;la_diverge_csv;ld_diverge_csv
78c6f17ea033091109ba5bda79e7d1187be2d102,apache/hive,2014-12-18 19:58:10+00:00,binario;la_diverge_csv;ld_diverge_csv
cc067076cf048a68ed868a1a964d6f74d024876e,apache/hive,2014-12-19 00:30:41+00:00,binario;ld_diverge_csv
39fb7c945359465ce5241539559daac416e210b8,apache/flink,2015-01-08 15:42:08+00:00,binario
7e9358feb326d48b8c4f00249e7af5023cebd2e2,apache/hadoop-hdfs,2015-01-13 06:50:04+00:00,binario
a5a033c7ca130528f8c509b035fc090ad4eb981a,apache/hadoop,2015-01-15 01:42:59+00:00,binario
410f9e5e448fce21a59fc94031dd52d3a9bb8d4b,apache/ignite,2015-01-21 10:40:11+00:00,binario
dfd78d0e90b9995872b00f6f33afc180f2b7cba1,apache/cassandra,2015-01-21 19:50:35+00:00,binario
d34074e237ee10b83aeb02294f595714d43e39e4,apache/hadoop-hdfs,2015-01-22 22:08:20+00:00,binario
69feb3925b971e281ebd164cfc504d77ba20a138,apache/ignite,2015-01-25 15:49:44+00:00,binario
2848db814a98b83e7546f65a2751e56fb5b2dbe0,apache/hadoop-hdfs,2015-01-27 20:58:10+00:00,binario
55ad7332bd63748515a62ad227721eba2a696658,apache/hive,2015-01-30 07:49:08+00:00,binario
825871431ec48036fd3e3cd9625c451b50cbe308,apache/hbase,2015-01-31 03:12:17+00:00,binario
673760208f800118608cf372ff3052fcd9ecb14b,apache/ignite,2015-02-05 14:49:45+00:00,binario
5dae97a584d30cef3e34141edfaca49c4ec57913,apache/hadoop-hdfs,2015-02-11 18:41:50+00:00,binario
7ae5255a1613ccfb43646f33eabacf1062c86e93,apache/hadoop-hdfs,2015-02-20 15:09:02+00:00,binario
0d2ec11c7e0abfb84d872289af6d3ac386cf381f,apache/cassandra,2015-03-05 09:57:03+00:00,binario
66a5d3bbe4b05c2bc615257d48e0736d55f22b4e,apache/cassandra,2015-03-09 14:10:53+00:00,binario
107545b3929c32c61e7d00c6ca448c10046db792,apache/cassandra,2015-03-09 17:20:28+00:00,binario
9cf45b43f9e365d5eb58bf8ec08dd90b22294e1c,apache/ignite,2015-03-10 10:58:38+00:00,binario
a9fc9b6b38d69e1856279fd295ef2a2765d651ac,apache/ignite,2015-03-12 10:38:40+00:00,binario
3e3905ba5d6b8cbaa7ecc2f0b5bc035cd99165be,apache/ignite,2015-03-13 10:34:59+00:00,binario
af814bd812c1bad13f413004895de5ea1c781f78,apache/zookeeper,2015-03-17 17:06:07+00:00,binario
a672097db4cdddc78baa16de6990c45bfc2e25aa,apache/cassandra,2015-03-23 17:44:30+00:00,binario
9febb6ef24e5939260190d96b83b81d4d7f6961a,apache/hive,2015-03-30 00:06:46+00:00,binario
0fd174b928d2b37dcd0279b9e74c8b2a49657af1,apache/activemq,2015-03-30 14:39:15+00:00,binario
2cbbd3287252fd33472ae52cfa6a6b38b3b1c39e,apache/flink,2015-04-02 18:07:58+00:00,binario
e1618e287885390c9ea1d4954ea18eeed5783b4a,apache/flink,2015-04-21 12:02:54+00:00,binario
7f29201ce2b003ee67658afaa1a1f9840e8c6d3a,apache/cassandra,2015-04-21 13:42:31+00:00,binario
194bad22f71da3007a7f9ab5561d6f211d140c45,apache/cassandra,2015-04-28 12:18:36+00:00,binario
0282cd550ca119b7fab1d8c6d8ccc1054c316c03,apache/cassandra,2015-05-15 15:28:21+00:00,binario
9810e61b1bcfde63d3156beed6f8043ef70a283d,apache/activemq,2015-06-03 02:01:35+00:00,binario
b6a31fb5b9f955a159752a09014a13c776fe3e1f,apache/cassandra,2015-06-03 10:54:59+00:00,binario
16b02887df63ab7c4c6ced6c28225928fbe05451,apache/cassandra,2015-06-04 09:17:05+00:00,binario
514dcd944c400a8a540962f54e16561d56496425,apache/cassandra,2015-06-16 22:39:00+00:00,binario
a13399279b4e863779af938fb4f7da9abc4755d2,apache/cassandra,2015-06-18 16:02:45+00:00,binario
a384faaa8aa2c5f0f313011a30ef64e7e795ab1e,apache/cassandra,2015-06-24 16:47:59+00:00,binario
26bd5124efbc08a657e703b3f9776d9fd6ba6c22,apache/cassandra,2015-06-25 18:28:31+00:00,binario
53c6570ad562b5af12ec45b80820fd6b70345e8f,apache/groovy,2015-06-28 11:43:21+00:00,binario
23fd75f27c40462636f09920719b5dcbef5b8f36,apache/cassandra,2015-07-05 15:14:36+00:00,binario
785b16bf9ef19180e7c9783442f4a125b44255e1,apache/activemq,2015-07-07 18:03:27+00:00,binario
8871b0e496bae1396fb7323b01d7f715b4a211f7,apache/activemq,2015-07-08 16:10:11+00:00,binario
8c22b4a81f6a8d6dabdca9745ac559302604571a,apache/cassandra,2015-07-09 15:31:31+00:00,binario
100b2f408d9169e90b222c039e32021fa4638a1a,apache/camel,2015-07-15 08:56:18+00:00,binario
177e0dcbe43f494f458e11adf0fd3ec413627772,apache/cassandra,2015-07-15 13:24:35+00:00,binario
10f3ff6616599fa849a95cd75bc6d9b7dd331153,apache/camel,2015-07-17 07:36:14+00:00,binario
6473653e65dc73a0bf88804211689898cc2614e2,apache/camel,2015-07-17 07:42:16+00:00,binario
dc8523819ff549acd0c902dc1d118cc404718003,apache/cassandra,2015-07-17 21:14:08+00:00,binario
604d2d8c2f5b6176608f7dad827237f465980ac4,apache/camel,2015-07-18 06:43:34+00:00,binario
72b5dc980b64fee10c886c37adcd0e878f889d91,apache/flink,2015-07-22 12:39:36+00:00,binario
5f4cc45cdb9c4da3bd78c1714738dd39b4768ace,apache/cassandra,2015-07-29 17:25:48+00:00,binario
df3b6027bc90c658963e7bf72933b1507c6c6beb,apache/cassandra,2015-07-30 15:09:07+00:00,binario
1774eb9a8632fc68ec5e4ea0fd4ce237b74d0f51,apache/cassandra,2015-07-31 18:36:23+00:00,binario
37160e109ede17c8cbffd553fcb24efa8d43b141,apache/cassandra,2015-08-01 14:14:04+00:00,binario
72f5fbd23665f527305d6e32280acec209e749ff,apache/cassandra,2015-08-03 23:42:38+00:00,binario
47341eb6aaca318d0ffc0e9f906b98db50b9e9ff,apache/cassandra,2015-08-04 01:33:15+00:00,binario
765ab3fc3b9f4e891c257f36f117ddf4232da6be,apache/cassandra,2015-08-06 12:36:07+00:00,binario
0dd50a6cdc81ec9ff1367238876d476affcf60e2,apache/cassandra,2015-08-06 13:23:20+00:00,binario
ef5962442e7e00646ed5e67486f2cfee504ce961,apache/cassandra,2015-08-06 14:08:05+00:00,binario
76ca69717c3072996095057115133ca3b6ca25cd,apache/cassandra,2015-08-11 01:21:47+00:00,binario
06c130e3cb85577041b475084400c08c505d8f9e,apache/cassandra,2015-08-18 13:59:44+00:00,binario
fce8478ff43232d7e3623e457b1252f9700b451d,apache/cassandra,2015-08-19 01:13:26+00:00,binario
d12d2d496540c698f30e9b528b66e8f6636842d3,apache/cassandra,2015-08-19 01:16:31+00:00,binario
2051db4b46b7b423915fa77cad7f54e71358e659,apache/camel,2015-09-03 20:55:43+00:00,binario
ce63ccc842dc6e7129765391c611402eb02a3a23,apache/cassandra,2015-09-04 11:42:35+00:00,binario
6dd6ca442aba8612c3780399a42bb473e4483021,apache/hadoop,2015-09-10 01:03:04+00:00,binario
0790e48191f5cbe040a286881fbfb9e6de375303,apache/cassandra,2015-09-11 17:03:12+00:00,binario
51b1a1c6d3faf2a2bee97fe10c9399119784675d,apache/cassandra,2015-09-14 20:06:37+00:00,binario
fde97c3b3d93901722ee2975552909e013b48b65,apache/cassandra,2015-09-16 16:25:23+00:00,binario
2db8370fdfff7353a8f12e75c47cc1e80eee1e9a,apache/cassandra,2015-09-17 17:24:00+00:00,binario
106b1cdabe90bd28e8b6accac232746dc023987c,apache/cassandra,2015-09-18 10:47:02+00:00,binario
e25453ba55d35cac802719c6fb906460f13a9c36,apache/cassandra,2015-09-19 10:38:55+00:00,binario
a45cb72ef23e3d1c52091a1a6376e8a3aeceed94,apache/hbase,2015-10-13 06:10:06+00:00,binario
486cb563108185f4bf6def2f310bd4540f798c67,apache/hive,2015-10-14 01:49:30+00:00,binario
80b526be7df3471876eceaa2c610747ca7fb89da,apache/activemq,2015-10-14 15:39:24+00:00,binario
77fc0cc445e14eeef1952e0760f80912351574bd,apache/flink,2015-10-19 22:16:52+00:00,binario
615945d275efe1899634f7db6f240f4c1f90b495,apache/cassandra,2015-10-20 15:45:30+00:00,binario
340df43fb74f7f3ef021d10ad1b4510636ee3f14,apache/cassandra,2015-11-04 17:06:07+00:00,binario
e94032a2346ac07b4d2c0d2e4de6d88b16da05d2,apache/cassandra,2015-11-06 17:28:48+00:00,binario
8fbea531d7f7b665f6f55af54c8ebf330118ff37,apache/hadoop,2015-11-09 18:43:45+00:00,binario
fcd7888029a8e07cb0b22d1f47f9e7df82c4a304,apache/hadoop,2015-11-17 04:18:44+00:00,binario
0b26ca68747cdecb907d7c238e04b39836efe3d1,apache/cassandra,2015-12-02 13:59:11+00:00,binario
7e9028329e61ce3401ba39643bd1ca7ac3021c89,apache/zeppelin,2015-12-22 10:36:55+00:00,binario
8fdaaba94584ec5c9b8b5d8acb96016700720af1,apache/zeppelin,2016-01-02 03:08:07+00:00,binario
0849ea97ac4df7d7e906cdab824cd78c55f59dd1,apache/zeppelin,2016-01-05 08:44:23+00:00,binario
b7520a53f83d23cc6dfd9ff958880837cb0c99ae,apache/flink,2016-01-14 10:18:58+00:00,binario
7374e9b5ab08c1f1e612bf72293ea14c959b0c3c,apache/cassandra,2016-01-19 15:00:32+00:00,binario
d3231d349b05333d78df1a31029091a9635f1f60,apache/camel,2016-01-26 13:18:07+00:00,binario
4df083dca9e0965b42d9dce9912e902d9afe3163,apache/zeppelin,2016-02-28 15:59:05+00:00,binario
b88f52e3cf798c46d7e3b0ed3ea9f8bbd2b6d9d8,apache/zeppelin,2016-02-28 16:18:00+00:00,binario
1777524e8c5e317a2a5fe9c4c44591397af195cb,apache/zeppelin,2016-03-04 03:06:06+00:00,binario
f468748b691d98b1cf8925cee2e86e6eb0cbd16f,apache/hive,2016-03-07 02:35:57+00:00,binario;la_diverge_csv
61b66449b12ce48fbdfcea696e9a0bdbaa6c4290,apache/hive,2016-03-09 15:50:09+00:00,binario
048cda72b686d200d8e8f455ee3fc6cbeb173ef0,apache/flink,2016-03-21 18:10:29+00:00,binario
cc1a7979b332d126103e15e13d30a43d5cd3958c,apache/flink,2016-03-21 18:10:29+00:00,binario
d5e87fb8ba98f08db5b0a4995104ce19f182c678,apache/zeppelin,2016-04-05 07:35:18+00:00,binario
105538caa93cc932844a717bbe6974d37f49f619,apache/zeppelin,2016-04-23 02:53:47+00:00,binario
3f5e225543d17e2fb87472c904756f64fe0abc19,apache/camel,2016-04-27 06:45:06+00:00,binario
391ceab074c068d9deaeea80e357e739fd193fac,apache/zeppelin,2016-04-28 14:29:11+00:00,binario
30bb255ec9fb36ace2aab51474bd3bfb9bbd3bed,apache/cassandra,2016-04-29 05:14:42+00:00,binario
9227dfc25f373a99cb66ad7d6bacef8dcf336f77,apache/hadoop-mapreduce,2016-05-13 14:33:48+00:00,binario
ffb79509bcaefb9e7f916930edb022371b9d810f,apache/hive,2016-05-20 21:21:39+00:00,binario
89f275c6587150907b90ed03ca515b12c0c6ae11,apache/cassandra,2016-05-27 15:59:55+00:00,binario
30a4e16dc9e0d01bb44a7a89b1ba03d0ecf5304b,apache/camel,2016-05-28 13:55:54+00:00,binario
37c4c0df05f3b6ed1a8cdbdbcd0c6ca86ded9bd5,apache/camel,2016-05-28 13:55:54+00:00,binario
34734b9c8ac6ba707a333356c5fb6b8baf127ca6,apache/zeppelin,2016-05-31 14:34:05+00:00,binario
68b9b00fcd81b254ba56affeac5e0f2e2e2e509c,apache/zeppelin,2016-06-11 01:33:26+00:00,binario
c9e3a6a43d15d7c084a1f9fe0330e01cd802f194,apache/zeppelin,2016-06-13 01:30:26+00:00,binario
3b2b6e20a9d89fe251aef69865e6c2d85ba8a0c4,apache/camel,2016-06-28 17:22:26+00:00,binario
8f23f171b9378407d5415e5e5e321ea8d91da2d4,apache/camel,2016-06-28 17:22:26+00:00,binario
e575e812f00874ffb7dd86ceaa77106312f09928,apache/zeppelin,2016-07-01 05:55:49+00:00,binario
20401a386651f330468751ea52eb43645483dee5,apache/camel,2016-07-04 10:40:31+00:00,binario
c2055a97d55fc4305cf7d2762cd6bc676b97ca8c,apache/hadoop,2016-07-10 15:45:57+00:00,binario
3d0379d0379944187d6c780cf7567b895697c648,apache/camel,2016-07-15 06:59:27+00:00,binario
c481e8dc84c713bda21724368094850ff9150011,apache/cassandra,2016-07-19 09:57:09+00:00,binario
57c264da2d9d33452ccf9f41fb64788c911339f8,apache/zeppelin,2016-07-30 16:14:21+00:00,binario
904cb5d10e0de1a6ca89249be8c257ed38a80ef0,apache/cassandra,2016-08-05 13:38:37+00:00,binario
3cda6829ccbbfaac08092773b55c9ee315dd5bbd,apache/cassandra,2016-08-05 15:03:14+00:00,binario
665e175328130ab3eb0370cdd2a43ed5a7bed1d6,apache/spark,2016-08-11 04:26:46+00:00,binario
eab677af808e3ddee98c50d41ba190810393b8f0,apache/zookeeper,2016-08-25 00:23:55+00:00,binario
7d857b46fb070548bf5e5f6ff81db588f08ec22a,apache/cassandra,2016-09-06 05:17:11+00:00,binario
799f1909cea96037a38eee1b4ecb21fab737d092,apache/ignite,2016-09-16 14:50:24+00:00,binario
46cd56ad26d59e93d3875c78f29fc6ebd27dfc07,apache/zeppelin,2016-09-22 00:52:31+00:00,binario
79fd3a0242df9f7324410cfc5d987850ee3de405,apache/zeppelin,2016-10-10 07:27:30+00:00,binario
33677c0c58b7d63797118750682852522bb07ed5,apache/zeppelin,2016-10-11 07:17:18+00:00,binario
069de27df67faecad741d8ba95ca0ada609e930c,apache/flink,2016-10-17 09:29:04+00:00,binario
745d938494b9f6299e38aa4971fde80210f35f92,apache/camel,2016-10-25 09:08:38+00:00,binario
438dbca6868f2c65a4683f1e6f6cd4dd1582967f,apache/zeppelin,2016-11-08 15:20:21+00:00,binario
5b31d83f38732c8e92807000be858e19387108fd,apache/ignite,2016-11-09 15:12:35+00:00,binario
ab2cdfd384c0cc96a1ef10ff224d2a6b8a5fce06,apache/zeppelin,2016-11-16 04:31:45+00:00,binario
490c1c27c9b700f14212d9591a516ddb8d0865c7,apache/cassandra,2016-11-17 23:20:04+00:00,binario
31f584cfee41598aab16da8d84752e69b80b083c,apache/zeppelin,2016-11-18 03:07:29+00:00,binario
b9ed6e9691deed01943409e4f37c5b2ac6c7d65f,apache/groovy,2016-11-29 16:02:40+00:00,binario
67c4be648b1f51ceadae3a9e3dd41807802a89ef,apache/flink,2016-12-16 15:41:21+00:00,binario
074d80c834765f2aa659ea27ff647b99f760a06a,apache/flink,2016-12-20 14:42:54+00:00,binario
2cbd9f5d1ba43059b8bf748f97d2392b1e8f0ab3,apache/flink,2016-12-20 14:42:54+00:00,binario
49f1a0383923452676ee380cebe8a889fd40c80c,apache/flink,2016-12-20 14:42:54+00:00,binario
ac134d615ddace4c700cc5b0010b49c9a91611fe,apache/flink,2016-12-20 14:42:54+00:00,binario
b43067b68ad01882d061be49de8bdfa54a07bfd6,apache/flink,2016-12-20 14:42:54+00:00,binario
c607d76413be81a0e125c5780e068d7ab7594612,apache/cassandra,2017-01-01 10:00:42+00:00,binario
a0a276162147e843a5a4e028abdca5b66f5118da,apache/hadoop,2017-01-04 14:46:25+00:00,binario
bbca3293ab84e8af124e66fcdfc394bbf8d5954b,apache/flink,2017-01-13 10:46:45+00:00,binario
d63256d50c7c064dba6466c565fa62eb08b9d146,apache/hive,2017-01-20 00:26:13+00:00,binario
17c83bab629b8c949919c8e1bbff6ba81c34fbba,apache/camel,2017-01-29 16:06:27+00:00,binario
c73068e7d42f5f8a83b218463389383d6fb26837,apache/camel,2017-01-29 16:06:27+00:00,binario
e763b3bf3e8a26a2e2134bc615aac1bff59cd82d,apache/zeppelin,2017-01-29 23:04:49+00:00,binario
84fdc1c7c8ff0922aa44f829dbfa9659935c503e,apache/hive,2017-02-28 17:48:29+00:00,binario
c2b2ee2ed5f14e12f3f794c12b6f920c9fea6935,apache/camel,2017-03-14 17:29:38+00:00,binario
032047c3df3df1d6db52b28f56f41daa5733c5bb,apache/camel,2017-03-15 12:02:08+00:00,binario
ab014ef94e0e9137ac6f8f41dae385ff71e8ba5b,apache/flink,2017-03-16 17:34:02+00:00,binario
28b838ed667abbf5043667a8842c2e0ac4c3566e,apache/cassandra,2017-03-16 20:36:53+00:00,binario
521a53d9ad68a3f16a32e08843a6fca2bd4e439d,apache/flink,2017-03-17 15:32:41+00:00,binario
47f863e12a14f4b500d3a77db1d150b03aa0cbb4,apache/camel,2017-03-22 20:23:44+00:00,binario
d20fb090c31858bc0372a8c84228d796558d56b0,apache/flink,2017-03-23 09:47:55+00:00,binario
998c8f35e894335ae757867982401e4ba4118d00,apache/zeppelin,2017-03-25 21:54:12+00:00,binario
3bfb639cb7352aec572ef6686d3471bd78748ffa,apache/spark,2017-04-04 00:53:05+00:00,binario
ef916c22e02a6ff88be69568e6a9e89abfd747b3,apache/camel,2017-04-11 14:00:59+00:00,binario
7b3837fae7acf115885da3ea3958b79042240d26,apache/camel,2017-04-12 08:55:26+00:00,binario
4cfaf855c404256a9dd281d5066cc076232d72ff,apache/cassandra,2017-04-24 16:21:33+00:00,binario
2c504c44d9f87f383f23fad4075aeabcfec20585,apache/zeppelin,2017-04-28 10:02:23+00:00,binario
f7980a7e29457753eb3c5b975f3bb4b59d2014f8,apache/flink,2017-04-28 18:11:35+00:00,binario
44e472f6cffd75213c3b7373bd622b734f89f0b0,apache/flink,2017-05-03 14:24:26+00:00,binario
9ed98f2e5a32fb14de03b9a8ea1dd45851cc3a7e,apache/flink,2017-05-03 14:24:26+00:00,binario
2c6377f257cafcbaea3a5bf33dd27852ed05afec,apache/flink,2017-05-03 14:25:57+00:00,binario
e40f2e184c6e57d4346312f969a64727389e92fa,apache/flink,2017-05-03 14:25:57+00:00,binario
fb7793f033cfa0d6d77ef25a6c518a5a203ebb82,apache/flink,2017-05-03 14:25:57+00:00,binario
a05b574cc68d3f652d11fece46c23bbc24f35430,apache/flink,2017-05-07 08:28:52+00:00,binario
bf911cc6a852f9ef068318a3545611d9daa5112c,apache/cassandra,2017-05-12 07:15:15+00:00,binario
546e2ad73165b00d93c3c460372b9d49a4b5d8b7,apache/flink,2017-05-23 08:48:34+00:00,binario
62092e45c8bbb75ac9f680188b3746913602507b,apache/cassandra,2017-05-24 18:01:25+00:00,binario
79b869498c82c83baf44465aff5acac3bd948bf5,apache/flink,2017-05-25 14:00:32+00:00,binario
1ad554d0b46940692ffe795a027200c346adfa33,apache/flink,2017-06-07 16:28:58+00:00,binario
33c49e79fb1d21f52a8a6482baf43253520d365e,apache/flink,2017-06-07 16:28:58+00:00,binario
3792be4b5f80826d5dbf51c0517e8c00847472ca,apache/flink,2017-06-07 16:28:58+00:00,binario
736e7722b2e1a9daab8ae911404c2dad88da596c,apache/flink,2017-06-07 16:28:58+00:00,binario
7b3967cac38863b959b00fb1489b3902dcb5cd83,apache/flink,2017-06-07 16:28:58+00:00,binario
9f6407dcebb1f30d00f86b0a643c0afc54dbf63b,apache/flink,2017-06-07 16:28:58+00:00,binario
e96886323bee008091567d16c4ed053d3aa0eccf,apache/flink,2017-06-07 16:28:58+00:00,binario
43926485cd022871374ab0421a1fec75492e9526,apache/zeppelin,2017-06-09 06:37:43+00:00,binario
f24a499b37515b43789ae23d83c1cd9eb2f827b3,apache/flink,2017-06-20 12:37:13+00:00,binario
6de5d1d4ba40269a0bf5ad6ee42797021541fe97,apache/hive,2017-06-28 22:07:38+00:00,binario
f415b736d6cdbfcf71ffeaa4ebbdce406584ad25,apache/cassandra,2017-07-01 10:24:22+00:00,binario
948fdfc67922ae7ecd410149b8d386c224ca4a95,apache/cassandra,2017-07-20 18:41:55+00:00,binario
b831203b8e124dc7414a6aa0aba476aee79c2421,apache/camel,2017-07-25 08:16:54+00:00,binario
cf9cd31e705628588c774751150422c2bfdd9193,apache/camel,2017-07-28 14:21:32+00:00,binario
bcdbee5cdce6e22e6c97c5cab23fb2cf3265aa0d,apache/cassandra,2017-08-09 20:50:19+00:00,binario
ce797a170669524224cfeaaf70647047e7626816,apache/hadoop,2017-08-14 17:27:47+00:00,binario
fc92db2b9b56c143516026ba29cecdec37e286bb,apache/cassandra,2017-08-22 20:54:44+00:00,binario
c384e52e647da457ce5127863148d03c93c1a4aa,apache/flink,2017-08-25 09:13:34+00:00,binario
02801f8f28e4936b2770a7a96d9d3809cce16d42,apache/ignite,2017-08-25 12:32:05+00:00,binario
9bb2036c0f7ffd6aec52e006e5995f49199967bc,apache/camel,2017-08-28 06:30:50+00:00,binario
548ac7e56e1320602db212e41188b7170fbb6b41,apache/groovy,2017-08-30 01:05:30+00:00,binario
08d996d3e9265efad737efad50cbc5b10a0202f8,apache/hadoop-hdfs,2017-09-15 01:43:39+00:00,binario
74d0adce61fc39ef9d1ec2254dcd0f53181bb62c,apache/hbase,2017-09-28 17:25:47+00:00,binario
5a501706c92ba05d28a416e9ec9eba07f66f1a1a,apache/camel,2017-10-03 14:37:50+00:00,binario
fdc75e57918034ec58db87e0e268ebc0db7fa062,apache/camel,2017-10-03 15:04:16+00:00,binario
cfee3e93bec7e527391da93f5b810b0ef4fb0fc8,apache/cassandra,2017-10-06 13:25:28+00:00,binario
922dbdb658b1693973926026b213153d05b4077c,apache/cassandra,2017-10-11 14:15:29+00:00,binario
912fdb3ea4ff58ae9e1fe0c9b230ec76273ff601,apache/cassandra,2017-10-17 15:48:32+00:00,binario
29249b2eeb9cb9910a5a55ae6c3a0b648d67d2b5,apache/flink,2017-11-03 15:40:34+00:00,binario
537a10ea2ff6a2d8507483c66f413f77884e77c4,apache/flink,2017-11-03 15:40:34+00:00,binario
87bf578163facc272138141fbcfa35c3bedbe74d,apache/flink,2017-11-03 15:40:36+00:00,binario
6c29ee84a2f62ccd05c328bbaa0c364eb1a7a821,apache/cassandra,2017-11-06 14:44:51+00:00,binario
f3a2197a23524048200ae2b4712d6ed833208124,apache/flink,2017-11-06 17:56:47+00:00,binario
1c42f421edd91f31aa35a3e7b7113910718b35d5,apache/groovy,2017-11-10 00:34:44+00:00,binario
7241348cff4ef061fbc716f836d2d2d503477008,apache/zeppelin,2017-11-16 23:51:57+00:00,binario
ae837806bd07dbb8b881960feeeeb90c1a665d93,apache/cassandra,2017-12-04 23:06:30+00:00,binario
67662e2ac9e68f32b725c8118cf2be79a662fca5,apache/hadoop-hdfs,2017-12-07 19:15:40+00:00,binario
acf7ef3154e094875fa89f30a78ab111b267db91,apache/spark,2017-12-09 02:53:15+00:00,binario
4a2b516a3488ab04ee3338e74397b8c6d69e6d43,apache/cassandra,2017-12-12 17:52:19+00:00,binario
8f1335d6d2d9a0e313f04d46d2dcc7a01dec9bce,apache/hive,2017-12-12 22:14:56+00:00,binario;la_diverge_csv
4c8f20ae33ceb47209402c0469791d7a19571471,apache/zeppelin,2017-12-14 08:20:26+00:00,binario
d6cc5943250a7c19adb42ef86dc9a186d4e52166,apache/cassandra,2018-01-19 14:40:50+00:00,binario
a2533f406d46b1c5acb5f70c263f9afad839dffe,apache/flink,2018-01-23 07:26:56+00:00,binario
09ce6cdf3fd3682c2501ca0b5664cfc2adf6b765,apache/hive,2018-01-24 03:11:22+00:00,binario
394019eef7b840eccb3a4d6cae18e359db6ff68d,apache/ignite,2018-01-30 12:57:30+00:00,binario
da58565ebc717b63fff4f4883559b5daf20cb6fa,apache/cassandra,2018-02-01 22:20:00+00:00,binario
fad60bea22ec58dc56f4dfd26f8be1033bfd7985,apache/flink,2018-02-02 10:18:57+00:00,binario
c71fb422a0fe8d8a6f550b63dcbd4d5be6fbee2c,apache/flink,2018-02-06 18:58:58+00:00,binario
130ca4ec3895825022c2a05c0022684ab8c1a3bf,apache/flink,2018-02-06 18:58:59+00:00,binario
535d139260faf73b289ae6bbed812d831cd75805,apache/flink,2018-02-06 18:58:59+00:00,binario
72f0eb1e722089499c3e02284ee9113520d33a90,apache/flink,2018-02-06 18:58:59+00:00,binario
74daaefbb9b1cb74fd0228d3b81b024bb4e8b4ef,apache/flink,2018-02-06 18:58:59+00:00,binario
7a9d7e7a243c9170635c6a7cd6c414e16d17b8f8,apache/flink,2018-02-06 18:58:59+00:00,binario
a12aca3834830feccb067ae04e4159d41c24f45e,apache/flink,2018-02-06 18:58:59+00:00,binario
c100936fc54add940e024a96a1b111fc9ae75a4c,apache/flink,2018-02-06 18:58:59+00:00,binario
e609f81122905b33610f7cc9fcc1163cf750d98d,apache/flink,2018-02-06 18:58:59+00:00,binario
e58aae48b67c74307703d2ae44fe8e3cd4b9649a,apache/ignite,2018-02-13 10:15:18+00:00,binario
c0aa79e5453d64a583ba2197b2ac76d04ecd7020,apache/cassandra,2018-02-14 21:30:43+00:00,binario
2bc3351eaf240ea685bcf5042d79f1554bf89e00,apache/hadoop,2018-02-21 19:57:14+00:00,binario
e96f28bd381bbca6c5f7b0572c4527b9f3c7952a,apache/flink,2018-02-22 14:28:20+00:00,binario
64bbba4796fe1ddfd1ca1facde7dcda33ac86ef7,apache/zeppelin,2018-02-27 06:41:57+00:00,binario
be7c89596a3b9cd8805a90aaf32336ec2759a1f7,apache/flink,2018-03-07 18:35:29+00:00,binario
4d53ef7eefb14661d824924e503a910de1ae997f,apache/hadoop,2018-03-07 19:30:06+00:00,binario
583f4594314b3db25b57b1e46ea8026eab21f932,apache/hadoop,2018-03-07 23:46:47+00:00,binario
e718ac597f2225cb4946e1ac4b3986c336645643,apache/hadoop,2018-03-07 23:46:47+00:00,binario
51104e308c1031f1f513574ac6e48732f7f303cc,apache/hive,2018-03-23 20:17:31+00:00,binario
ed03b931819bbb8f0ff3c22e203201c7d75cd56c,apache/ignite,2018-03-29 10:21:36+00:00,binario
0a97446a70f6294a3efb071bb9a70601f885840b,apache/zeppelin,2018-04-16 06:17:54+00:00,binario
486bae5cda200f4c8b0e74f18ed25af3b4bbb988,apache/camel,2018-04-19 07:27:06+00:00,binario
154f9c536f7c696b774361937c6b4b08603d16cf,apache/zookeeper,2018-04-23 22:20:26+00:00,binario
3d18ca4926c27ca0e15d95bbc5829e2372a5841c,apache/hadoop,2018-04-26 12:36:04+00:00,binario
76ef78b7d74972bd235159ca304648ab439fb715,apache/cassandra,2018-05-18 05:26:54+00:00,binario
4973a2ae49d805f56af746659c3eae48b512f983,apache/flink,2018-05-18 14:28:31+00:00,binario
fd101be18cb6f386196e19178ba4da7f1f473fc5,apache/flink,2018-05-23 14:31:42+00:00,binario
c8e8c7b67069a91a0e80e8be45140d42737c91c9,apache/groovy,2018-05-23 14:36:13+00:00,binario
62a3230687c24d9e525b11db8c221d8c6c50f37a,apache/camel,2018-06-21 12:32:44+00:00,binario
e612fbf2fb3ebe2420670681d8679b19f2a06e50,apache/zeppelin,2018-06-22 08:59:39+00:00,binario
64901abdfac72c22f6b002ff45b1107174e82207,apache/hadoop,2018-08-08 14:13:29+00:00,binario
5b898c176ffb41e6fa3c605feb8ed3fcb60a5fe8,apache/hadoop,2018-08-08 14:18:49+00:00,binario
00013d6ef7fdf65fa8a0f6eb56c0aef2f6e19444,apache/hadoop,2018-08-09 06:48:32+00:00,binario
4d6915f346e2ec18c37009c842d949f3fafe4252,apache/flink,2018-08-14 08:02:05+00:00,binario
7fb32dce7807e77c68a003986a38bacb8b89bfc1,apache/flink,2018-08-14 08:02:23+00:00,binario
600423b96d485b962a10682b9c336c35df8fbec9,apache/flink,2018-08-14 08:02:35+00:00,binario
f93333f82efea783b0adb1eb063e434229f21895,apache/flink,2018-08-14 08:02:58+00:00,binario
c5f9ea2753c7e673dd887a67c9b770bec2f400cf,apache/flink,2018-08-14 08:03:21+00:00,binario
2dd289f3f3e91b9747908d282e075b8acac32fbe,apache/flink,2018-08-14 08:03:33+00:00,binario
ebceca1f3955c7c3271b83da25621c03e5b7844d,apache/flink,2018-08-20 15:38:02+00:00,binario
02792e5edc7b030ddadc7b2f4dcfc9d4f854cf2f,apache/ignite,2018-09-13 17:30:41+00:00,binario
45937def313bbb32024ae890f830e23bcc6ccae5,apache/cassandra,2018-09-25 16:02:06+00:00,binario
bef6c9fd2e0fa6cafe3c3aa14d7521d46c5612c2,apache/hive,2018-09-26 06:26:17+00:00,binario
f28e9631737da554a0a12323f6c00ccae3ec6282,apache/zeppelin,2018-09-28 00:50:35+00:00,binario
ab0e30e75904e4d637f07b2ec64334073eb061ec,apache/cassandra,2018-10-04 19:46:21+00:00,binario
1415c6100b7dce7d13f5323a1faf3fdd7c5ae2d3,apache/ignite,2018-10-09 12:30:57+00:00,binario
ac74a0ce6297ce3754744ceb07107f6024c1a163,apache/flink,2018-10-10 05:25:14+00:00,binario
285153f621a1e67212ef61686188eff3e9c80a4e,apache/cassandra,2018-10-16 19:37:24+00:00,binario
d2480af40f5145d865196a95ec58a415482d8cff,apache/flink,2018-10-19 13:46:46+00:00,binario
4506dad8a9613d4b6b319c0240119927265a67c1,apache/spark,2018-10-23 19:41:20+00:00,binario
a07cb5d9a3e4cb6c1ac0e6674b8d06ad33ec2148,apache/flink,2018-10-30 13:55:51+00:00,binario
b0b10edca7cf776defb83a739c9db2b8b55e5f70,apache/flink,2018-10-30 13:55:51+00:00,binario
bcf14d5434ea16b1f17eb4acf67721bcad498a24,apache/flink,2018-10-30 13:55:51+00:00,binario
ea0aa5162e459f5915f3c6939d7fbd9a880e8122,apache/flink,2018-10-30 13:55:51+00:00,binario
d36012b69f01c9ddfd2e95545d1f5e1fbc1c3236,apache/hadoop,2018-10-30 17:26:46+00:00,binario
e7b7393019b99e941c50b76933d59a97ba0bc190,apache/flink,2018-10-31 15:23:53+00:00,binario
d60c78358b6f599a83f3c112bfd6ce72c1129c9f,apache/cassandra,2018-11-06 19:17:06+00:00,binario
80db9394e1f98a658b5aa234a4b714b93a975d69,apache/flink,2018-11-11 04:33:44+00:00,binario
a9f8f86e5420e6a858db57209933868e7ae42e0e,apache/flink,2018-11-11 04:33:44+00:00,binario
ce901a051f4c5a6591efb454d0b8b89bc549d805,apache/flink,2018-11-11 04:33:44+00:00,binario
d350e9f85d3551368f4f769419e0da8b789ac892,apache/flink,2018-11-11 04:33:44+00:00,binario
9eee7aa7874c17ab28d43ff58c97da889c87e397,apache/cassandra,2018-11-12 19:27:31+00:00,binario
ec118646862cb15e5d8eaff5f855be93996ebe26,apache/ignite,2018-11-21 10:31:28+00:00,binario
1dea0a4273bf54ca2361a3a940db22ba89274ab5,apache/ignite,2018-11-23 13:54:25+00:00,binario
0a7fbee43f25b6ad3172825cd29bae455223ab33,apache/cassandra,2018-11-28 16:03:16+00:00,binario
3d2d2630cf6d3c5b8a12b28f8ec1108a41305097,apache/camel,2018-12-03 15:06:14+00:00,binario
8b898cd342faa9efaa14f436bedaee11e6389252,apache/flink,2018-12-11 09:46:42+00:00,binario
4616c605965860228959f7bcf481771477734f56,apache/flink,2018-12-18 14:19:42+00:00,binario
aeabfc51e1a877c487f662e90fcce4528c4230d6,apache/flink,2018-12-18 14:20:41+00:00,binario
d1e8dd976864581c86d112d4c64f2731f5a3da33,apache/flink,2018-12-18 14:22:15+00:00,binario
ab33429f948679b4729aa81439d5cfeb6dd6c24b,apache/flink,2018-12-18 14:22:49+00:00,binario
e954ae865fea57f90fc5b9529c15374b2eb015b7,apache/flink,2018-12-18 14:25:13+00:00,binario
5131046ca795ecf958e4e24f163e6014588c2222,apache/hive,2018-12-18 14:57:36+00:00,binario;la_diverge_csv
9f9bb75201a3c4a4ca5398c450d741a095321167,apache/ignite,2018-12-27 09:36:02+00:00,binario
aec34cd1a5686fb99510526f83df344831ca8d81,apache/camel,2019-01-02 08:05:26+00:00,binario
a4c09d337a0699f650740cc483e6ed30179ac7df,apache/flink,2019-01-02 11:10:17+00:00,binario
50f41965800f90fed5a6399b6172161c75b8c764,apache/flink,2019-01-02 11:10:59+00:00,binario
7bb63f68e29ac5cb5fbed8d33949e3302faf869c,apache/flink,2019-01-02 11:14:12+00:00,binario
78cc9bc8b7c9ff2806fa6176ec15f38199fe6b25,apache/flink,2019-01-09 09:56:49+00:00,binario
d4fce67be1daf4d19f1cf35cdc613cdbe50c7a1a,apache/ignite,2019-01-11 14:33:26+00:00,binario
4b51f8b66caaa2443795c548f5f7e26cb3740969,apache/activemq,2019-01-14 15:54:26+00:00,binario
1ff6fba077103f09c94b6747f7e832119f609215,apache/ignite,2019-01-16 13:17:48+00:00,binario
1c34148452101d29609f9bbbb2f64c7fa49c16f6,apache/ignite,2019-01-22 12:51:33+00:00,binario
d727fd4e687b13a62d2d9220561cee6b88f6147f,apache/ignite,2019-01-23 11:41:39+00:00,binario
7c369fef0211ecfadfbca5361d95b010b29da01a,apache/ignite,2019-01-24 15:25:24+00:00,binario
d60025d88c2840470f3a6af39884cc112a7205a0,apache/ignite,2019-01-25 13:07:32+00:00,binario
f73878de66ef383e517d5b9d0bfe7efbc26b0c56,apache/ignite,2019-01-28 09:41:00+00:00,binario
32e4dc140d15675e2237f1d92160428e92939df8,apache/camel,2019-01-30 08:14:31+00:00,binario
fed159116d2ae93175aadc3e8d4739918f19fadc,apache/ignite,2019-01-30 13:46:01+00:00,binario
4e607e91db6d46ca8cad360dd761cd2eeb56d733,apache/flink,2019-01-30 14:53:26+00:00,binario
e49c3e0eb8e183c9a57cd532c571cdc971575b06,apache/flink,2019-01-30 14:53:26+00:00,binario
392f2cd57380f9070414f4d6d120e4b051d4e061,apache/flink,2019-01-30 14:53:27+00:00,binario
b22e91358fd2e58fc064968953a73218e87cfc88,apache/flink,2019-01-30 14:53:27+00:00,binario
b434b32c0875d31acf30ab156d94d11bd1379975,apache/flink,2019-01-30 14:53:27+00:00,binario
17618f323a2fafcf66022e3a66e56a2d84ce5cb6,apache/flink,2019-01-30 14:53:28+00:00,binario
519210177e626b71a944a80ac06179933a95f1f4,apache/flink,2019-01-30 14:53:28+00:00,binario
a34d46344dccfb7ba34e00337e7c0270cf09e416,apache/flink,2019-01-30 14:53:28+00:00,binario
a51adc3886d62109b1b7582733ab91e6e175a58c,apache/flink,2019-01-30 14:53:28+00:00,binario
7abaff3516b4afd34e15c6c238fd1ebaae253325,apache/flink,2019-01-30 14:53:29+00:00,binario
2047b2567c03fd0bc381e409e631de6a4c5fb5b3,apache/ignite,2019-01-31 16:05:18+00:00,binario
ba6c194b6bc5357b434a8e3e14431fe1eb58e140,apache/ignite,2019-02-01 10:10:59+00:00,binario
963e2c2abaabbd9a098cd74c967f9f59d58de2a8,apache/ignite,2019-02-05 12:03:43+00:00,binario
7b7c5d1d0ba0df9d932214ab89a458e4591cc236,apache/camel,2019-02-07 15:19:01+00:00,binario
816f435df98a7f407b07f37d2cb9d69ab8ed8941,apache/ignite,2019-02-11 11:53:19+00:00,binario
92db56b13035f360ed51c8465a3cce25c20a4f81,apache/camel,2019-02-13 09:43:38+00:00,binario
73e4d0ecfd38f5738a9def23ec877b308a409353,apache/flink,2019-02-14 03:56:51+00:00,binario
97c845a6f39e60d93a553d9b438bb11fb38e0497,apache/zeppelin,2019-02-15 09:03:37+00:00,binario
9057aa9fc53c76785e3eb3a06421fad4e3569151,apache/hadoop,2019-02-17 14:33:56+00:00,binario
5f62af935c37c0031e23b600b6d43dbbdbe391f8,apache/flink,2019-02-18 09:44:35+00:00,binario
fcc91ebd0c9bc0a79b3b2ea9c264af78a88c49ea,apache/flink,2019-02-19 09:57:25+00:00,binario
7c0989bf52ec23147a4b61d94fe878a11ab42cd0,apache/flink,2019-02-21 08:48:40+00:00,binario
186b8df4155a4c171d71f1c806290bd94374416c,apache/flink,2019-02-22 07:43:35+00:00,binario
4fa828810c9c9eeada8ba64e294905e06a90b63a,apache/flink,2019-02-22 07:43:35+00:00,binario
9d8a2e2607f949f755d1fb5934d55c164f536d27,apache/flink,2019-02-22 07:43:35+00:00,binario
f436fbfe070dcea31be3560441b6f77c2ce54165,apache/flink,2019-02-22 07:43:35+00:00,binario
1850193b956b899aefd3ea84fe726e10b9359b55,apache/flink,2019-02-22 07:43:37+00:00,binario
dccf53061a61e7c632669c60cd94626e405518e9,apache/cassandra,2019-02-22 23:06:06+00:00,binario
0328cebe0a2010541f4b40014552e38fbd7fd10c,apache/camel,2019-02-26 04:17:38+00:00,binario
0895cf9aa975aa17e57d85f52b8dbdac17e632ec,apache/camel,2019-02-27 13:37:30+00:00,binario
459fd929399ad6c80535255eefa278564ec33683,apache/flink,2019-02-28 11:02:11+00:00,binario
651ebf4de46eeff3f45cca8c1861d7f516a75816,apache/flink,2019-02-28 11:02:11+00:00,binario
80c410097a3f79844d9c9b678b4ca54494dcb2c6,apache/camel,2019-02-28 13:37:54+00:00,binario
5f50adac3c1bd480f0462286d62b89cb67b1c5bb,apache/ignite,2019-03-27 15:18:11+00:00,binario
a9e2c2ba54c32e348220799ac381c51d55c30a64,apache/zeppelin,2019-03-28 01:55:18+00:00,binario
7ee32a2eb187d43f1c8d7c6416eebc13d461ee1e,apache/hadoop,2019-03-29 20:51:21+00:00,binario
8e6974fdc33e834bc01a5ee594e2cfca4ff3045f,apache/zeppelin,2019-04-10 02:55:54+00:00,binario
7f88eb8ff93cfb4a39c508fc4ac2bf4a64840763,apache/camel,2019-04-30 09:35:58+00:00,binario
9ad06006e53888dd9ecc53eb9b8d36f46671c687,apache/camel,2019-04-30 09:35:58+00:00,binario
a09bd4c6f1dc5d83d6634bad53af6237a9cd4fe5,apache/flink,2019-05-06 01:34:29+00:00,binario
39710d3c748a0d24cda6ea8d94b539d7abeaaf3c,apache/flink,2019-05-07 07:44:10+00:00,binario
daf6c85b0530fb45ad1d8433efa0c5e13d7e182c,apache/cassandra,2019-05-08 08:57:32+00:00,binario
78a403fab92c263937e96a1673cf5edce7a8185d,apache/spark,2019-05-08 23:41:43+00:00,binario
aa762c6d5253e0cc2947d3bf2b6149197e106036,apache/cassandra,2019-05-10 20:46:27+00:00,binario
4cfedb0dbc66168e7ac8ac357c021d8b9ecc3362,apache/camel,2019-05-23 14:07:32+00:00,binario
b84754a635a8e878bf44e7b24ea359592975e060,apache/camel,2019-05-24 08:00:41+00:00,binario
1de854a7fa907c47ecbcd9aee625467e0127f929,apache/flink,2019-06-04 12:34:21+00:00,binario
47f173822d6730300e28d60117d513c89f78fa2b,apache/camel,2019-06-06 13:30:48+00:00,binario
2603d6875526472e718b48550223d4992b07b319,apache/camel,2019-06-11 11:51:41+00:00,binario
7f52a39f37676cc16caa189c4cb34c3a4561132a,apache/flink,2019-06-20 08:55:57+00:00,binario
2545ae6f2ea93d7e3a0a62958a49cc7585d9cfb0,apache/flink,2019-06-20 08:56:00+00:00,binario
ecbf5245afa93393c34775810c82bc51620aee5e,apache/flink,2019-06-20 08:56:00+00:00,binario
66b24da11caa2fa005bf61a7c0db2a39d72faf40,apache/flink,2019-06-20 08:56:01+00:00,binario
85cdfd341993a31ae712ad7bf7a2c7a3a782eb5c,apache/flink,2019-06-20 08:56:01+00:00,binario
b33165822c163ef896afda3b96395ecd6300493c,apache/flink,2019-06-20 08:56:01+00:00,binario
b5ba1a986265c0518c9f42a792cd897c40ab6951,apache/flink,2019-06-20 08:56:01+00:00,binario
c10487a7712145189c930bec9dd50fbef5961056,apache/flink,2019-06-20 08:56:01+00:00,binario
5b3bd81a83eab2116bb9fff9cb27fa6ab8fa5972,apache/flink,2019-06-20 08:56:02+00:00,binario
d8aac6ffb833d1d0348be0f6d280b465213d5df5,apache/flink,2019-06-20 08:56:02+00:00,binario
dd04f3ea0a8bf2facd8ebf81f06a209b7f521c70,apache/flink,2019-06-20 08:56:02+00:00,binario
2e414360bd7aee15769eb46a00b2fa108b3bcbb5,apache/hbase,2019-06-24 02:25:34+00:00,binario
ab0b180ddb5d0775a2452d5eeb7badd252aadb91,apache/hadoop,2019-06-25 15:07:39+00:00,binario
f4b6e1d51f683e0c77c6ff7f199373052b082b9e,apache/cassandra,2019-06-27 15:21:01+00:00,binario
a339aa9e9811723e52896ec3c96395461cad0fd0,apache/cassandra,2019-07-02 18:39:34+00:00,binario
9c323149db1cee0ff6586389def059a85428b116,apache/ignite,2019-07-16 11:14:22+00:00,binario
799f829ddab48453042e4128ba004aa435c03083,apache/camel,2019-08-05 14:26:13+00:00,binario
f695a76b10b0cb5f074bbb874fe374cd11e6eff3,apache/flink,2019-08-07 14:49:45+00:00,binario
594a7ebf37c1e82747d52c8fea9ed06b1fbf31b1,apache/flink,2019-08-08 07:55:17+00:00,binario
bd9246232123416201eb8c257b3cd8ab0ad32664,apache/hadoop,2019-08-20 13:12:19+00:00,binario
c83ba1079aa7ad59a6014dda6c69503c78b34202,apache/flink,2019-09-02 14:14:56+00:00,binario
7752c91884eab87350263b7ab3d106aea5c11467,apache/flink,2019-09-02 14:52:02+00:00,binario
a054799ed59d961df6d10fc8215b5820e70694ba,apache/flink,2019-09-02 14:57:41+00:00,binario
7bda6f61c9ce0db80f2b1d4c8e7fd6cad9b0eaf9,apache/flink,2019-09-05 14:04:25+00:00,binario
8998b2fe286d4ac788011f03fc6953f8b040b119,apache/flink,2019-09-06 11:42:29+00:00,binario
bee0967c150c69839cc1dca6041f5fa27079030f,apache/flink,2019-09-06 14:08:12+00:00,binario
fe84fc5d06a76e3e32e394e7f8bcf87c47b87e5b,apache/flink,2019-09-06 14:15:18+00:00,binario
78bae9e3d02e259cd9596fd72b1c985c2962c1c3,apache/hbase,2019-09-07 05:02:52+00:00,binario
99198c771ddc9326156e138d9c8ba9b7ea3aa0ad,apache/flink,2019-09-07 19:46:15+00:00,binario
576228651382db040aaa006cf9142f6568930cb1,apache/flink,2019-09-07 19:48:08+00:00,binario
89f83747feeb197b6cd0d168247299ca118636d4,apache/flink,2019-09-10 12:15:16+00:00,binario
6e441ae5dd044b371de4ac9403b4822d9e4a9e2a,apache/flink,2019-09-10 12:18:04+00:00,binario
34f7fde44a04e5120f2b71f2552a6bc854f5ff28,apache/flink,2019-09-10 12:50:12+00:00,binario
afb15a3874feb94b1789ba4025659badf0c3ead6,apache/flink,2019-09-10 13:25:16+00:00,binario
0a405251b297109fde1f9a155eff14be4d943887,apache/flink,2019-09-10 14:41:25+00:00,binario
82ed1a64d1d1e5cde9ab0999804e93d38c9f9149,apache/flink,2019-09-12 09:25:50+00:00,binario
719bc6a30da41ee5621201190b62af976d96df0b,apache/camel,2019-09-18 10:59:26+00:00,binario
f9ff88437742675db5c53f5834884b43f8937e00,apache/cassandra,2019-09-20 22:52:19+00:00,binario
0d9239ef333e04e0788dbccfd1d00314b97a4370,apache/zeppelin,2019-09-23 04:45:07+00:00,binario
187e1c3a2152ca2ea1534f890531b342ea89ae9f,apache/hive,2019-09-30 04:25:56+00:00,binario
8111edec6de1d8d93c28471163ca40eae377129d,apache/hive,2019-10-01 11:25:07+00:00,binario
bd432c9203584c531f51559d8c97c398202f0794,apache/hive,2019-10-07 09:03:46+00:00,binario
38b49904dd1c71fcb16abfbc205edfd6ce008b76,apache/cassandra,2019-10-07 19:19:42+00:00,binario
780a7e8b77999419978d982c7dc8a8a5d4f542f1,apache/zeppelin,2019-10-30 01:37:50+00:00,binario
32fe1f0f215a8e9a0b7caec567a681d157630f1e,apache/ignite,2019-10-31 12:20:56+00:00,binario
3a4bedcbc837634672b08c0da233164eef8da66a,apache/zeppelin,2019-11-01 01:39:04+00:00,binario
39539d66b5437527a5489be099d9f92e7ba26414,apache/camel,2019-11-08 11:41:54+00:00,binario
794adf11220151496a1ff877df3d2627719c9505,apache/zookeeper,2019-11-11 12:59:08+00:00,binario
660c476ca3fe622e820218eb4ddd114789bf277d,apache/zeppelin,2019-11-12 01:30:17+00:00,binario
830ec322d4dd8054658641bb233e393eda930379,apache/camel,2019-11-29 08:41:48+00:00,binario
1e237f218d0c2d2b35ea7cfa87b545b5aca4af46,apache/camel,2019-12-04 16:38:06+00:00,binario
15f175a7bcbe4cc83349fc13d022a5ef5ea0db71,apache/flink,2019-12-20 06:52:26+00:00,binario
96b44e9ce78c6f4eed8ebf80bde53a7aba8122df,apache/flink,2019-12-20 06:52:27+00:00,binario
acd4bed27a787b7fa574a909fc00c81e5cb9591e,apache/flink,2019-12-20 06:52:27+00:00,binario
