variavel,importancia
la,0.033846153846153845
ld,0.01712820512820513
nf,0.007846153846153846
o_n_java,0.006820512820512821
o_n_teste,0.005538461538461538
o_n_producao,0.007948717948717949
o_n_outros,0.011282051282051281
o_tem_teste,0.0
o_frac_la_teste,0.023025641025641027
o_la_producao,0.024153846153846154
o_ld_producao,0.019384615384615386
o_n_extensoes,0.003897435897435897
o_n_pastas,0.006512820512820513
o_n_binarios,0.0
o_n_renomeados,0.00358974358974359
o_max_la_arquivo,0.02543589743589744
o_frac_remocao,0.03651282051282051
q_hora,0.03666666666666667
q_dia_semana,0.009384615384615385
q_fim_semana,0.00015384615384615385
q_madrugada,0.0008205128205128206
q_fuso_h,0.014923076923076923
q_atraso_commit_h,0.008461538461538463
m_caracteres,0.03553846153846154
m_palavras,0.018
m_linhas,0.011743589743589744
m_assunto_caracteres,0.03148717948717949
w_autor_diferente_committer,0.0005641025641025642
w_autor_commits,0.04364102564102564
w_autor_dias_desde_primeiro,0.05682051282051282
w_autor_dias_desde_ultimo,0.0321025641025641
w_autor_commits_7d,0.02353846153846154
w_autor_nos_arquivos,0.020717948717948718
w_autor_frac_arquivos_conhecidos,0.008717948717948718
w_autor_nas_pastas,0.025384615384615384
w_autor_frac_correcoes,0.05523076923076923
l_n_arquivos_novos,0.002974358974358974
l_frac_arquivos_novos,0.005282051282051282
l_arq_mudancas_max,0.036153846153846154
l_arq_mudancas_media,0.020512820512820513
l_arq_idade_media_d,0.048410256410256404
l_arq_dias_desde_ultima_min,0.02712820512820513
l_arq_dias_desde_ultima_media,0.03482051282051282
l_arq_autores_max,0.03825641025641026
l_arq_autores_media,0.02528205128205128
l_arq_correcoes_max,0.03851282051282051
l_arq_correcoes_media,0.019846153846153847
l_arq_frac_correcoes,0.036
