project_familia,commits,taxa_buggy,precision,recall,f1,verdadeiros_negativos,falsos_positivos,falsos_negativos,verdadeiros_positivos
apache/activemq,2534,0.27032359905288084,0.47619047619047616,0.6861313868613139,0.562200956937799,1332,517,215,470
apache/camel,11938,0.13988942871502763,0.31590106007067137,0.5353293413173653,0.3973333333333333,8332,1936,776,894
apache/cassandra,5594,0.3800500536288881,0.6057934508816121,0.6787394167450611,0.6401952085181899,2529,939,683,1443
apache/flink,6674,0.2734492058735391,0.5469835466179159,0.8197260273972603,0.656140350877193,3610,1239,329,1496
apache/groovy,2760,0.29637681159420287,0.49416342412451364,0.46577017114914426,0.47954688483322844,1552,390,437,381
apache/hadoop (familia),10169,0.2531222342413217,0.3314024925399333,0.7334887334887334,0.4565348809092008,3786,3809,686,1888
apache/hbase,5323,0.5034754837497651,0.6778921110071718,0.8111940298507463,0.738576524545609,1610,1033,506,2174
apache/hive,4753,0.6759941089837997,0.7802322288303597,0.8574540927482104,0.8170225385527876,764,776,458,2755
apache/ignite,10440,0.1735632183908046,0.4561115668580804,0.6136865342163356,0.5232941176470588,7302,1326,700,1112
apache/kafka,1286,0.6049766718506998,0.8322496749024707,0.8226221079691517,0.8274078862314156,379,129,138,640
apache/spark,1060,0.5037735849056604,0.6951612903225807,0.8071161048689138,0.7469670710571924,337,189,103,431
apache/zeppelin,1107,0.44715447154471544,0.7162426614481409,0.7393939393939394,0.7276341948310139,467,145,129,366
apache/zookeeper,302,0.5397350993377483,0.6739130434782609,0.950920245398773,0.7888040712468194,64,75,8,155
