commit_id,project,buggy,fix,author_date,year,project_familia,szz_bruto,ligado_issue,apos_temporal,apos_fixcount,apos_bugcount,apos_ast,origem_limpo_residual,origem_fix_sem_bug_rastreado,buggy_reconstruido,fix_reconstruido,rotulo_divergente,negativo_candidato_szz_descartado,motivo_descarte,primeira_correcao_vinculada,n_pares_aceitos,algum_relato_fixed,positivo_sem_relato_fixed,algum_vinculo_sem_chave,alguma_colisao_issue_pr,alguma_correcao_antes_relato,alguma_evidencia_sem_alerta,positivo_so_vinculos_sem_chave,positivo_sem_evidencia_sem_alerta,positivo_para_revisao,particao,prioridade_revisao
0c1c000a8bbd7ba9da9f4b528554fd06c3b0f400,apache/hive,True,False,1289438077,2010,apache/hive,True,True,True,True,True,True,False,False,True,False,False,False,,2021-03-30 23:17:51+00:00,1,True,False,True,True,False,False,True,True,True,treino,1
05b81ba8beba4e1d960ae3352d414b91429286ee,apache/activemq,True,False,1141761170,2006,apache/activemq,True,True,True,True,True,True,False,False,True,False,False,False,,2014-09-29 08:47:09+00:00,1,False,True,False,False,False,False,False,True,True,treino,2
6a73c40c187f80a21ddc61ccbf6d257003ba6fe3,apache/activemq,True,True,1271776398,2010,apache/activemq,True,True,True,True,True,True,False,False,True,True,False,False,,2014-03-28 16:33:41+00:00,1,False,True,False,False,False,False,False,True,True,treino,2
6d2f262cebf44370f1c90192696ace9ff1567630,apache/activemq,True,False,1358976083,2013,apache/activemq,True,True,True,True,True,True,False,False,True,False,False,False,,2014-03-28 16:33:41+00:00,1,False,True,False,False,False,False,False,True,True,treino,2
4881221363f984ab6610756cab38e1a016b79e15,apache/cassandra,True,False,1349989941,2012,apache/cassandra,True,True,True,True,True,True,False,False,True,False,False,False,,2014-02-07 16:30:20+00:00,1,False,True,False,False,False,False,False,True,True,treino,2
fa75af096f27a4a4d4671530d9b3cdc54d62aeec,apache/flink,True,False,1408618314,2014,apache/flink,True,True,True,True,True,True,False,False,True,False,False,False,,2014-11-16 17:20:40+00:00,1,False,True,False,False,False,False,False,True,True,treino,2
36a5a8dfdd4827663961cbca6b5dce2cc0a918b6,apache/groovy,True,False,1403264235,2014,apache/groovy,True,True,True,True,True,True,False,False,True,False,False,False,,2014-09-04 01:36:42+00:00,1,False,True,False,False,False,False,False,True,True,treino,2
e336c970e6a17cac3b0711bcc6868dd87198fab0,apache/groovy,True,False,1398401950,2014,apache/groovy,True,True,True,True,True,True,False,False,True,False,False,False,,2014-09-04 01:36:42+00:00,1,False,True,False,False,False,False,False,True,True,treino,2
e9ed3ff64ef733a5df5c7a966719f66d8f1998e9,apache/groovy,True,False,1398338651,2014,apache/groovy,True,True,True,True,True,True,False,False,True,False,False,False,,2014-09-04 01:36:42+00:00,1,False,True,False,False,False,False,False,True,True,treino,2
7b913180be9cb8f5aaded964179d6313add2f13f,apache/hadoop-hdfs,True,False,1328386371,2012,apache/hadoop (familia),True,True,True,True,True,True,False,False,True,False,False,False,,2014-11-03 21:27:09+00:00,1,False,True,False,False,False,False,False,True,True,treino,2
81e9be251879f9dfab9b687231b318e94f423459,apache/hbase,True,True,1304481119,2011,apache/hbase,True,True,True,True,True,True,False,False,True,True,False,False,,2014-11-13 06:49:00+00:00,1,False,True,False,False,False,False,False,True,True,treino,2
3337e6eb7811aa2de8092fba577e4f784e449ddd,apache/hive,True,True,1395123860,2014,apache/hive,True,True,True,True,True,True,False,False,True,True,False,False,,2014-11-05 00:44:35+00:00,1,False,True,False,False,True,False,False,True,True,treino,2
7b359aaecb1ee36e965a37d3acefc36252ada592,apache/camel,True,False,1357305346,2013,apache/camel,True,True,True,True,True,True,False,False,True,False,False,False,,2013-11-21 10:26:24+00:00,1,True,False,False,False,True,False,False,True,True,treino,3
7c7e4a2e255eff4ee29992330b352a7665050834,apache/camel,True,False,1357211295,2013,apache/camel,True,True,True,True,True,True,False,False,True,False,False,False,,2013-11-21 10:26:24+00:00,1,True,False,False,False,True,False,False,True,True,treino,3
7f97fb7381af21d9684402927a7104b7d8fefd03,apache/camel,True,False,1360272732,2013,apache/camel,True,True,True,True,True,True,False,False,True,False,False,False,,2013-11-21 10:26:24+00:00,1,True,False,False,False,True,False,False,True,True,treino,3
9761a6a593d1032ab2d29d4ce478bbca6a9ae3e8,apache/camel,True,False,1356950261,2012,apache/camel,True,True,True,True,True,True,False,False,True,False,False,False,,2013-11-21 10:26:24+00:00,1,True,False,False,False,True,False,False,True,True,treino,3
17bcf14fea2637fe0e5ca23bb0008c1cca208c98,apache/hbase,True,False,1465911234,2016,apache/hbase,True,True,True,True,True,True,False,False,True,False,False,False,,2016-09-22 08:29:18+00:00,1,True,False,False,False,True,False,False,True,True,treino,3
8a6d0fbca1d0e5587e1f3bd1eeb186f789c0af24,apache/hbase,True,True,1328122594,2012,apache/hbase,True,True,True,True,True,True,False,False,True,True,False,False,,2012-03-18 19:40:24+00:00,1,True,False,False,False,True,False,False,True,True,treino,3
0472fd7b9b8e5a40172eed867670e119b26dfe89,apache/zeppelin,True,False,1382337155,2013,apache/zeppelin,True,True,True,True,True,True,False,False,True,False,False,False,,2013-12-14 07:12:42+00:00,1,True,False,False,False,True,False,False,True,True,treino,3
05369fdb6c558d1f1348165db5c2c34df40bef60,apache/zeppelin,True,False,1381925625,2013,apache/zeppelin,True,True,True,True,True,True,False,False,True,False,False,False,,2013-10-21 13:44:42+00:00,2,True,False,False,False,True,False,False,True,True,treino,3
106c998511a818f491bb93b689e71f52d9957aba,apache/zeppelin,True,False,1382065199,2013,apache/zeppelin,True,True,True,True,True,True,False,False,True,False,False,False,,2013-10-21 13:44:42+00:00,2,True,False,False,False,True,False,False,True,True,treino,3
2470b2bc288e2c93d5c9e7e3d1d226b74ab22c79,apache/zeppelin,True,False,1390617869,2014,apache/zeppelin,True,True,True,True,True,True,False,False,True,False,False,False,,2014-02-16 00:13:31+00:00,1,True,False,False,False,True,False,False,True,True,treino,3
3b63bdbc93ee64ad33e586a8f4e9c8ab19643ac7,apache/zeppelin,True,True,1382313433,2013,apache/zeppelin,True,True,True,True,True,True,False,False,True,True,False,False,,2013-10-28 09:01:17+00:00,2,True,False,False,False,True,False,False,True,True,treino,3
470824fdac1cf2a1e7bd76a9de9d830a21fa0a5e,apache/zeppelin,True,False,1382281943,2013,apache/zeppelin,True,True,True,True,True,True,False,False,True,False,False,False,,2013-10-20 23:57:13+00:00,1,True,False,False,False,True,False,False,True,True,treino,3
555cec4fc75c6d2d62450afbe7e3d45ebe2e07b3,apache/zeppelin,True,False,1381931832,2013,apache/zeppelin,True,True,True,True,True,True,False,False,True,False,False,False,,2013-10-21 13:44:42+00:00,1,True,False,False,False,True,False,False,True,True,treino,3
59dde9ac687aa547f54df1a3ea8abddb8c1ba835,apache/zeppelin,True,False,1381999463,2013,apache/zeppelin,True,True,True,True,True,True,False,False,True,False,False,False,,2013-10-21 13:44:42+00:00,1,True,False,False,False,True,False,False,True,True,treino,3
6618016221d311ba64be2b6f52591d28cc6c1c08,apache/zeppelin,True,False,1382345851,2013,apache/zeppelin,True,True,True,True,True,True,False,False,True,False,False,False,,2013-10-28 09:01:17+00:00,2,True,False,False,False,True,False,False,True,True,treino,3
708242ad57c8511a64fb3f398d998e1ad4b43505,apache/zeppelin,True,False,1390543687,2014,apache/zeppelin,True,True,True,True,True,True,False,False,True,False,False,False,,2014-02-16 00:13:31+00:00,1,True,False,False,False,True,False,False,True,True,treino,3
7120ff86260ec19e2fd82fbf40e594b9accf2b33,apache/zeppelin,True,False,1389959495,2014,apache/zeppelin,True,True,True,True,True,True,False,False,True,False,False,False,,2014-02-16 00:13:31+00:00,1,True,False,False,False,True,False,False,True,True,treino,3
732e959b3a7f3206ef2665b6c238a8e637827833,apache/zeppelin,True,False,1390478448,2014,apache/zeppelin,True,True,True,True,True,True,False,False,True,False,False,False,,2014-02-19 01:31:18+00:00,1,True,False,False,False,True,False,False,True,True,treino,3
7b701d3e6b99e130c79cfe5533e2939f9c077661,apache/zeppelin,True,False,1382175728,2013,apache/zeppelin,True,True,True,True,True,True,False,False,True,False,False,False,,2013-10-20 23:57:13+00:00,3,True,False,False,False,True,False,False,True,True,treino,3
835121ab3fab6195fd93aa84135c9ce60498da32,apache/zeppelin,True,False,1381988072,2013,apache/zeppelin,True,True,True,True,True,True,False,False,True,False,False,False,,2013-10-21 13:44:42+00:00,1,True,False,False,False,True,False,False,True,True,treino,3
889037799aa3db7dfea7e7755c2232b2317ceaa8,apache/zeppelin,True,False,1383404493,2013,apache/zeppelin,True,True,True,True,True,True,False,False,True,False,False,False,,2014-02-16 00:13:31+00:00,1,True,False,False,False,True,False,False,True,True,treino,3
92b6fa9f4c8319b489c7393c1a329841e7df025e,apache/zeppelin,True,False,1382073393,2013,apache/zeppelin,True,True,True,True,True,True,False,False,True,False,False,False,,2013-10-21 13:44:42+00:00,1,True,False,False,False,True,False,False,True,True,treino,3
96c792c295a4bd9ce6cfd0d46f6512b1446b5000,apache/zeppelin,True,False,1381988890,2013,apache/zeppelin,True,True,True,True,True,True,False,False,True,False,False,False,,2013-10-21 13:44:42+00:00,1,True,False,False,False,True,False,False,True,True,treino,3
98bc5f32c42b047e6d5f92c044eac7c631abf124,apache/zeppelin,True,False,1381997506,2013,apache/zeppelin,True,True,True,True,True,True,False,False,True,False,False,False,,2013-10-21 13:44:42+00:00,1,True,False,False,False,True,False,False,True,True,treino,3
9bd3409da4b724276e56a3da0dc230ff02b3fa3f,apache/zeppelin,True,False,1381925638,2013,apache/zeppelin,True,True,True,True,True,True,False,False,True,False,False,False,,2013-10-21 13:44:42+00:00,1,True,False,False,False,True,False,False,True,True,treino,3
abc3478f7eebddd5898a4e1986a7e380c3d5d9c2,apache/zeppelin,True,False,1383784613,2013,apache/zeppelin,True,True,True,True,True,True,False,False,True,False,False,False,,2013-12-14 07:12:42+00:00,1,True,False,False,False,True,False,False,True,True,treino,3
b42bbc022d270f86d21ce198a17b4166828c1d95,apache/zeppelin,True,False,1383642667,2013,apache/zeppelin,True,True,True,True,True,True,False,False,True,False,False,False,,2013-12-14 07:12:42+00:00,1,True,False,False,False,True,False,False,True,True,treino,3
c07c7714ded46a76ed50549bef6f70a69fa61060,apache/zeppelin,True,False,1390583452,2014,apache/zeppelin,True,True,True,True,True,True,False,False,True,False,False,False,,2014-02-16 00:13:31+00:00,2,True,False,False,False,True,False,False,True,True,treino,3
c58b690930e1b9428396358d4873661797e8c6c9,apache/zeppelin,True,False,1391217792,2014,apache/zeppelin,True,True,True,True,True,True,False,False,True,False,False,False,,2014-02-19 01:31:18+00:00,1,True,False,False,False,True,False,False,True,True,treino,3
d7088d7ce2d3a1dfabbff510c25a4cb91113f157,apache/zeppelin,True,False,1382066054,2013,apache/zeppelin,True,True,True,True,True,True,False,False,True,False,False,False,,2013-10-21 13:44:42+00:00,2,True,False,False,False,True,False,False,True,True,treino,3
e9d0b3efe02a2f1e775664456b0c3173669413a6,apache/zeppelin,True,False,1390703790,2014,apache/zeppelin,True,True,True,True,True,True,False,False,True,False,False,False,,2014-02-19 01:31:18+00:00,1,True,False,False,False,True,False,False,True,True,treino,3
eae08cfbaaf41a562db98c954f136742fdb639c1,apache/zeppelin,True,True,1392509611,2014,apache/zeppelin,True,True,True,True,True,True,False,False,True,True,False,False,,2014-02-18 01:35:04+00:00,1,True,False,False,False,True,False,False,True,True,treino,3
f0ee8f5d1318b6ea694e1423d15a84960ffd758b,apache/zeppelin,True,False,1391205112,2014,apache/zeppelin,True,True,True,True,True,True,False,False,True,False,False,False,,2014-02-16 00:13:31+00:00,2,True,False,False,False,True,False,False,True,True,treino,3
50e2b746fcc1b1d2803ca2acc3e1d2b78812b007,apache/groovy,True,True,1397202440,2014,apache/groovy,True,True,True,True,True,True,False,False,True,True,False,False,,2014-12-05 13:07:24+00:00,4,True,False,False,False,True,True,False,False,True,treino,4
9319fc6f5d4185dac604d6f2f66a8873fcdc15f0,apache/groovy,True,False,1396260220,2014,apache/groovy,True,True,True,True,True,True,False,False,True,False,False,False,,2014-04-11 07:47:20+00:00,3,True,False,False,False,True,True,False,False,True,treino,4
c08e1775b90c75a2cc21f2764082eabe5aaddb8f,apache/groovy,True,False,1386923265,2014,apache/groovy,True,True,True,True,True,True,False,False,True,False,False,False,,2014-12-05 13:07:24+00:00,3,True,False,False,False,True,True,False,False,True,treino,4
e6d23d869486f93eacb6aeff5884be6c99fa38a4,apache/groovy,True,True,1421323232,2015,apache/groovy,True,True,True,True,True,True,False,False,True,True,False,False,,2015-03-06 20:32:29+00:00,2,True,False,False,False,True,True,False,False,True,treino,4
f41a3de8461c6ddf1224384c02507ed9c362e526,apache/groovy,True,False,1418313464,2014,apache/groovy,True,True,True,True,True,True,False,False,True,False,False,False,,2015-01-15 12:00:32+00:00,2,True,False,False,False,True,True,False,False,True,treino,4
1342ed9b5c11a286d114f18b912f73670ef310db,apache/hbase,True,False,1213827874,2008,apache/hbase,True,True,True,True,True,True,False,False,True,False,False,False,,2009-01-24 07:11:32+00:00,2,True,False,False,False,True,True,False,False,True,treino,4
635768d28a76131a28467f8b469d74a527dc98b4,apache/hbase,True,True,1273795145,2010,apache/hbase,True,True,True,True,True,True,False,False,True,True,False,False,,2010-09-01 22:34:12+00:00,8,True,False,False,False,True,True,False,False,True,treino,4
74f6e25c8f0714ebf12344e3ef8e26493b40261f,apache/hbase,True,False,1384875575,2013,apache/hbase,True,True,True,True,True,True,False,False,True,False,False,False,,2014-06-25 09:01:42+00:00,3,True,False,False,False,True,True,False,False,True,treino,4
d1619bceb3142f3ab8c134365e18a150fbd5b9bf,apache/hbase,True,False,1425020626,2015,apache/hbase,True,True,True,True,True,True,False,False,True,False,False,False,,2015-04-01 04:14:23+00:00,3,True,False,False,False,True,True,False,False,True,treino,4
01a8b73c87dc9668c22cf655993d62738d483a5e,apache/hive,True,False,1268689785,2010,apache/hive,True,True,True,True,True,True,False,False,True,False,False,False,,2010-12-16 21:46:19+00:00,6,True,False,True,True,False,True,False,False,True,treino,4
0900bfe1fb385f55503fb722fc7366dd60bc6e24,apache/hive,True,False,1268083991,2010,apache/hive,True,True,True,True,True,True,False,False,True,False,False,False,,2011-05-23 20:34:58+00:00,6,True,False,True,True,False,True,False,False,True,treino,4
13cfdd7470625c0921fa94098ad1729797e97460,apache/hive,True,True,1272862621,2010,apache/hive,True,True,True,True,True,True,False,False,True,True,False,False,,2010-11-30 00:05:19+00:00,2,True,False,True,True,False,True,False,False,True,treino,4
4e380f0ac59e4f5f2e9f1da3f50dac04f3eef880,apache/hive,True,False,1287465422,2010,apache/hive,True,True,True,True,True,True,False,False,True,False,False,False,,2010-11-16 21:49:44+00:00,4,True,False,True,True,False,True,False,False,True,treino,4
8a772649487253c47b82ffe27d689bef9ef6d782,apache/hive,True,False,1273693495,2010,apache/hive,True,True,True,True,True,True,False,False,True,False,False,False,,2018-07-23 06:18:35+00:00,2,True,False,True,True,False,True,False,False,True,treino,4
b70cd2dac8047bf1d225c87e8d84f73456e57008,apache/hive,True,False,1262930210,2010,apache/hive,True,True,True,True,True,True,False,False,True,False,False,False,,2011-01-20 06:58:19+00:00,3,True,False,True,True,False,True,False,False,True,treino,4
fc7838470465474f777bd17791c1bb5f9c348521,apache/spark,True,False,1398142660,2014,apache/spark,True,True,True,True,True,True,False,False,True,False,False,False,,2015-03-13 13:34:50+00:00,2,True,False,True,True,False,True,False,False,True,treino,4
361070f8f279ebd97bbf132ebe78fc4f7ac818b7,apache/zeppelin,True,False,1410835123,2014,apache/zeppelin,True,True,True,True,True,True,False,False,True,False,False,False,,2014-09-22 18:11:57+00:00,2,True,False,False,False,True,True,False,False,True,treino,4
8f006e625a17346dc68d050692fcf728ce74e0e2,apache/zeppelin,True,False,1410720576,2014,apache/zeppelin,True,True,True,True,True,True,False,False,True,False,False,False,,2014-09-22 18:11:57+00:00,7,True,False,False,False,True,True,False,False,True,treino,4
fd79b9851ed561c1338faec430546b752f12b782,apache/zeppelin,True,False,1382175570,2013,apache/zeppelin,True,True,True,True,True,True,False,False,True,False,False,False,,2013-10-20 23:57:13+00:00,2,True,False,False,False,True,True,False,False,True,treino,4
