commit_id,project,buggy,fix,author_date,year,project_familia,szz_bruto,ligado_issue,apos_temporal,apos_fixcount,apos_bugcount,apos_ast,origem_limpo_residual,origem_fix_sem_bug_rastreado,buggy_reconstruido,fix_reconstruido,rotulo_divergente,negativo_candidato_szz_descartado,motivo_descarte,primeira_correcao_vinculada,n_pares_aceitos,algum_relato_fixed,positivo_sem_relato_fixed,algum_vinculo_sem_chave,alguma_colisao_issue_pr,alguma_correcao_antes_relato,alguma_evidencia_sem_alerta,positivo_so_vinculos_sem_chave,positivo_sem_evidencia_sem_alerta,positivo_para_revisao,particao
79edac4893a0e4e13617f86917c46ac6e9a47516,apache/cassandra,False,True,1273240640,2010,apache/cassandra,True,True,True,False,False,False,False,True,False,True,False,True,fixcount_acima_limite,,0,False,False,False,False,False,False,False,False,False,treino
4dc9d5667672291fd355cec7a668bb483801fafb,apache/cassandra,False,True,1279109450,2010,apache/cassandra,True,True,False,False,False,False,False,True,False,True,False,True,ordem_temporal,,0,False,False,False,False,False,False,False,False,False,treino
ed623da76d08da4921db6f37d48ce28eecb033df,apache/cassandra,False,True,1278003097,2010,apache/cassandra,True,True,True,False,False,False,False,True,False,True,False,True,fixcount_acima_limite,,0,False,False,False,False,False,False,False,False,False,treino
5b65bc0eccea14f071e56a6092fd21df3fb2e19b,apache/groovy,False,True,1270394239,2010,apache/groovy,True,True,True,False,False,False,False,True,False,True,False,True,fixcount_acima_limite,,0,False,False,False,False,False,False,False,False,False,treino
cee4d2059815e2f5157a1facee8861d8773bcd39,apache/cassandra,False,True,1285342235,2010,apache/cassandra,True,True,True,False,False,False,False,True,False,True,False,True,fixcount_acima_limite,,0,False,False,False,False,False,False,False,False,False,treino
c8fa4726a92c06114c268e2e8193312790ba3e42,apache/groovy,False,True,1271176118,2010,apache/groovy,True,True,True,False,False,False,False,True,False,True,False,True,fixcount_acima_limite,,0,False,False,False,False,False,False,False,False,False,treino
c933bb326899b83dd136f8a31b090849c802084c,apache/cassandra,False,True,1293490616,2010,apache/cassandra,True,True,True,True,False,False,False,True,False,True,False,True,bugcount_acima_limite,,0,False,False,False,False,False,False,False,False,False,treino
486864605ce3fff26ff4988492afa5258ca9a5ec,apache/cassandra,False,True,1292600041,2010,apache/cassandra,True,True,True,False,False,False,False,True,False,True,False,True,fixcount_acima_limite,,0,False,False,False,False,False,False,False,False,False,treino
0342aa8568591754d7f85c7509af5c1f56868090,apache/groovy,False,True,1285958649,2010,apache/groovy,True,True,True,False,False,False,False,True,False,True,False,True,fixcount_acima_limite,,0,False,False,False,False,False,False,False,False,False,treino
58ee62d7b872109340bc4a0208f875481c1d299b,apache/hadoop-mapreduce,False,True,1285561549,2010,apache/hadoop (familia),True,True,False,False,False,False,False,True,False,True,False,True,ordem_temporal,,0,False,False,False,False,False,False,False,False,False,treino
1c05f3d33cef741152b49984644c8012d3b68c26,apache/hadoop-mapreduce,False,True,1288156966,2010,apache/hadoop (familia),True,True,True,False,False,False,False,True,False,True,False,True,fixcount_acima_limite,,0,False,False,False,False,False,False,False,False,False,treino
b9e11876802e77bd5d2930e4417a73493783aaa3,apache/hive,False,True,1292360366,2010,apache/hive,True,True,True,False,False,False,False,True,False,True,False,True,fixcount_acima_limite,,0,False,False,False,False,False,False,False,False,False,treino
09bee8d7fcc33d61b90878214e64a475a89cf60e,apache/hive,False,True,1287603153,2010,apache/hive,True,True,True,False,False,False,False,True,False,True,False,True,fixcount_acima_limite,,0,False,False,False,False,False,False,False,False,False,treino
ddb19a04fc8714542b25f4ffd4e43db2739a0e39,apache/hive,False,True,1283260981,2010,apache/hive,True,True,True,False,False,False,False,True,False,True,False,True,fixcount_acima_limite,,0,False,False,False,False,False,False,False,False,False,treino
92b6d24f68e18b865c650914fafd2460b396afa9,apache/hadoop-hdfs,False,True,1278437139,2010,apache/hadoop (familia),True,True,False,False,False,False,False,True,False,True,False,True,ordem_temporal,,0,False,False,False,False,False,False,False,False,False,treino
97517336485cb80c322c6ed4cbedb481e8e7964e,apache/hadoop-hdfs,False,True,1266362089,2010,apache/hadoop (familia),True,True,False,False,False,False,False,True,False,True,False,True,ordem_temporal,,0,False,False,False,False,False,False,False,False,False,treino
caea869b1f25f6be65053c59d455e74d1e835d5d,apache/hadoop-hdfs,False,True,1273863926,2010,apache/hadoop (familia),True,True,False,False,False,False,False,True,False,True,False,True,ordem_temporal,,0,False,False,False,False,False,False,False,False,False,treino
aa7577b01d3da7dd45e80f1f50cdb45bc062b8e1,apache/hadoop-hdfs,False,True,1276218086,2010,apache/hadoop (familia),True,True,False,False,False,False,False,True,False,True,False,True,ordem_temporal,,0,False,False,False,False,False,False,False,False,False,treino
dd3195ca408f1767464dc7fadba882683e65ba0d,apache/hbase,False,True,1291078373,2010,apache/hbase,True,True,True,False,False,False,False,True,False,True,False,True,fixcount_acima_limite,,0,False,False,False,False,False,False,False,False,False,treino
2778fced7580043d58116f83badc8629b290505f,apache/hbase,False,True,1291065176,2010,apache/hbase,True,True,True,False,False,False,False,True,False,True,False,True,fixcount_acima_limite,,0,False,False,False,False,False,False,False,False,False,treino
6351d3c964c4cbe0342edb893f8314c793179afd,apache/hbase,False,True,1279580328,2010,apache/hbase,True,True,True,False,False,False,False,True,False,True,False,True,fixcount_acima_limite,,0,False,False,False,False,False,False,False,False,False,treino
d98956f9cda1d262e02e908eaa5e2520a561a20a,apache/hbase,False,True,1283898040,2010,apache/hbase,True,True,True,False,False,False,False,True,False,True,False,True,fixcount_acima_limite,,0,False,False,False,False,False,False,False,False,False,treino
6e80c35a98eb77c310b1a84b5c0d604f298331d5,apache/hbase,False,True,1289456194,2010,apache/hbase,True,True,True,False,False,False,False,True,False,True,False,True,fixcount_acima_limite,,0,False,False,False,False,False,False,False,False,False,treino
443340e181d01e6b300c6c9b5c13494de1e14fc6,apache/hbase,False,True,1289688368,2010,apache/hbase,True,True,True,False,False,False,False,True,False,True,False,True,fixcount_acima_limite,,0,False,False,False,False,False,False,False,False,False,treino
d8c6ed3be515198920394e48f01d643bccec6bf2,apache/hbase,False,True,1289790711,2010,apache/hbase,True,True,True,False,False,False,False,True,False,True,False,True,fixcount_acima_limite,,0,False,False,False,False,False,False,False,False,False,treino
d515f536f220368bd4d62bfdfc10e0f453cd4c84,apache/camel,False,True,1271140204,2010,apache/camel,True,True,True,False,False,False,False,True,False,True,False,True,fixcount_acima_limite,,0,False,False,False,False,False,False,False,False,False,treino
b487b579983f64c72dbe70a7f3312952e872fca1,apache/hadoop-mapreduce,False,True,1295996283,2011,apache/hadoop (familia),True,True,False,False,False,False,False,True,False,True,False,True,ordem_temporal,,0,False,False,False,False,False,False,False,False,False,treino
3e454af064f616b9825f3d51eb30a0553d47ab87,apache/hadoop-mapreduce,False,True,1296600081,2011,apache/hadoop (familia),True,True,False,False,False,False,False,True,False,True,False,True,ordem_temporal,,0,False,False,False,False,False,False,False,False,False,treino
b719613a5722bb7f696a1cc164b164e3fd4b963a,apache/hive,False,True,1300221627,2011,apache/hive,True,True,True,False,False,False,False,True,False,True,False,True,fixcount_acima_limite,,0,False,False,False,False,False,False,False,False,False,treino
65c6f3ae0659bcea463e1c4973530638dee09bbd,apache/hive,False,True,1296755229,2011,apache/hive,True,True,True,False,False,False,False,True,False,True,False,True,fixcount_acima_limite,,0,False,False,False,False,False,False,False,False,False,treino
40b9582cba62f3c57b87e3753358e9105aa4b4d6,apache/hive,False,True,1300389953,2011,apache/hive,True,True,True,False,False,False,False,True,False,True,False,True,fixcount_acima_limite,,0,False,False,False,False,False,False,False,False,False,treino
24a9d9021411aecca442ebe66a98f5c0ff5b5bdb,apache/hive,False,True,1319514419,2011,apache/hive,True,True,True,False,False,False,False,True,False,True,False,True,fixcount_acima_limite,,0,False,False,False,False,False,False,False,False,False,treino
67fa218795790504c35b43c70eca63c2abff7aab,apache/hive,False,True,1312830439,2011,apache/hive,True,True,True,False,False,False,False,True,False,True,False,True,fixcount_acima_limite,,0,False,False,False,False,False,False,False,False,False,treino
5c778cdee3774ce009f941176f9c312074e39872,apache/hadoop-hdfs,False,True,1309886347,2011,apache/hadoop (familia),True,True,False,False,False,False,False,True,False,True,False,True,ordem_temporal,,0,False,False,False,False,False,False,False,False,False,treino
be313935e54be450d9aaabda7965a2f266e922c9,apache/cassandra,False,True,1324286418,2011,apache/cassandra,True,True,True,False,False,False,False,True,False,True,False,True,fixcount_acima_limite,,0,False,False,False,False,False,False,False,False,False,treino
db0d3131c2afa9f5bf75e30774d04e6bc56a1d52,apache/cassandra,False,True,1323721873,2011,apache/cassandra,True,True,True,False,False,False,False,True,False,True,False,True,fixcount_acima_limite,,0,False,False,False,False,False,False,False,False,False,treino
1f073123f61dd7245d1412adbccd4be2337705cf,apache/cassandra,False,True,1299168376,2011,apache/cassandra,True,True,True,False,False,False,False,True,False,True,False,True,fixcount_acima_limite,,0,False,False,False,False,False,False,False,False,False,treino
eb39ab7b4e0c566f5cfb72e13a28ab7948df04b7,apache/cassandra,False,True,1294947717,2011,apache/cassandra,True,True,True,False,False,False,False,True,False,True,False,True,fixcount_acima_limite,,0,False,False,False,False,False,False,False,False,False,treino
160cb28d97b3d14094e60f53cb760f3f145f72e3,apache/cassandra,False,True,1317437211,2011,apache/cassandra,True,True,False,False,False,False,False,True,False,True,False,True,ordem_temporal,,0,False,False,False,False,False,False,False,False,False,treino
fa8defa22eb1c053c7186fa2d7e3af928d130022,apache/camel,False,True,1295877322,2011,apache/camel,True,True,True,False,False,False,False,True,False,True,False,True,fixcount_acima_limite,,0,False,False,False,False,False,False,False,False,False,treino
68a133174bfffa25940a0289d49bd272f7b4498d,apache/zookeeper,False,True,1308053515,2011,apache/zookeeper,True,True,True,False,False,False,False,True,False,True,False,True,fixcount_acima_limite,,0,False,False,False,False,False,False,False,False,False,treino
839ecef3ba74e2119dbd177795214d3ae1045bb2,apache/zookeeper,False,True,1310705424,2011,apache/zookeeper,True,True,False,False,False,False,False,True,False,True,False,True,ordem_temporal,,0,False,False,False,False,False,False,False,False,False,treino
17da0bdb279d30a0b1ded402de52d10b40bbf2d7,apache/hadoop-mapreduce,False,True,1317106610,2011,apache/hadoop (familia),True,True,True,False,False,False,False,True,False,True,False,True,fixcount_acima_limite,,0,False,False,False,False,False,False,False,False,False,treino
3d32010065d9e67db3d46006253a8c6f9d6e6f2f,apache/groovy,False,True,1316672951,2011,apache/groovy,True,True,True,False,False,False,False,True,False,True,False,True,fixcount_acima_limite,,0,False,False,False,False,False,False,False,False,False,treino
1316bf0665893b2745812866e0acc2fdc386af67,apache/groovy,False,True,1316499045,2011,apache/groovy,True,True,True,False,False,False,False,True,False,True,False,True,fixcount_acima_limite,,0,False,False,False,False,False,False,False,False,False,treino
82b8719940cd9f4140e1ce96e9ae32df446ebd89,apache/groovy,False,True,1322087734,2011,apache/groovy,True,True,True,False,False,False,False,True,False,True,False,True,fixcount_acima_limite,,0,False,False,False,False,False,False,False,False,False,treino
42225e8ae6c679d3fb6c413d74225c859522015c,apache/groovy,False,True,1322586153,2011,apache/groovy,True,True,True,False,False,False,False,True,False,True,False,True,fixcount_acima_limite,,0,False,False,False,False,False,False,False,False,False,treino
4253dabb3a109d2eacb9b8e9a26cf0ae0a2d51e1,apache/groovy,False,True,1322642155,2011,apache/groovy,True,True,True,False,False,False,False,True,False,True,False,True,fixcount_acima_limite,,0,False,False,False,False,False,False,False,False,False,treino
eca8e0a8f67e5cda9aac82605ef6c1d2d0d9b49a,apache/hbase,False,True,1316142418,2011,apache/hbase,True,True,True,False,False,False,False,True,False,True,False,True,fixcount_acima_limite,,0,False,False,False,False,False,False,False,False,False,treino
5486d8df706d3fb203a8d80833f1566e442deda0,apache/hbase,False,True,1302755065,2011,apache/hbase,True,True,True,False,False,False,False,True,False,True,False,True,fixcount_acima_limite,,0,False,False,False,False,False,False,False,False,False,treino
6b60585fef3734b16fcad4c781d019f64c52e8ea,apache/hbase,False,True,1323903165,2011,apache/hbase,True,True,True,False,False,False,False,True,False,True,False,True,fixcount_acima_limite,,0,False,False,False,False,False,False,False,False,False,treino
456e7fbb60aa7dd1aca122441dc4137fdca4b8f4,apache/hbase,False,True,1317789785,2011,apache/hbase,True,True,True,False,False,False,False,True,False,True,False,True,fixcount_acima_limite,,0,False,False,False,False,False,False,False,False,False,treino
a5c87acadde8007dd81bfd4656465ced75345c09,apache/hbase,False,True,1321983679,2011,apache/hbase,True,True,True,False,False,False,False,True,False,True,False,True,fixcount_acima_limite,,0,False,False,False,False,False,False,False,False,False,treino
fa2b058dd52fb447b893512dfbb5eb370c456926,apache/activemq,False,True,1312373986,2011,apache/activemq,True,True,True,False,False,False,False,True,False,True,False,True,fixcount_acima_limite,,0,False,False,False,False,False,False,False,False,False,treino
21e68ab791a7b69c6a1461e72c75694d28f73987,apache/hbase,False,True,1301635597,2011,apache/hbase,True,True,True,False,False,False,False,True,False,True,False,True,fixcount_acima_limite,,0,False,False,False,False,False,False,False,False,False,treino
b1577b066ac5e82845ff8570c40f5cd72d9e9861,apache/camel,False,True,1344948775,2012,apache/camel,True,True,True,False,False,False,False,True,False,True,False,True,fixcount_acima_limite,,0,False,False,False,False,False,False,False,False,False,treino
b50a3c5de32842835962e2c341cfffd14ad692d3,apache/hadoop-mapreduce,False,True,1351789372,2012,apache/hadoop (familia),True,True,True,False,False,False,False,True,False,True,False,True,fixcount_acima_limite,,0,False,False,False,False,False,False,False,False,False,treino
949b34e72215f83d1ded0421350661bd1d6ad2a5,apache/hadoop-mapreduce,False,True,1333472590,2012,apache/hadoop (familia),True,True,True,False,False,False,False,True,False,True,False,True,fixcount_acima_limite,,0,False,False,False,False,False,False,False,False,False,treino
1e488138a84604e783ce274ab1bf0c5a372866eb,apache/hadoop-mapreduce,False,True,1338833158,2012,apache/hadoop (familia),True,True,True,False,False,False,False,True,False,True,False,True,fixcount_acima_limite,,0,False,False,False,False,False,False,False,False,False,treino
5c19b6b7b6366afcda499ee1cb04dbf5bd30394a,apache/hadoop-hdfs,False,True,1349307488,2012,apache/hadoop (familia),True,True,False,False,False,False,False,True,False,True,False,True,ordem_temporal,,0,False,False,False,False,False,False,False,False,False,treino
43ae84761fa60fe6336042f5367a79436da279b7,apache/hadoop-hdfs,False,True,1349299845,2012,apache/hadoop (familia),True,True,True,False,False,False,False,True,False,True,False,True,fixcount_acima_limite,,0,False,False,False,False,False,False,False,False,False,treino
d1060da7a0612b2a820a483ad8fa73f61f3baa2b,apache/groovy,False,True,1346228238,2012,apache/groovy,True,True,False,False,False,False,False,True,False,True,False,True,ordem_temporal,,0,False,False,False,False,False,False,False,False,False,treino
d8a4a2494f803bc6c7ee912daef468579f8c4294,apache/groovy,False,True,1339341898,2012,apache/groovy,True,True,True,False,False,False,False,True,False,True,False,True,fixcount_acima_limite,,0,False,False,False,False,False,False,False,False,False,treino
3cdc975151d774419c345894dd1032a3eaade7ab,apache/groovy,False,True,1336550172,2012,apache/groovy,True,True,True,False,False,False,False,True,False,True,False,True,fixcount_acima_limite,,0,False,False,False,False,False,False,False,False,False,treino
84f034bf972298e4e90ecfa283f255c6fed6235a,apache/groovy,False,True,1329214990,2012,apache/groovy,True,True,True,False,False,False,False,True,False,True,False,True,fixcount_acima_limite,,0,False,False,False,False,False,False,False,False,False,treino
ac8bbb17ee86e2aede17672da5ee64824ae01381,apache/cassandra,False,True,1338969872,2012,apache/cassandra,True,True,True,False,False,False,False,True,False,True,False,True,fixcount_acima_limite,,0,False,False,False,False,False,False,False,False,False,treino
f64c17e428ce4fc73bca4119b4513762cd0120af,apache/cassandra,False,True,1326184011,2012,apache/cassandra,True,True,True,False,False,False,False,True,False,True,False,True,fixcount_acima_limite,,0,False,False,False,False,False,False,False,False,False,treino
3e27a320b41179e9b14c006271827fb79ca5c229,apache/cassandra,False,True,1355417521,2012,apache/cassandra,True,True,True,False,False,False,False,True,False,True,False,True,fixcount_acima_limite,,0,False,False,False,False,False,False,False,False,False,treino
b44abadafb5e54e579c2e726036ca07c8f74b3f4,apache/cassandra,False,True,1353954121,2012,apache/cassandra,True,True,False,False,False,False,False,True,False,True,False,True,ordem_temporal,,0,False,False,False,False,False,False,False,False,False,treino
a05f6766e292769fde3b7536e5586cf324a1cb17,apache/cassandra,False,True,1352730436,2012,apache/cassandra,True,True,True,False,False,False,False,True,False,True,False,True,fixcount_acima_limite,,0,False,False,False,False,False,False,False,False,False,treino
c64d975cdf9eebddb04801573035a7272f779fed,apache/cassandra,False,True,1347402169,2012,apache/cassandra,True,True,True,False,False,False,False,True,False,True,False,True,fixcount_acima_limite,,0,False,False,False,False,False,False,False,False,False,treino
d401d9f1deaad08ff0a76e3795ec4b1c0fa72421,apache/cassandra,False,True,1351698156,2012,apache/cassandra,True,True,False,False,False,False,False,True,False,True,False,True,ordem_temporal,,0,False,False,False,False,False,False,False,False,False,treino
08491e4f59350bfedfe17a5929a1c6f58523ff61,apache/hbase,False,True,1351054048,2012,apache/hbase,True,True,True,False,False,False,False,True,False,True,False,True,fixcount_acima_limite,,0,False,False,False,False,False,False,False,False,False,treino
89a985f28cd2cdddf84b313a7009d400b8968aab,apache/hbase,False,True,1334780750,2012,apache/hbase,True,True,False,False,False,False,False,True,False,True,False,True,ordem_temporal,,0,False,False,False,False,False,False,False,False,False,treino
fc8d2fe64550f94482373e201bb41701b3bbcee4,apache/hbase,False,True,1327168028,2012,apache/hbase,True,True,True,False,False,False,False,True,False,True,False,True,fixcount_acima_limite,,0,False,False,False,False,False,False,False,False,False,treino
d821f6fcfce45762ded6139dccca198dc182177d,apache/hbase,False,True,1325976476,2012,apache/hbase,True,True,True,False,False,False,False,True,False,True,False,True,fixcount_acima_limite,,0,False,False,False,False,False,False,False,False,False,treino
00cfc8f7f79ee60851bc542fe149560814d8eac1,apache/hbase,False,True,1335980443,2012,apache/hbase,True,True,True,False,False,False,False,True,False,True,False,True,fixcount_acima_limite,,0,False,False,False,False,False,False,False,False,False,treino
30c7e958ee20256a3d3fb88606eec7302139680f,apache/hbase,False,True,1349418532,2012,apache/hbase,True,True,True,False,False,False,False,True,False,True,False,True,fixcount_acima_limite,,0,False,False,False,False,False,False,False,False,False,treino
d6cca23ed39a07f3ea722396481ec6777abc04a6,apache/hbase,False,True,1349158189,2012,apache/hbase,True,True,True,False,False,False,False,True,False,True,False,True,fixcount_acima_limite,,0,False,False,False,False,False,False,False,False,False,treino
7adcc74aeba001d03c1baaeab09c805d3ee2118e,apache/hbase,False,True,1349126422,2012,apache/hbase,True,True,True,False,False,False,False,True,False,True,False,True,fixcount_acima_limite,,0,False,False,False,False,False,False,False,False,False,treino
60449458da6e8ca8fbefa3c2c9c379380847767c,apache/hbase,False,True,1347916327,2012,apache/hbase,True,True,True,False,False,False,False,True,False,True,False,True,fixcount_acima_limite,,0,False,False,False,False,False,False,False,False,False,treino
2131ef1cf8fa7e200c6dd3db7909b06b9e8e4632,apache/hbase,False,True,1344002523,2012,apache/hbase,True,True,True,False,False,False,False,True,False,True,False,True,fixcount_acima_limite,,0,False,False,False,False,False,False,False,False,False,treino
dc9223f3ddcbae5ca2329363b9d56b22787291c5,apache/hbase,False,True,1340817249,2012,apache/hbase,True,True,True,False,False,False,False,True,False,True,False,True,fixcount_acima_limite,,0,False,False,False,False,False,False,False,False,False,treino
bf1470c6c7a657a57aecd4d224589e8e92ff2296,apache/hbase,False,True,1338422380,2012,apache/hbase,True,True,True,False,False,False,False,True,False,True,False,True,fixcount_acima_limite,,0,False,False,False,False,False,False,False,False,False,treino
af510fa61b2203aca2c210aee9542f05e2692659,apache/hive,False,True,1346227598,2012,apache/hive,True,True,True,False,False,False,False,True,False,True,False,True,fixcount_acima_limite,,0,False,False,False,False,False,False,False,False,False,treino
e9a2e63c1502f2d4658dad88336946795c1bd8b5,apache/hive,False,True,1345850824,2012,apache/hive,True,True,True,False,False,False,False,True,False,True,False,True,fixcount_acima_limite,,0,False,False,False,False,False,False,False,False,False,treino
6c84a5bc499adc217dea3d51bf7ece7be250d9b6,apache/hive,False,True,1327854860,2012,apache/hive,True,True,True,False,False,False,False,True,False,True,False,True,fixcount_acima_limite,,0,False,False,False,False,False,False,False,False,False,treino
9cf436aef51fb14ebd4fe2952a3db2dfa35e8fa9,apache/hadoop-mapreduce,False,True,1368998111,2013,apache/hadoop (familia),True,True,True,False,False,False,False,True,False,True,False,True,fixcount_acima_limite,,0,False,False,False,False,False,False,False,False,False,treino
c28c96461210294d4f98b39cf24e18dde1428e2c,apache/hadoop-hdfs,False,True,1378216165,2013,apache/hadoop (familia),True,True,True,False,False,False,False,True,False,True,False,True,fixcount_acima_limite,,0,False,False,False,False,False,False,False,False,False,treino
425f495591fde2b103e1fc76f6284d55009878f4,apache/hadoop-hdfs,False,True,1365524226,2013,apache/hadoop (familia),True,True,True,False,False,False,False,True,False,True,False,True,fixcount_acima_limite,,0,False,False,False,False,False,False,False,False,False,treino
04168b6e0ab7b734a81a3158434b51f815d928c6,apache/hive,False,True,1358321281,2013,apache/hive,True,True,True,False,False,False,False,True,False,True,False,True,fixcount_acima_limite,,0,False,False,False,False,False,False,False,False,False,treino
3a98e6a4705759af7b020be1c2d0a3f44c9ec5f7,apache/hive,False,True,1372699672,2013,apache/hive,True,True,False,False,False,False,False,True,False,True,False,True,ordem_temporal,,0,False,False,False,False,False,False,False,False,False,treino
c0e7f3435c821a2ffe99901d71792ac96ebfde99,apache/hive,False,True,1374719971,2013,apache/hive,True,True,True,False,False,False,False,True,False,True,False,True,fixcount_acima_limite,,0,False,False,False,False,False,False,False,False,False,treino
8436def177f0b20b90a294206cea700039b9948a,apache/hive,False,True,1382384093,2013,apache/hive,True,True,True,False,False,False,False,True,False,True,False,True,fixcount_acima_limite,,0,False,False,False,False,False,False,False,False,False,treino
6e2ed9cf37d7d0d6f86bc2e94c80ca38ebda27c5,apache/hive,False,True,1383819537,2013,apache/hive,True,True,True,False,False,False,False,True,False,True,False,True,fixcount_acima_limite,,0,False,False,False,False,False,False,False,False,False,treino
ef5a59a64871b51f1a7d38a76ee2277fca89f211,apache/hive,False,True,1386823111,2013,apache/hive,True,True,True,False,False,False,False,True,False,True,False,True,fixcount_acima_limite,,0,False,False,False,False,False,False,False,False,False,treino
7c6cc58bd9268000062156242b8b3d77b5697ffc,apache/hive,False,True,1388415242,2013,apache/hive,True,True,True,False,False,False,False,True,False,True,False,True,fixcount_acima_limite,,0,False,False,False,False,False,False,False,False,False,treino
f7b42ce8d78db92af15609410907a94c80b5376c,apache/hive,False,True,1381420892,2013,apache/hive,True,True,True,False,False,False,False,True,False,True,False,True,fixcount_acima_limite,,0,False,False,False,False,False,False,False,False,False,treino
79f3bf148814e629dc31ec0b69f9ea206bcc0e5f,apache/hive,False,True,1375748907,2013,apache/hive,True,True,True,True,False,False,False,True,False,True,False,True,bugcount_acima_limite,,0,False,False,False,False,False,False,False,False,False,treino
4d30eaed977d1e2d7f57603da0f76138149e30d2,apache/hive,False,True,1375774947,2013,apache/hive,True,True,True,True,False,False,False,True,False,True,False,True,bugcount_acima_limite,,0,False,False,False,False,False,False,False,False,False,treino
731e97663570510aca81fe183ef455d3ce342d43,apache/hive,False,True,1378246283,2013,apache/hive,True,True,True,False,False,False,False,True,False,True,False,True,fixcount_acima_limite,,0,False,False,False,False,False,False,False,False,False,excluido_extracao
d338d8a0d63af8b8c0ac153f0346ea5c2f24f4e1,apache/activemq,False,True,1370531259,2013,apache/activemq,True,True,True,False,False,False,False,True,False,True,False,True,fixcount_acima_limite,,0,False,False,False,False,False,False,False,False,False,treino
d9b54d6ae850f43e5211d48a83fdc5f67399deb8,apache/activemq,False,True,1369174716,2013,apache/activemq,True,True,True,False,False,False,False,True,False,True,False,True,fixcount_acima_limite,,0,False,False,False,False,False,False,False,False,False,treino
849baa6fbcfaab64de494888f5cf9e4346d15c05,apache/activemq,False,True,1359669004,2013,apache/activemq,True,True,False,False,False,False,False,True,False,True,False,True,ordem_temporal,,0,False,False,False,False,False,False,False,False,False,treino
3f496372bf7b0c936393d6d91544a259b96fb809,apache/hbase,False,True,1382125176,2013,apache/hbase,True,True,True,False,False,False,False,True,False,True,False,True,fixcount_acima_limite,,0,False,False,False,False,False,False,False,False,False,treino
8b9918454b51e2d84e17a8d8f8e33462866c271a,apache/hbase,False,True,1381916971,2013,apache/hbase,True,True,True,False,False,False,False,True,False,True,False,True,fixcount_acima_limite,,0,False,False,False,False,False,False,False,False,False,treino
a0d6e79a4c6beee7b069dad7832ffc93f330bfa1,apache/hbase,False,True,1360964271,2013,apache/hbase,True,True,True,False,False,False,False,True,False,True,False,True,fixcount_acima_limite,,0,False,False,False,False,False,False,False,False,False,treino
a832f774c4b6b067de271710103bb06f6d583b9a,apache/hbase,False,True,1363625044,2013,apache/hbase,True,True,True,False,False,False,False,True,False,True,False,True,fixcount_acima_limite,,0,False,False,False,False,False,False,False,False,False,treino
d37222180205b88f076e563d6669509a7f1e5cdd,apache/hbase,False,True,1363968325,2013,apache/hbase,True,True,True,False,False,False,False,True,False,True,False,True,fixcount_acima_limite,,0,False,False,False,False,False,False,False,False,False,treino
05defbdce39750ffc8b0e43456cc0f8192fe63f7,apache/hbase,False,True,1365047457,2013,apache/hbase,True,True,True,False,False,False,False,True,False,True,False,True,fixcount_acima_limite,,0,False,False,False,False,False,False,False,False,False,treino
bf78ef059fdb9dc35d611240274bd25f9ef2547d,apache/hbase,False,True,1365171028,2013,apache/hbase,True,True,True,False,False,False,False,True,False,True,False,True,fixcount_acima_limite,,0,False,False,False,False,False,False,False,False,False,treino
3aa26c113444f9ac533749ccb234283a082a01bc,apache/hbase,False,True,1360781647,2013,apache/hbase,True,True,True,False,False,False,False,True,False,True,False,True,fixcount_acima_limite,,0,False,False,False,False,False,False,False,False,False,treino
8ee50e0a01aa4f4d477a0fd1bb32c70bfcca1963,apache/hbase,False,True,1366058550,2013,apache/hbase,True,True,True,False,False,False,False,True,False,True,False,True,fixcount_acima_limite,,0,False,False,False,False,False,False,False,False,False,treino
507565e35fb81d914e4e339668e552d31841b28b,apache/hbase,False,True,1358972771,2013,apache/hbase,True,True,True,False,False,False,False,True,False,True,False,True,fixcount_acima_limite,,0,False,False,False,False,False,False,False,False,False,excluido_extracao
8ab32498b9403ac219c6d0af155206efde90d6fb,apache/hbase,False,True,1359652139,2013,apache/hbase,True,True,True,False,False,False,False,True,False,True,False,True,fixcount_acima_limite,,0,False,False,False,False,False,False,False,False,False,treino
de60f4999ee394a7e5bc9e6396ab3d915d160e63,apache/hbase,False,True,1377206130,2013,apache/hbase,True,True,True,False,False,False,False,True,False,True,False,True,fixcount_acima_limite,,0,False,False,False,False,False,False,False,False,False,treino
64ef5da6655a436112373fe3cc21d72ec25bb8df,apache/hbase,False,True,1366781641,2013,apache/hbase,True,True,False,False,False,False,False,True,False,True,False,True,ordem_temporal,,0,False,False,False,False,False,False,False,False,False,treino
45968ad1b9ab4056e24ccf8e5ce248144bcfb729,apache/hbase,False,True,1375143061,2013,apache/hbase,True,True,True,False,False,False,False,True,False,True,False,True,fixcount_acima_limite,,0,False,False,False,False,False,False,False,False,False,treino
be6adbdd7e3de7188f00abca4246dae1a9b74c1a,apache/hbase,False,True,1374552085,2013,apache/hbase,True,True,True,False,False,False,False,True,False,True,False,True,fixcount_acima_limite,,0,False,False,False,False,False,False,False,False,False,treino
4e53d1e75c1f327ece05cf4445dff4d3f2cdf44c,apache/cassandra,False,True,1382036650,2013,apache/cassandra,True,True,True,False,False,False,False,True,False,True,False,True,fixcount_acima_limite,,0,False,False,False,False,False,False,False,False,False,treino
01d81d27651c9608fa1344ea1ca769ea8ec4e4d6,apache/cassandra,False,True,1363962148,2013,apache/cassandra,True,True,True,False,False,False,False,True,False,True,False,True,fixcount_acima_limite,,0,False,False,False,False,False,False,False,False,False,treino
3dfca0d267ebbc74848e0c50286c774241b79158,apache/groovy,False,True,1381415058,2013,apache/groovy,True,True,True,False,False,False,False,True,False,True,False,True,fixcount_acima_limite,,0,False,False,False,False,False,False,False,False,False,treino
4446422142525a9c75bb0b479a746eeb83493de4,apache/groovy,False,True,1366897128,2013,apache/groovy,True,True,True,False,False,False,False,True,False,True,False,True,fixcount_acima_limite,,0,False,False,False,False,False,False,False,False,False,treino
555fa2d9d0dbb3bf2b209a953eb07a59bbfe3197,apache/hadoop-hdfs,False,True,1416773837,2014,apache/hadoop (familia),True,True,False,False,False,False,False,True,False,True,False,True,ordem_temporal,,0,False,False,False,False,False,False,False,False,False,treino
5efc9978ddf35f8f4e194e34a102a729dae69992,apache/hadoop-hdfs,False,True,1392228141,2014,apache/hadoop (familia),True,True,False,False,False,False,False,True,False,True,False,True,ordem_temporal,,0,False,False,False,False,False,False,False,False,False,treino
3b0db60113ec7fab4e7cc8a0f811646d857547b0,apache/hadoop-hdfs,False,True,1404885944,2014,apache/hadoop (familia),True,True,True,False,False,False,False,True,False,True,False,True,fixcount_acima_limite,,0,False,False,False,False,False,False,False,False,False,treino
c3ac6baac7bfea790a74fe7bc0a62a65202cb67e,apache/cassandra,False,True,1418406517,2014,apache/cassandra,True,True,True,False,False,False,False,True,False,True,False,True,fixcount_acima_limite,,0,False,False,False,False,False,False,False,False,False,treino
ac9cfbd9aeb91c3391d78724fe8cb1e49ada55aa,apache/cassandra,False,True,1418393433,2014,apache/cassandra,True,True,True,False,False,False,False,True,False,True,False,True,fixcount_acima_limite,,0,False,False,False,False,False,False,False,False,False,treino
b3c1e147b5cdeaba283e082f9091d907cdfdcfee,apache/cassandra,False,True,1415123773,2014,apache/cassandra,True,True,True,False,False,False,False,True,False,True,False,True,fixcount_acima_limite,,0,False,False,False,False,False,False,False,False,False,treino
20150727b49b5c4f2c5b35fd17b908054a5fd2d5,apache/cassandra,False,True,1408977241,2014,apache/cassandra,True,True,True,False,False,False,False,True,False,True,False,True,fixcount_acima_limite,,0,False,False,False,False,False,False,False,False,False,treino
a4e108c40b234fa754a56a21b63635b83f90aceb,apache/cassandra,False,True,1408550334,2014,apache/cassandra,True,True,True,False,False,False,False,True,False,True,False,True,fixcount_acima_limite,,0,False,False,False,False,False,False,False,False,False,treino
296903bd3c75cf35a4e0ec8cfc1a02e805c87f2f,apache/cassandra,False,True,1408464834,2014,apache/cassandra,True,True,True,False,False,False,False,True,False,True,False,True,fixcount_acima_limite,,0,False,False,False,False,False,False,False,False,False,treino
05920cb38bc8559704450965ce4bb326a917c86a,apache/cassandra,False,True,1410962770,2014,apache/cassandra,True,True,True,False,False,False,False,True,False,True,False,True,fixcount_acima_limite,,0,False,False,False,False,False,False,False,False,False,treino
1ed1af5b9baaecf5810ce3ca176ed3b14c8893b8,apache/cassandra,False,True,1408464597,2014,apache/cassandra,True,True,True,False,False,False,False,True,False,True,False,True,fixcount_acima_limite,,0,False,False,False,False,False,False,False,False,False,treino
79a4dd58cd060cc28f32e0fc17001fe1179552a2,apache/cassandra,False,True,1399564289,2014,apache/cassandra,True,True,True,False,False,False,False,True,False,True,False,True,fixcount_acima_limite,,0,False,False,False,False,False,False,False,False,False,treino
f4460a55b85759d2a631a2d931f10106e1748770,apache/cassandra,False,True,1399410610,2014,apache/cassandra,True,True,True,False,False,False,False,True,False,True,False,True,fixcount_acima_limite,,0,False,False,False,False,False,False,False,False,False,treino
562a22fcd29b215f921ed3a4f4fe26b6f2290530,apache/cassandra,False,True,1399063571,2014,apache/cassandra,True,True,True,False,False,False,False,True,False,True,False,True,fixcount_acima_limite,,0,False,False,False,False,False,False,False,False,False,treino
3a452e5bbabe1967ffc04aa34f2959d1efece282,apache/flink,False,True,1403104045,2014,apache/flink,True,True,True,False,False,False,False,True,False,True,False,True,fixcount_acima_limite,,0,False,False,False,False,False,False,False,False,False,treino
7c4c4a9d2fbc7b2ffdbd4668a36c21d503c672b2,apache/flink,False,True,1403047714,2014,apache/flink,True,True,False,False,False,False,False,True,False,True,False,True,ordem_temporal,,0,False,False,False,False,False,False,False,False,False,treino
d00f4440904d9322ed2ffca6fffee10d2569aa62,apache/camel,False,True,1403791627,2014,apache/camel,True,True,True,False,False,False,False,True,False,True,False,True,fixcount_acima_limite,,0,False,False,False,False,False,False,False,False,False,treino
e4c06854b4165a9e582b35427785ea34f489c44f,apache/hadoop-hdfs,False,True,1401468551,2014,apache/hadoop (familia),True,True,True,False,False,False,False,True,False,True,False,True,fixcount_acima_limite,,0,False,False,False,False,False,False,False,False,False,treino
26f20dca6a7ca492528000c4bfe4b4c3a40d4727,apache/hbase,False,True,1394927035,2014,apache/hbase,True,True,False,False,False,False,False,True,False,True,False,True,ordem_temporal,,0,False,False,False,False,False,False,False,False,False,treino
26eee4c5011ab9254d97572736acf6813afc97e1,apache/hbase,False,True,1395875709,2014,apache/hbase,True,True,True,False,False,False,False,True,False,True,False,True,fixcount_acima_limite,,0,False,False,False,False,False,False,False,False,False,treino
fa46724f363fc95c183a890b9cab06ed3d2b8dd2,apache/hbase,False,True,1407534998,2014,apache/hbase,True,True,True,False,False,False,False,True,False,True,False,True,fixcount_acima_limite,,0,False,False,False,False,False,False,False,False,False,treino
b81302852f0dc0c26ce400d63ab9fe5716dad98f,apache/hbase,False,True,1406046477,2014,apache/hbase,True,True,True,False,False,False,False,True,False,True,False,True,fixcount_acima_limite,,0,False,False,False,False,False,False,False,False,False,treino
686e1e5bc5a12172276ca3881e240e905829ad64,apache/hbase,False,True,1410684660,2014,apache/hbase,True,True,True,False,False,False,False,True,False,True,False,True,fixcount_acima_limite,,0,False,False,False,False,False,False,False,False,False,treino
f2fc311b19f19031e24547a7e4750a17115ac383,apache/hbase,False,True,1412719656,2014,apache/hbase,True,True,False,False,False,False,False,True,False,True,False,True,ordem_temporal,,0,False,False,False,False,False,False,False,False,False,treino
4e56a19cf168e69fe002fe97132bed9a3fbcd0f0,apache/hbase,False,True,1411779089,2014,apache/hbase,True,True,True,False,False,False,False,True,False,True,False,True,fixcount_acima_limite,,0,False,False,False,False,False,False,False,False,False,treino
58602fb904c7cb0b234cf018a259b6e318c076f6,apache/hive,False,True,1400799831,2014,apache/hive,True,True,True,False,False,False,False,True,False,True,False,True,fixcount_acima_limite,,0,False,False,False,False,False,False,False,False,False,treino
9bc7f8146f32bbbbff9e194a7bd0568eaeb7e060,apache/hive,False,True,1398783157,2014,apache/hive,True,True,True,False,False,False,False,True,False,True,False,True,fixcount_acima_limite,,0,False,False,False,False,False,False,False,False,False,treino
81b3b10f3051829819a9845e9f23dfb215663f06,apache/hive,False,True,1402424260,2014,apache/hive,True,True,True,False,False,False,False,True,False,True,False,True,fixcount_acima_limite,,0,False,False,False,False,False,False,False,False,False,treino
c7b3e975231cc415092acdddefb1aedf4ca47867,apache/hive,False,True,1407463727,2014,apache/hive,True,True,True,False,False,False,False,True,False,True,False,True,fixcount_acima_limite,,0,False,False,False,False,False,False,False,False,False,treino
e6280be882e12e16b7f3b4fa4989c1d06eb6438b,apache/hive,False,True,1391116607,2014,apache/hive,True,True,True,False,False,False,False,True,False,True,False,True,fixcount_acima_limite,,0,False,False,False,False,False,False,False,False,False,treino
be2bacb73e454f2e9a85ffb9cfb510526a16b120,apache/hive,False,True,1391810137,2014,apache/hive,True,True,True,False,False,False,False,True,False,True,False,True,fixcount_acima_limite,,0,False,False,False,False,False,False,False,False,False,treino
24ec9dd8f602d0c30fdb5cabc3471146eb59c04c,apache/hive,False,True,1396069325,2014,apache/hive,True,True,True,False,False,False,False,True,False,True,False,True,fixcount_acima_limite,,0,False,False,False,False,False,False,False,False,False,treino
8c18ecfba32b2cef79210bbf7dbbf1a6b98c0d14,apache/hbase,False,True,1393458762,2014,apache/hbase,True,True,True,False,False,False,False,True,False,True,False,True,fixcount_acima_limite,,0,False,False,False,False,False,False,False,False,False,treino
0febbf4c409600e9ac3156e49dd6d602f7e87932,apache/hbase,False,True,1390262015,2014,apache/hbase,True,True,True,False,False,False,False,True,False,True,False,True,fixcount_acima_limite,,0,False,False,False,False,False,False,False,False,False,treino
d77ef9a8b553f39d2365aeffb3ebc689ec0db356,apache/hbase,False,True,1393382671,2014,apache/hbase,True,True,True,False,False,False,False,True,False,True,False,True,fixcount_acima_limite,,0,False,False,False,False,False,False,False,False,False,treino
b6d4bea6fdbf4c3f85dd8ed0c81c7769aad65348,apache/hbase,False,True,1392155056,2014,apache/hbase,True,True,True,False,False,False,False,True,False,True,False,True,fixcount_acima_limite,,0,False,False,False,False,False,False,False,False,False,treino
f9a93ec9df357186276ddb070d2d144f66aa370e,apache/hbase,False,True,1389467942,2014,apache/hbase,True,True,True,False,False,False,False,True,False,True,False,True,fixcount_acima_limite,,0,False,False,False,False,False,False,False,False,False,treino
4e79e43905989549c8c75cc2364e1b16c22301ed,apache/activemq,False,True,1394810625,2014,apache/activemq,True,True,False,False,False,False,False,True,False,True,False,True,ordem_temporal,,0,False,False,False,False,False,False,False,False,False,treino
6e7b994b143a73668eaeeb6eeb6523fb77ae0d58,apache/hive,False,True,1408127989,2014,apache/hive,True,True,False,False,False,False,False,True,False,True,False,True,ordem_temporal,,0,False,False,False,False,False,False,False,False,False,treino
28be8b4d1ea6cf1cb292decf00621e26f3c005ef,apache/groovy,False,True,1404379393,2014,apache/groovy,True,True,True,False,False,False,False,True,False,True,False,True,fixcount_acima_limite,,0,False,False,False,False,False,False,False,False,False,treino
4b095760cb38c726c49e6f245ffd7dc8ccf49863,apache/kafka,False,True,1413853320,2014,apache/kafka,True,True,True,False,False,False,False,True,False,True,False,True,fixcount_acima_limite,,0,False,False,False,False,False,False,False,False,False,treino
2d0390be1fc9a171651ee138de6df3fe043f530f,apache/groovy,False,True,1418905588,2014,apache/groovy,True,True,True,False,False,False,False,True,False,True,False,True,fixcount_acima_limite,,0,False,False,False,False,False,False,False,False,False,treino
0a5976b7bf17e3b25432636acfe6a9eef07755a5,apache/hive,False,True,1414743116,2014,apache/hive,True,True,True,False,False,False,False,True,False,True,False,True,fixcount_acima_limite,,0,False,False,False,False,False,False,False,False,False,treino
9051be28c7b51ea7f6e2b3a9faa04824c0772334,apache/hive,False,True,1414516774,2014,apache/hive,True,True,False,False,False,False,False,True,False,True,False,True,ordem_temporal,,0,False,False,False,False,False,False,False,False,False,treino
57ea752b3318955bca28a5330dd20d103cd40395,apache/hive,False,True,1413487941,2014,apache/hive,True,True,True,False,False,False,False,True,False,True,False,True,fixcount_acima_limite,,0,False,False,False,False,False,False,False,False,False,treino
0c02908adeb4d5415c7a58f5ae273a43e7e291c8,apache/hive,False,True,1415307795,2014,apache/hive,True,True,True,False,False,False,False,True,False,True,False,True,fixcount_acima_limite,,0,False,False,False,False,False,False,False,False,False,treino
9ddc0a3f2afc320bf2c6a7838aa2aaf7c96cda0e,apache/hive,False,True,1416357579,2014,apache/hive,True,True,True,False,False,False,False,True,False,True,False,True,fixcount_acima_limite,,0,False,False,False,False,False,False,False,False,False,treino
848eda0404126834348338c9c332fc83d568230b,apache/hive,False,True,1409536263,2014,apache/hive,True,True,False,False,False,False,False,True,False,True,False,True,ordem_temporal,,0,False,False,False,False,False,False,False,False,False,treino
3f49e1d070c78cebf63231177fef7f2800dd2feb,apache/hive,False,True,1412695686,2014,apache/hive,True,True,True,False,False,False,False,True,False,True,False,True,fixcount_acima_limite,,0,False,False,False,False,False,False,False,False,False,treino
45ea71713333aa6ad8ef7093b11e3c095d94a60e,apache/hive,False,True,1411695914,2014,apache/hive,True,True,True,False,False,False,False,True,False,True,False,True,fixcount_acima_limite,,0,False,False,False,False,False,False,False,False,False,treino
6dff2376b68835ba0972ebb89a9c16e443411517,apache/hive,False,True,1411542717,2014,apache/hive,True,True,False,False,False,False,False,True,False,True,False,True,ordem_temporal,,0,False,False,False,False,False,False,False,False,False,treino
fb2f67404637b213b135700fab869e65409b90fc,apache/hive,False,True,1411751534,2014,apache/hive,True,True,True,False,False,False,False,True,False,True,False,True,fixcount_acima_limite,,0,False,False,False,False,False,False,False,False,False,treino
3615da58310a778c7ee6d9b2d77fd3fb7a6700f4,apache/cassandra,False,True,1446050463,2015,apache/cassandra,True,True,True,False,False,False,False,True,False,True,False,True,fixcount_acima_limite,,0,False,False,False,False,False,False,False,False,False,treino
c8493c41ec7acda6b38c18218633301115e98b19,apache/cassandra,False,True,1449233550,2015,apache/cassandra,True,True,False,False,False,False,False,True,False,True,False,True,ordem_temporal,,0,False,False,False,False,False,False,False,False,False,treino
5414950d6a42a2f7d41dec6427cbf210dd7d99af,apache/cassandra,False,True,1447267550,2015,apache/cassandra,True,True,True,False,False,False,False,True,False,True,False,True,fixcount_acima_limite,,0,False,False,False,False,False,False,False,False,False,treino
207751c8ac9800b7e004ec72096c478a30aafebc,apache/cassandra,False,True,1423668950,2015,apache/cassandra,True,True,False,False,False,False,False,True,False,True,False,True,ordem_temporal,,0,False,False,False,False,False,False,False,False,False,treino
29a661551539ad96d31b92999d088ede9186b9ba,apache/flink,False,True,1424952992,2015,apache/flink,True,True,True,False,False,False,False,True,False,True,False,True,fixcount_acima_limite,,0,False,False,False,False,False,False,False,False,False,treino
1a3ae03baff7cc3a406e2e63e7d57b3f7c71ea26,apache/flink,False,True,1427300357,2015,apache/flink,True,True,True,False,False,False,False,True,False,True,False,True,fixcount_acima_limite,,0,False,False,False,False,False,False,False,False,False,treino
645d7cd9e437d3de301ca0ce5c9cdc87bcce494b,apache/flink,False,True,1438523684,2015,apache/flink,True,True,True,False,False,False,False,True,False,True,False,True,fixcount_acima_limite,,0,False,False,False,False,False,False,False,False,False,treino
a0556efb233f15c6985d17886372a8b4b00392b2,apache/flink,False,True,1438088863,2015,apache/flink,True,True,False,False,False,False,False,True,False,True,False,True,ordem_temporal,,0,False,False,False,False,False,False,False,False,False,treino
2d237e18a2f7cf21721340933c505bb518c4fc66,apache/flink,False,True,1438099699,2015,apache/flink,True,True,True,False,False,False,False,True,False,True,False,True,fixcount_acima_limite,,0,False,False,False,False,False,False,False,False,False,treino
1d373a7de39ac3fc14d69025122b04d27ec9d7ba,apache/flink,False,True,1437493041,2015,apache/flink,True,True,True,False,False,False,False,True,False,True,False,True,fixcount_acima_limite,,0,False,False,False,False,False,False,False,False,False,treino
5196efff53af4965ff216a9d5c0f8b2b4fc98652,apache/spark,False,True,1432169570,2015,apache/spark,True,True,True,False,False,False,False,True,False,True,False,True,fixcount_acima_limite,,0,False,False,False,False,False,False,False,False,False,treino
ca67374c2b0fe26f6bc6992910bb11d5658258e0,apache/zeppelin,False,True,1442207080,2015,apache/zeppelin,True,True,True,False,False,False,False,True,False,True,False,True,fixcount_acima_limite,,0,False,False,False,False,False,False,False,False,False,treino
bedd8b4f9f94e01d146f9126788f2e87fded164a,apache/groovy,False,True,1437640875,2015,apache/groovy,True,True,True,False,False,False,False,True,False,True,False,True,fixcount_acima_limite,,0,False,False,False,False,False,False,False,False,False,treino
02653add98f34deedc27f4da2254d25e83e55b58,apache/hadoop-hdfs,False,True,1447695160,2015,apache/hadoop (familia),True,True,True,False,False,False,False,True,False,True,False,True,fixcount_acima_limite,,0,False,False,False,False,False,False,False,False,False,treino
338b477ff736cb6c8fb8204ab83fb038594dadf0,apache/hadoop-hdfs,False,True,1426746571,2015,apache/hadoop (familia),True,True,False,False,False,False,False,True,False,True,False,True,ordem_temporal,,0,False,False,False,False,False,False,False,False,False,treino
0eb1545bdb10ecbffe456365987a7f6338820f67,apache/camel,False,True,1423558007,2015,apache/camel,True,True,True,False,False,False,False,True,False,True,False,True,fixcount_acima_limite,,0,False,False,False,False,False,False,False,False,False,treino
1c05393b51748033279bff31dbc5c5cae7fc3a86,apache/hadoop-hdfs,False,True,1448940549,2015,apache/hadoop (familia),True,True,True,False,False,False,False,True,False,True,False,True,fixcount_acima_limite,,0,False,False,False,False,False,False,False,False,False,treino
34596c63c883af696daebcd6a24bee2ef55e7e2c,apache/ignite,False,True,1449484180,2015,apache/ignite,True,True,True,False,False,False,False,True,False,True,False,True,fixcount_acima_limite,,0,False,False,False,False,False,False,False,False,False,treino
3430586c6ec7b224018b668e0f9e7d8aed012c1d,apache/ignite,False,True,1448018341,2015,apache/ignite,True,True,True,False,False,False,False,True,False,True,False,True,fixcount_acima_limite,,0,False,False,False,False,False,False,False,False,False,treino
55144cfa5af89904c67194d9c5db64fef2bc7592,apache/ignite,False,True,1422281548,2015,apache/ignite,True,True,True,False,False,False,False,True,False,True,False,True,fixcount_acima_limite,,0,False,False,False,False,False,False,False,False,False,treino
91d2b89863db37c40489bedc5b046bc5b7e93928,apache/ignite,False,True,1422018966,2015,apache/ignite,True,True,True,False,False,False,False,True,False,True,False,True,fixcount_acima_limite,,0,False,False,False,False,False,False,False,False,False,treino
15a09e9966643c53c8ddeb011a03e197d399d672,apache/ignite,False,True,1427188843,2015,apache/ignite,True,True,True,False,False,False,False,True,False,True,False,True,fixcount_acima_limite,,0,False,False,False,False,False,False,False,False,False,treino
aed83af5f76c47bc9e4d0e8f60955fc6c6b42aac,apache/ignite,False,True,1439460343,2015,apache/ignite,True,True,True,False,False,False,False,True,False,True,False,True,fixcount_acima_limite,,0,False,False,False,False,False,False,False,False,False,treino
abb2cef136da824c55964bb4032c47dd150242c1,apache/ignite,False,True,1438339301,2015,apache/ignite,True,True,True,False,False,False,False,True,False,True,False,True,fixcount_acima_limite,,0,False,False,False,False,False,False,False,False,False,treino
b8f6904a37495f5473cbb9fd572ee3d9e7a7c6af,apache/ignite,False,True,1427898998,2015,apache/ignite,True,True,True,False,False,False,False,True,False,True,False,True,fixcount_acima_limite,,0,False,False,False,False,False,False,False,False,False,treino
8455c7a6ed6f7449c7ad31b1ef7b129705262e1b,apache/ignite,False,True,1432903226,2015,apache/ignite,True,True,True,False,False,False,False,True,False,True,False,True,fixcount_acima_limite,,0,False,False,False,False,False,False,False,False,False,treino
1c7e9ec124ab19d3c727d8294a8022d7b936bbfc,apache/hbase,False,True,1451068371,2015,apache/hbase,True,True,True,False,False,False,False,True,False,True,False,True,fixcount_acima_limite,,0,False,False,False,False,False,False,False,False,False,treino
a4799acd6bc6385d91709aa16fe3a1cbba9b6320,apache/hbase,False,True,1430614112,2015,apache/hbase,True,True,True,False,False,False,False,True,False,True,False,True,fixcount_acima_limite,,0,False,False,False,False,False,False,False,False,False,treino
14fe23254a78c52bdaef0da819268c8b405059cb,apache/hbase,False,True,1433875618,2015,apache/hbase,True,True,True,False,False,False,False,True,False,True,False,True,fixcount_acima_limite,,0,False,False,False,False,False,False,False,False,False,treino
b9d13a7e0f344ff446265d04bf953e2c7ea12991,apache/hive,False,True,1451413680,2015,apache/hive,True,True,True,False,False,False,False,True,False,True,False,True,fixcount_acima_limite,,0,False,False,False,False,False,False,False,False,False,treino
34c83fb36f2baf116cbd128ba47773472a24a9c4,apache/hive,False,True,1449699364,2015,apache/hive,True,True,True,False,False,False,False,True,False,True,False,True,fixcount_acima_limite,,0,False,False,False,False,False,False,False,False,False,treino
d3b5a3f763e34e2729edb8cd5c4bc6ddec744ab3,apache/hive,False,True,1447942070,2015,apache/hive,True,True,True,False,False,False,False,True,False,True,False,True,fixcount_acima_limite,,0,False,False,False,False,False,False,False,False,False,treino
556877c24a335f207d74bb7daa6949af227ffe60,apache/hive,False,True,1443826800,2015,apache/hive,True,True,True,False,False,False,False,True,False,True,False,True,fixcount_acima_limite,,0,False,False,False,False,False,False,False,False,False,treino
b55d742c5bf29b30846caa5340fff6b28f72d57c,apache/hive,False,True,1429163521,2015,apache/hive,True,True,True,False,False,False,False,True,False,True,False,True,fixcount_acima_limite,,0,False,False,False,False,False,False,False,False,False,treino
1293f3d389b73eea672805c49270124f44cbd687,apache/hive,False,True,1432794639,2015,apache/hive,True,True,False,False,False,False,False,True,False,True,False,True,ordem_temporal,,0,False,False,False,False,False,False,False,False,False,treino
7aec2726dc10c036941bc204020e199885550427,apache/hive,False,True,1441388098,2015,apache/hive,True,True,False,False,False,False,False,True,False,True,False,True,ordem_temporal,,0,False,False,False,False,False,False,False,False,False,treino
cfe9e484f8624b590a728d758099c1fd5d069672,apache/hive,False,True,1439311340,2015,apache/hive,True,True,True,False,False,False,False,True,False,True,False,True,fixcount_acima_limite,,0,False,False,False,False,False,False,False,False,False,treino
7368cfda3833bd2e38d644e04bdf4be60253148a,apache/hive,False,True,1432853914,2015,apache/hive,True,True,True,False,False,False,False,True,False,True,False,True,fixcount_acima_limite,,0,False,False,False,False,False,False,False,False,False,treino
ae8b9a6c6d7803ae806e779aabbdcae1cb5f8f1d,apache/hive,False,True,1428990082,2015,apache/hive,True,True,True,False,False,False,False,True,False,True,False,True,fixcount_acima_limite,,0,False,False,False,False,False,False,False,False,False,treino
97802f7d84558eeb7bd473169f562527ab3107f7,apache/hive,False,True,1434137890,2015,apache/hive,True,True,True,False,False,False,False,True,False,True,False,True,fixcount_acima_limite,,0,False,False,False,False,False,False,False,False,False,treino
6263aa25cd7c295382beb278410c07b183bbbdb8,apache/hive,False,True,1428970735,2015,apache/hive,True,True,True,False,False,False,False,True,False,True,False,True,fixcount_acima_limite,,0,False,False,False,False,False,False,False,False,False,treino
9729568e9727edb12dcb9390c0762e5c2d25aed2,apache/hive,False,True,1424803377,2015,apache/hive,True,True,True,False,False,False,False,True,False,True,False,True,fixcount_acima_limite,,0,False,False,False,False,False,False,False,False,False,treino
1d0ca9111ac68f40c356415b705cdbd77405e08f,apache/hive,False,True,1421108319,2015,apache/hive,True,True,True,False,False,False,False,True,False,True,False,True,fixcount_acima_limite,,0,False,False,False,False,False,False,False,False,False,treino
de928d566a119f0b7fa5f171719642cd86be0af7,apache/hadoop-hdfs,False,True,1441232344,2015,apache/hadoop (familia),True,True,False,False,False,False,False,True,False,True,False,True,ordem_temporal,,0,False,False,False,False,False,False,False,False,False,treino
ecd9977c443374990fbad6c327daa188c13565ea,apache/camel,False,True,1420638528,2015,apache/camel,True,True,False,False,False,False,False,True,False,True,False,True,ordem_temporal,,0,False,False,False,False,False,False,False,False,False,treino
e53456981474d6e16e3c134e3777b3588dc6fedf,apache/hadoop-hdfs,False,True,1450119909,2015,apache/hadoop (familia),True,True,False,False,False,False,False,True,False,True,False,True,ordem_temporal,,0,False,False,False,False,False,False,False,False,False,treino
cbc01ed08ea36f70afca6112ccdbf7331567070b,apache/hadoop-hdfs,False,True,1431659643,2015,apache/hadoop (familia),True,True,True,False,False,False,False,True,False,True,False,True,fixcount_acima_limite,,0,False,False,False,False,False,False,False,False,False,treino
ff47f35deed14ba6463cba76f0e6a6c15abb3eca,apache/hadoop-hdfs,False,True,1446737120,2015,apache/hadoop (familia),True,True,True,False,False,False,False,True,False,True,False,True,fixcount_acima_limite,,0,False,False,False,False,False,False,False,False,False,treino
45a753ccf79d334513c7bc8f2b81c89a4697075d,apache/hadoop-hdfs,False,True,1462242647,2016,apache/hadoop (familia),True,True,False,False,False,False,False,True,False,True,False,True,ordem_temporal,,0,False,False,False,False,False,False,False,False,False,treino
69f7277625b86a30a5964285d05dac4ba982e795,apache/hadoop-mapreduce,False,True,1472500474,2016,apache/hadoop (familia),True,True,False,False,False,False,False,True,False,True,False,True,ordem_temporal,,0,False,False,False,False,False,False,False,False,False,treino
5af5bafc87f3efe0388c003b3923ca3452e1e261,apache/cassandra,False,True,1464262028,2016,apache/cassandra,True,True,True,False,False,False,False,True,False,True,False,True,fixcount_acima_limite,,0,False,False,False,False,False,False,False,False,False,treino
d62b2cf7c77b01723c4d312bcc249c91a73b4e45,apache/cassandra,False,True,1461963094,2016,apache/cassandra,True,True,False,False,False,False,False,True,False,True,False,True,ordem_temporal,,0,False,False,False,False,False,False,False,False,False,treino
a20a0f724bee67ccf010cfbb72dbc1f90a1d5b4a,apache/cassandra,False,True,1456421503,2016,apache/cassandra,True,True,True,False,False,False,False,True,False,True,False,True,fixcount_acima_limite,,0,False,False,False,False,False,False,False,False,False,treino
4ab7ec74ff8d5ceea579eb71fb555a6203fa9b1f,apache/groovy,False,True,1471922814,2016,apache/groovy,True,True,True,False,False,False,False,True,False,True,False,True,fixcount_acima_limite,,0,False,False,False,False,False,False,False,False,False,treino
d32579037f0b9a8f27edf38115369aa12b030200,apache/groovy,False,True,1475436196,2016,apache/groovy,True,True,False,False,False,False,False,True,False,True,False,True,ordem_temporal,,0,False,False,False,False,False,False,False,False,False,treino
6497008cc309f88bd8816c3c3e374887db524aae,apache/zeppelin,False,True,1466751149,2016,apache/zeppelin,True,True,True,False,False,False,False,True,False,True,False,True,fixcount_acima_limite,,0,False,False,False,False,False,False,False,False,False,treino
7a660d7683c8d77c5156ca6c959c83935de77a0c,apache/ignite,False,True,1453382118,2016,apache/ignite,True,True,True,False,False,False,False,True,False,True,False,True,fixcount_acima_limite,,0,False,False,False,False,False,False,False,False,False,treino
34a957cf6f64b9fbcb4d761cb2bb775c4f536b13,apache/ignite,False,True,1468430365,2016,apache/ignite,True,True,True,False,False,False,False,True,False,True,False,True,fixcount_acima_limite,,0,False,False,False,False,False,False,False,False,False,treino
436c17eb740ede2e6a86bdc8c0cda0cadb6975e7,apache/ignite,False,True,1456690917,2016,apache/ignite,True,True,True,False,False,False,False,True,False,True,False,True,fixcount_acima_limite,,0,False,False,False,False,False,False,False,False,False,treino
0c860ec7244d7f531c8908b1574ca3169f4ddfed,apache/ignite,False,True,1471606136,2016,apache/ignite,True,True,True,False,False,False,False,True,False,True,False,True,fixcount_acima_limite,,0,False,False,False,False,False,False,False,False,False,treino
7469c17cb9004873101622ca4cc19f95b8d79642,apache/flink,False,True,1454679974,2016,apache/flink,True,True,True,False,False,False,False,True,False,True,False,True,fixcount_acima_limite,,0,False,False,False,False,False,False,False,False,False,treino
555a68793ecb3a244dfbf50a615c6d5e15c9efe4,apache/flink,False,True,1481114358,2016,apache/flink,True,True,True,False,False,False,False,True,False,True,False,True,fixcount_acima_limite,,0,False,False,False,False,False,False,False,False,False,treino
22d327f0409665c64588a4cb81acef97b481fb37,apache/flink,False,True,1458578022,2016,apache/flink,True,True,False,False,False,False,False,True,False,True,False,True,ordem_temporal,,0,False,False,False,False,False,False,False,False,False,treino
05161fcbfdd78f5684b9cb52c49a02be5ad14499,apache/hbase,False,True,1457355360,2016,apache/hbase,True,True,True,False,False,False,False,True,False,True,False,True,fixcount_acima_limite,,0,False,False,False,False,False,False,False,False,False,treino
bab812df289a3bb33407446a8910e3bb5c6195e0,apache/hbase,False,True,1455086737,2016,apache/hbase,True,True,True,False,False,False,False,True,False,True,False,True,fixcount_acima_limite,,0,False,False,False,False,False,False,False,False,False,treino
50f3c9572c7c9dcf276b19c137ad600f368743ec,apache/hbase,False,True,1470654450,2016,apache/hbase,True,True,True,False,False,False,False,True,False,True,False,True,fixcount_acima_limite,,0,False,False,False,False,False,False,False,False,False,treino
57264bf8dc9970d7d808cf24216b6185ceb644e2,apache/activemq,False,True,1457561617,2016,apache/activemq,True,True,True,False,False,False,False,True,False,True,False,True,fixcount_acima_limite,,0,False,False,False,False,False,False,False,False,False,treino
502c652a85ec7049e2a5263c4bc7193878bcd358,apache/hive,False,True,1468423830,2016,apache/hive,True,True,True,False,False,False,False,True,False,True,False,True,fixcount_acima_limite,,0,False,False,False,False,False,False,False,False,False,treino
26cdbe044b549dc4f0244ee9347387a802733553,apache/hive,False,True,1465174879,2016,apache/hive,True,True,True,False,False,False,False,True,False,True,False,True,fixcount_acima_limite,,0,False,False,False,False,False,False,False,False,False,treino
935ec1b3e9197fb2af57789da5a27a5ec5be78f7,apache/hive,False,True,1467986052,2016,apache/hive,True,True,False,False,False,False,False,True,False,True,False,True,ordem_temporal,,0,False,False,False,False,False,False,False,False,False,treino
4f220bbf8460e29e0c616ad55ae069d00247866b,apache/hive,False,True,1472224213,2016,apache/hive,True,True,True,False,False,False,False,True,False,True,False,True,fixcount_acima_limite,,0,False,False,False,False,False,False,False,False,False,treino
09339d71c92feae450df9dddc9be0d9e3b711aa6,apache/hive,False,True,1478822986,2016,apache/hive,True,True,True,False,False,False,False,True,False,True,False,True,fixcount_acima_limite,,0,False,False,False,False,False,False,False,False,False,treino
0562efce642e70f1ac69eae6cca8c0a63230bafd,apache/hive,False,True,1475246351,2016,apache/hive,True,True,True,False,False,False,False,True,False,True,False,True,fixcount_acima_limite,,0,False,False,False,False,False,False,False,False,False,treino
45c1a09b7b76e41f05520de4bb0e26bb6fadc21f,apache/hive,False,True,1475258071,2016,apache/hive,True,True,True,False,False,False,False,True,False,True,False,True,fixcount_acima_limite,,0,False,False,False,False,False,False,False,False,False,treino
653b85899134229a7fd6debeacab37e82bd350fd,apache/hive,False,True,1471294516,2016,apache/hive,True,True,False,False,False,False,False,True,False,True,False,True,ordem_temporal,,0,False,False,False,False,False,False,False,False,False,treino
5d94d4c205bad635f157f1eedd782aeb88c27cf6,apache/hive,False,True,1455648628,2016,apache/hive,True,True,True,False,False,False,False,True,False,True,False,True,fixcount_acima_limite,,0,False,False,False,False,False,False,False,False,False,treino
5140e73ca8f7258b8cd3cdc03a3691e09e4df8d9,apache/hive,False,True,1454354097,2016,apache/hive,True,True,True,False,False,False,False,True,False,True,False,True,fixcount_acima_limite,,0,False,False,False,False,False,False,False,False,False,treino
358691a4301dc873251b8c220f13808012bf9b61,apache/hive,False,True,1452115794,2016,apache/hive,True,True,True,False,False,False,False,True,False,True,False,True,fixcount_acima_limite,,0,False,False,False,False,False,False,False,False,False,treino
c57a1272f2cf50f835417efd08578a49d01ba2cb,apache/hive,False,True,1464770022,2016,apache/hive,True,True,False,False,False,False,False,True,False,True,False,True,ordem_temporal,,0,False,False,False,False,False,False,False,False,False,treino
e68783c8e5cdb0cc00db6d725f15392bd5a6fe06,apache/hive,False,True,1462399140,2016,apache/hive,True,True,True,False,False,False,False,True,False,True,False,True,fixcount_acima_limite,,0,False,False,False,False,False,False,False,False,False,treino
7282de39f7b7cef1ca85f21771f2401a4a67eaec,apache/kafka,False,True,1478888506,2016,apache/kafka,True,True,True,False,False,False,False,True,False,True,False,True,fixcount_acima_limite,,0,False,False,False,False,False,False,False,False,False,treino
9beafae23a83774fc1d9ea811d449eac34240363,apache/kafka,False,True,1460132225,2016,apache/kafka,True,True,True,False,False,False,False,True,False,True,False,True,fixcount_acima_limite,,0,False,False,False,False,False,False,False,False,False,treino
6b91f83fbaef26fefb9ec221529c29872a04c004,apache/kafka,False,True,1475891004,2016,apache/kafka,True,True,True,False,False,False,False,True,False,True,False,True,fixcount_acima_limite,,0,False,False,False,False,False,False,False,False,False,treino
4e1c7d844f743e5b439447e645fa41d2f92b8b5f,apache/kafka,False,True,1474328563,2016,apache/kafka,True,True,True,False,False,False,False,True,False,True,False,True,fixcount_acima_limite,,0,False,False,False,False,False,False,False,False,False,treino
fc0d612b0806032675b433a48f56ccd04f7e52cf,apache/kafka,False,True,1484334796,2017,apache/kafka,True,True,False,False,False,False,False,True,False,True,False,True,ordem_temporal,,0,False,False,False,False,False,False,False,False,False,treino
1cf7ec87d3afeaab7b4f40d387d34e91e9616e64,apache/kafka,False,True,1513273916,2017,apache/kafka,True,True,True,False,False,False,False,True,False,True,False,True,fixcount_acima_limite,,0,False,False,False,False,False,False,False,False,False,avaliacao_ate_2018
6430064f7e8b3cf33a8c69c368dfeddb55b635ca,apache/hive,False,True,1495562427,2017,apache/hive,True,True,True,False,False,False,False,True,False,True,False,True,fixcount_acima_limite,,0,False,False,False,False,False,False,False,False,False,treino
27683610f0665fe05e59d3cf5130fe33ecd81e77,apache/hive,False,True,1487875279,2017,apache/hive,True,True,True,False,False,False,False,True,False,True,False,True,fixcount_acima_limite,,0,False,False,False,False,False,False,False,False,False,treino
bc0aeece690c0c72b50e7541a7c0217de20a653d,apache/hive,False,True,1488515640,2017,apache/hive,True,True,True,False,False,False,False,True,False,True,False,True,fixcount_acima_limite,,0,False,False,False,False,False,False,False,False,False,treino
a6366fc07931f374af77d0ab208404027bf165a3,apache/hive,False,True,1488371274,2017,apache/hive,True,True,True,False,False,False,False,True,False,True,False,True,fixcount_acima_limite,,0,False,False,False,False,False,False,False,False,False,treino
b9ad6dc3867efce4dd833e519c788aab280dabd9,apache/hive,False,True,1488403813,2017,apache/hive,True,True,True,False,False,False,False,True,False,True,False,True,fixcount_acima_limite,,0,False,False,False,False,False,False,False,False,False,treino
ed1cf112a5a9e022f12c0f28e953435e1248b876,apache/hive,False,True,1513826347,2017,apache/hive,True,True,False,False,False,False,False,True,False,True,False,True,ordem_temporal,,0,False,False,False,False,False,False,False,False,False,avaliacao_ate_2018
8f1335d6d2d9a0e313f04d46d2dcc7a01dec9bce,apache/hive,False,True,1513116896,2017,apache/hive,True,True,True,False,False,False,False,True,False,True,False,True,fixcount_acima_limite,,0,False,False,False,False,False,False,False,False,False,excluido_extracao
5e6ffbc19e83529bb6e3c39d4a0b5ab322aa4633,apache/flink,False,True,1492344621,2017,apache/flink,True,True,False,False,False,False,False,True,False,True,False,True,ordem_temporal,,0,False,False,False,False,False,False,False,False,False,treino
2d33c0bead3f13417acff0f18f78a5c2c5bef22e,apache/flink,False,True,1493392650,2017,apache/flink,True,True,True,False,False,False,False,True,False,True,False,True,fixcount_acima_limite,,0,False,False,False,False,False,False,False,False,False,treino
4146690bfb2c721c64cc39ed01ec66f72b93b157,apache/camel,False,True,1504876553,2017,apache/camel,True,True,False,False,False,False,False,True,False,True,False,True,ordem_temporal,,0,False,False,False,False,False,False,False,False,False,treino
8ccaffe3d3f2472fc12fa138c45c0b67458ad2a2,apache/flink,False,True,1495197560,2017,apache/flink,True,True,True,False,False,False,False,True,False,True,False,True,fixcount_acima_limite,,0,False,False,False,False,False,False,False,False,False,treino
4908a8970eaf500642a9d8427e322032c1ec047a,apache/hadoop-hdfs,False,True,1510601439,2017,apache/hadoop (familia),True,True,True,False,False,False,False,True,False,True,False,True,fixcount_acima_limite,,0,False,False,False,False,False,False,False,False,False,avaliacao_ate_2018
2f4bdbb674e5634ce4c1a3432dede4c865977fde,apache/ignite,False,True,1486728525,2017,apache/ignite,True,True,True,False,False,False,False,True,False,True,False,True,fixcount_acima_limite,,0,False,False,False,False,False,False,False,False,False,treino
e7a5307911dff1df93d003b2ef98aeca96a89dac,apache/ignite,False,True,1486633481,2017,apache/ignite,True,True,True,False,False,False,False,True,False,True,False,True,fixcount_acima_limite,,0,False,False,False,False,False,False,False,False,False,treino
3a9dba5f86ad34736ccd278ebf91044e18cf9a6b,apache/ignite,False,True,1494507698,2017,apache/ignite,True,True,True,False,False,False,False,True,False,True,False,True,fixcount_acima_limite,,0,False,False,False,False,False,False,False,False,False,treino
46ff66efda93fa91a44d44ae68e7ade9add1c697,apache/ignite,False,True,1486563090,2017,apache/ignite,True,True,True,False,False,False,False,True,False,True,False,True,fixcount_acima_limite,,0,False,False,False,False,False,False,False,False,False,treino
4e046794c5a0274241c1240d73b9f08cf0a83439,apache/ignite,False,True,1510923195,2017,apache/ignite,True,True,True,False,False,False,False,True,False,True,False,True,fixcount_acima_limite,,0,False,False,False,False,False,False,False,False,False,avaliacao_ate_2018
c6c7d905d6a1f7ce0a31967e881c4d9cccc5a129,apache/ignite,False,True,1504783514,2017,apache/ignite,True,True,True,False,False,False,False,True,False,True,False,True,fixcount_acima_limite,,0,False,False,False,False,False,False,False,False,False,treino
013d7dbf7811a1b8e207d6238aff67e43c28adad,apache/ignite,False,True,1506930741,2017,apache/ignite,True,True,True,False,False,False,False,True,False,True,False,True,fixcount_acima_limite,,0,False,False,False,False,False,False,False,False,False,treino
c141ded2565b0b277add5007f73a6fa7e97b3372,apache/ignite,False,True,1502193214,2017,apache/ignite,True,True,True,False,False,False,False,True,False,True,False,True,fixcount_acima_limite,,0,False,False,False,False,False,False,False,False,False,treino
5f67cf25d6ead0e62ba973be7a6f3cd8cab49678,apache/ignite,False,True,1507576648,2017,apache/ignite,True,True,True,False,False,False,False,True,False,True,False,True,fixcount_acima_limite,,0,False,False,False,False,False,False,False,False,False,avaliacao_ate_2018
ac94426ced2cee5df2c993029e2a17ea5a9aa398,apache/ignite,False,True,1503494818,2017,apache/ignite,True,True,True,False,False,False,False,True,False,True,False,True,fixcount_acima_limite,,0,False,False,False,False,False,False,False,False,False,treino
f353faf1be5f26cf4ea069d13a9194bcf18840bb,apache/ignite,False,True,1495542819,2017,apache/ignite,True,True,True,False,False,False,False,True,False,True,False,True,fixcount_acima_limite,,0,False,False,False,False,False,False,False,False,False,treino
1f63b8115127c0ea38430c85bf9fc7a1d85ca210,apache/ignite,False,True,1512664407,2017,apache/ignite,True,True,True,False,False,False,False,True,False,True,False,True,fixcount_acima_limite,,0,False,False,False,False,False,False,False,False,False,avaliacao_ate_2018
ed2d03f2a5318a88d0eced8476127f303eb1d1d9,apache/hadoop-hdfs,False,True,1490246124,2017,apache/hadoop (familia),True,True,True,False,False,False,False,True,False,True,False,True,fixcount_acima_limite,,0,False,False,False,False,False,False,False,False,False,treino
425880ffb2e6bd5aeaa509fdbfa553db58b74c43,apache/cassandra,False,True,1503654922,2017,apache/cassandra,True,True,False,False,False,False,False,True,False,True,False,True,ordem_temporal,,0,False,False,False,False,False,False,False,False,False,treino
2a99b87af2ebe289e2fec94c9cdca0942397977d,apache/hbase,False,True,1509146879,2017,apache/hbase,True,True,False,False,False,False,False,True,False,True,False,True,ordem_temporal,,0,False,False,False,False,False,False,False,False,False,avaliacao_ate_2018
4985e273079b1dfe95db0befd49266ad46754b63,apache/hbase,False,True,1509077104,2017,apache/hbase,True,True,False,False,False,False,False,True,False,True,False,True,ordem_temporal,,0,False,False,False,False,False,False,False,False,False,avaliacao_ate_2018
56f9e1a60af224f8f3b0453932155ca46d44cf71,apache/hbase,False,True,1503080112,2017,apache/hbase,True,True,False,False,False,False,False,True,False,True,False,True,ordem_temporal,,0,False,False,False,False,False,False,False,False,False,treino
93012e43ea03411456c20e7cec1ede73ff46b7d2,apache/cassandra,False,True,1524395306,2018,apache/cassandra,True,True,True,False,False,False,False,True,False,True,False,True,fixcount_acima_limite,,0,False,False,False,False,False,False,False,False,False,avaliacao_ate_2018
06b5e2cf5a4968a20df6c16f7244c8b591506e64,apache/hive,False,True,1522383611,2018,apache/hive,True,True,True,False,False,False,False,True,False,True,False,True,fixcount_acima_limite,,0,False,False,False,False,False,False,False,False,False,avaliacao_ate_2018
8ac625744109fde23e105fde3e02f5da894da8d4,apache/hive,False,True,1525893790,2018,apache/hive,True,True,True,False,False,False,False,True,False,True,False,True,fixcount_acima_limite,,0,False,False,False,False,False,False,False,False,False,avaliacao_ate_2018
821e4d7de2d576189f4288d1c2acf9e9a9471f5c,apache/hbase,False,True,1539700018,2018,apache/hbase,True,True,False,False,False,False,False,True,False,True,False,True,ordem_temporal,,0,False,False,False,False,False,False,False,False,False,avaliacao_ate_2018
21781125419826bd1ae76d980f958419a84d84f3,apache/hive,False,True,1518726367,2018,apache/hive,True,True,True,False,False,False,False,True,False,True,False,True,fixcount_acima_limite,,0,False,False,False,False,False,False,False,False,False,avaliacao_ate_2018
1a7dbe06c7c13e822852e9b0ca619cfd989448f7,apache/hive,False,True,1539277848,2018,apache/hive,True,True,False,False,False,False,False,True,False,True,False,True,ordem_temporal,,0,False,False,False,False,False,False,False,False,False,avaliacao_ate_2018
8fca02e584533db77b7f1ea7a79bfba3e81ac1bd,apache/hive,False,True,1542210573,2018,apache/hive,True,True,True,False,False,False,False,True,False,True,False,True,fixcount_acima_limite,,0,False,False,False,False,False,False,False,False,False,avaliacao_ate_2018
b5160e7441a9eb17e0a745d37f877ecba4ca9e41,apache/hive,False,True,1529979253,2018,apache/hive,True,True,True,False,False,False,False,True,False,True,False,True,fixcount_acima_limite,,0,False,False,False,False,False,False,False,False,False,avaliacao_ate_2018
d78d6465a969ef7e7b3363a257f2c4e6f748d0df,apache/hive,False,True,1530538839,2018,apache/hive,True,True,True,False,False,False,False,True,False,True,False,True,fixcount_acima_limite,,0,False,False,False,False,False,False,False,False,False,avaliacao_ate_2018
5b2cbb5489ffc672e1eb7ee40b8eaa50fd26115e,apache/hive,False,True,1530242969,2018,apache/hive,True,True,True,False,False,False,False,True,False,True,False,True,fixcount_acima_limite,,0,False,False,False,False,False,False,False,False,False,avaliacao_ate_2018
c6a5d6f8cbcaa36a0ea20384abb1bbe26730e2e2,apache/hive,False,True,1526923728,2018,apache/hive,True,True,False,False,False,False,False,True,False,True,False,True,ordem_temporal,,0,False,False,False,False,False,False,False,False,False,avaliacao_ate_2018
b1cc8a6ae14f15ad5a413f68fa946ecbeafe877e,apache/groovy,False,True,1526398882,2018,apache/groovy,True,True,False,False,False,False,False,True,False,True,False,True,ordem_temporal,,0,False,False,False,False,False,False,False,False,False,avaliacao_ate_2018
ea4078e72a737268cc45776a10d8c3a566be9b4a,apache/kafka,False,True,1534794080,2018,apache/kafka,True,True,True,False,False,False,False,True,False,True,False,True,fixcount_acima_limite,,0,False,False,False,False,False,False,False,False,False,avaliacao_ate_2018
daa8082d6718d39584ed6d25863af48acec2cea6,apache/kafka,False,True,1530191715,2018,apache/kafka,True,True,True,False,False,False,False,True,False,True,False,True,fixcount_acima_limite,,0,False,False,False,False,False,False,False,False,False,avaliacao_ate_2018
43ee832482b6cd9237970c097ffc15dadc2c3eb5,apache/ignite,False,True,1542457088,2018,apache/ignite,True,True,True,False,False,False,False,True,False,True,False,True,fixcount_acima_limite,,0,False,False,False,False,False,False,False,False,False,avaliacao_ate_2018
e16a6e16a0de021aea4a2ee286c03c0ece3ff1af,apache/ignite,False,True,1544530843,2018,apache/ignite,True,True,True,False,False,False,False,True,False,True,False,True,fixcount_acima_limite,,0,False,False,False,False,False,False,False,False,False,avaliacao_ate_2018
dc6023d9901d88f87b6f7488b6f0d7ecf2f5d0c6,apache/ignite,False,True,1537456496,2018,apache/ignite,True,True,True,False,False,False,False,True,False,True,False,True,fixcount_acima_limite,,0,False,False,False,False,False,False,False,False,False,avaliacao_ate_2018
75691ad600473d4d315434b0876d6d10d3050a6b,apache/hadoop-hdfs,False,True,1535428267,2018,apache/hadoop (familia),True,True,False,False,False,False,False,True,False,True,False,True,ordem_temporal,,0,False,False,False,False,False,False,False,False,False,avaliacao_ate_2018
a1de8cbac5fb9af403db2a02814575f0940d5f39,apache/hadoop-hdfs,False,True,1536873776,2018,apache/hadoop (familia),True,True,True,False,False,False,False,True,False,True,False,True,fixcount_acima_limite,,0,False,False,False,False,False,False,False,False,False,avaliacao_ate_2018
58150f8fed16255a48b2d110ce81afd02189d73b,apache/ignite,False,True,1537373110,2018,apache/ignite,True,True,True,False,False,False,False,True,False,True,False,True,fixcount_acima_limite,,0,False,False,False,False,False,False,False,False,False,avaliacao_ate_2018
3ead525c71cba068e7abf1c76ad629bfeec10852,apache/hadoop-hdfs,False,True,1539191242,2018,apache/hadoop (familia),True,True,True,False,False,False,False,True,False,True,False,True,fixcount_acima_limite,,0,False,False,False,False,False,False,False,False,False,avaliacao_ate_2018
a125b0d84bd5758e2d17e0345732949a8521e149,apache/ignite,False,True,1519114564,2018,apache/ignite,True,True,True,False,False,False,False,True,False,True,False,True,fixcount_acima_limite,,0,False,False,False,False,False,False,False,False,False,avaliacao_ate_2018
6330f0bb74d6b986d040a8017f3dfbde361d5457,apache/ignite,False,True,1516567812,2018,apache/ignite,True,True,False,False,False,False,False,True,False,True,False,True,ordem_temporal,,0,False,False,False,False,False,False,False,False,False,avaliacao_ate_2018
9249efda531390c73e28672304bd34588ffb5d42,apache/ignite,False,True,1527862154,2018,apache/ignite,True,True,True,False,False,False,False,True,False,True,False,True,fixcount_acima_limite,,0,False,False,False,False,False,False,False,False,False,avaliacao_ate_2018
915040e7a358b908cfd07d3e764fc9fda9d38d22,apache/ignite,False,True,1526481312,2018,apache/ignite,True,True,True,False,False,False,False,True,False,True,False,True,fixcount_acima_limite,,0,False,False,False,False,False,False,False,False,False,avaliacao_ate_2018
c1453dda3f8343921b3d4b201e1434d7dc79cd0b,apache/ignite,False,True,1524501541,2018,apache/ignite,True,True,True,False,False,False,False,True,False,True,False,True,fixcount_acima_limite,,0,False,False,False,False,False,False,False,False,False,avaliacao_ate_2018
d473b507f04e2ec843c1da1066d8908e882396d7,apache/ignite,False,True,1528118756,2018,apache/ignite,True,True,True,False,False,False,False,True,False,True,False,True,fixcount_acima_limite,,0,False,False,False,False,False,False,False,False,False,avaliacao_ate_2018
f427b9d86777800e9c701ebef28714e805e032a3,apache/ignite,False,True,1529689125,2018,apache/ignite,True,True,True,False,False,False,False,True,False,True,False,True,fixcount_acima_limite,,0,False,False,False,False,False,False,False,False,False,avaliacao_ate_2018
2405ed783d1006f84b01e783ec8130c2e8f763cc,apache/ignite,False,True,1528540055,2018,apache/ignite,True,True,False,False,False,False,False,True,False,True,False,True,ordem_temporal,,0,False,False,False,False,False,False,False,False,False,avaliacao_ate_2018
5a57d462c0813a39c8efe69557fbabb98073146c,apache/hive,False,True,1556144704,2019,apache/hive,True,True,False,False,False,False,False,True,False,True,False,True,ordem_temporal,,0,False,False,False,False,False,False,False,False,False,2019
47aa61ec8314334fb695572204caca28869fc88a,apache/hive,False,True,1557253581,2019,apache/hive,True,True,False,False,False,False,False,True,False,True,False,True,ordem_temporal,,0,False,False,False,False,False,False,False,False,False,2019
4f25b25b2ecc042d7d8cb4e92626156dad39f5b9,apache/hive,False,True,1560265799,2019,apache/hive,True,True,False,False,False,False,False,True,False,True,False,True,ordem_temporal,,0,False,False,False,False,False,False,False,False,False,2019
2947a1f66959ffcba23ac9bc191f40ecf0759d72,apache/hive,False,True,1560744589,2019,apache/hive,True,True,False,False,False,False,False,True,False,True,False,True,ordem_temporal,,0,False,False,False,False,False,False,False,False,False,2019
ce654250b5b2e183886cf642806b3b33d8bfa5fc,apache/hive,False,True,1548702251,2019,apache/hive,True,True,True,False,False,False,False,True,False,True,False,True,fixcount_acima_limite,,0,False,False,False,False,False,False,False,False,False,2019
8a18f312948f2c96e792784052be6bc28884715a,apache/hive,False,True,1570062233,2019,apache/hive,True,True,False,False,False,False,False,True,False,True,False,True,ordem_temporal,,0,False,False,False,False,False,False,False,False,False,2019
bacd9d4c60c2a0f2659315db8c1342589206b5df,apache/hive,False,True,1574732113,2019,apache/hive,True,True,False,False,False,False,False,True,False,True,False,True,ordem_temporal,,0,False,False,False,False,False,False,False,False,False,2019
4a039ad06ea67ff93f375c34e2b1f0c6eee15fe0,apache/hive,False,True,1576126187,2019,apache/hive,True,True,False,False,False,False,False,True,False,True,False,True,ordem_temporal,,0,False,False,False,False,False,False,False,False,False,2019
4c85171a1f1219bb735be3ca034640e298fda0dc,apache/kafka,False,True,1557597937,2019,apache/kafka,True,True,False,False,False,False,False,True,False,True,False,True,ordem_temporal,,0,False,False,False,False,False,False,False,False,False,2019
e7a0b8aa83c1fb933d409c514d2155e986e4e25b,apache/hadoop-hdfs,False,True,1564771711,2019,apache/hadoop (familia),True,True,True,False,False,False,False,True,False,True,False,True,fixcount_acima_limite,,0,False,False,False,False,False,False,False,False,False,2019
a631df8723ca62ebf0e35820c2e75fecd86d0f5a,apache/camel,False,True,1562056842,2019,apache/camel,True,True,False,False,False,False,False,True,False,True,False,True,ordem_temporal,,0,False,False,False,False,False,False,False,False,False,2019
d2a085acd5d26a2e8d1184a359b481d999bbf6c3,apache/ignite,False,True,1558686959,2019,apache/ignite,True,True,True,False,False,False,False,True,False,True,False,True,fixcount_acima_limite,,0,False,False,False,False,False,False,False,False,False,2019
f8c53f78b826d432033762fb76abc31e009976eb,apache/ignite,False,True,1568128770,2019,apache/ignite,True,True,True,False,False,False,False,True,False,True,False,True,fixcount_acima_limite,,0,False,False,False,False,False,False,False,False,False,2019
3425c8cc6a4e1d8d9183a31f1cd88b8a17babcf5,apache/ignite,False,True,1577294932,2019,apache/ignite,True,True,False,False,False,False,False,True,False,True,False,True,ordem_temporal,,0,False,False,False,False,False,False,False,False,False,2019
9419272a052db54081699d82aa9197496de8feb5,apache/ignite,False,True,1553523678,2019,apache/ignite,True,True,True,False,False,False,False,True,False,True,False,True,fixcount_acima_limite,,0,False,False,False,False,False,False,False,False,False,2019
