particao,year,commits,positivos,negativos_candidatos_descartados,positivos_sem_fixed
2019,2019,10441,1058,15,0
avaliacao_ate_2018,2017,2007,506,8,0
avaliacao_ate_2018,2018,9285,1948,29,0
excluido_extracao,2004,1,0,0,0
excluido_extracao,2006,5,1,0,0
excluido_extracao,2007,6,0,0,0
excluido_extracao,2008,20,8,0,0
excluido_extracao,2009,75,31,0,0
excluido_extracao,2010,34,18,0,0
excluido_extracao,2011,49,25,0,0
excluido_extracao,2012,47,28,0,0
excluido_extracao,2013,58,33,2,0
excluido_extracao,2014,133,89,0,0
excluido_extracao,2015,80,51,0,0
excluido_extracao,2016,56,34,0,0
excluido_extracao,2017,73,34,1,0
excluido_extracao,2018,80,22,0,0
excluido_extracao,2019,118,15,0,0
treino,2003,295,17,0,0
treino,2004,516,34,0,0
treino,2005,717,73,0,0
treino,2006,1412,175,0,1
treino,2007,2325,347,0,0
treino,2008,3198,569,0,0
treino,2009,5230,1357,0,0
treino,2010,4939,1979,26,1
treino,2011,7068,2267,29,1
treino,2012,6876,2260,32,2
treino,2013,6943,2579,34,1
treino,2014,12186,3276,52,5
treino,2015,13744,4116,48,0
treino,2016,10550,3054,36,0
treino,2017,8107,2235,22,0
