fix_hash,fix_date,bug_hash,bug_date,project,commit_id,issue_key,Created,Resolution,Status,relato_fixed,repositorio_git,fix_date_git,chave_literal_na_mensagem,chave_flexivel_na_mensagem,outras_chaves_do_projeto,numero_em_referencia_hash,possivel_colisao_issue_pr,correcao_antes_relato_mais_1d,assunto,evidencia_sem_alerta,commit_id_bug,particao,positivo_sem_relato_fixed,positivo_so_vinculos_sem_chave,positivo_sem_evidencia_sem_alerta,bug_url,issue_url,fix_url
4faf11d821f6ca0a8bd9cd0e9df78ec2b2f6d9b2,2014-03-28 16:33:41+00:00,6d2f262cebf44370f1c90192696ace9ff1567630,2013-01-23 21:21:23+00:00,AMQ,4faf11d821f6ca0a8bd9cd0e9df78ec2b2f6d9b2,AMQ-5126,2014-03-28 13:24:00,Ausente no export,Open,False,activemq.git,2014-03-28 16:33:41+00:00,True,True,,False,False,False,Added @Ignore because of https://issues.apache.org/jira/browse/AMQ-5126,False,6d2f262cebf44370f1c90192696ace9ff1567630,treino,True,False,True,https://github.com/apache/activemq/commit/6d2f262cebf44370f1c90192696ace9ff1567630,https://issues.apache.org/jira/browse/AMQ-5126,https://github.com/apache/activemq/commit/4faf11d821f6ca0a8bd9cd0e9df78ec2b2f6d9b2
4faf11d821f6ca0a8bd9cd0e9df78ec2b2f6d9b2,2014-03-28 16:33:41+00:00,6a73c40c187f80a21ddc61ccbf6d257003ba6fe3,2010-04-20 15:13:18+00:00,AMQ,4faf11d821f6ca0a8bd9cd0e9df78ec2b2f6d9b2,AMQ-5126,2014-03-28 13:24:00,Ausente no export,Open,False,activemq.git,2014-03-28 16:33:41+00:00,True,True,,False,False,False,Added @Ignore because of https://issues.apache.org/jira/browse/AMQ-5126,False,6a73c40c187f80a21ddc61ccbf6d257003ba6fe3,treino,True,False,True,https://github.com/apache/activemq/commit/6a73c40c187f80a21ddc61ccbf6d257003ba6fe3,https://issues.apache.org/jira/browse/AMQ-5126,https://github.com/apache/activemq/commit/4faf11d821f6ca0a8bd9cd0e9df78ec2b2f6d9b2
8163b0b95ea66a01ec7def01b709ffc05eacaeed,2014-09-29 08:47:09+00:00,05b81ba8beba4e1d960ae3352d414b91429286ee,2006-03-07 19:52:50+00:00,AMQ,8163b0b95ea66a01ec7def01b709ffc05eacaeed,AMQ-5372,2014-09-29 05:46:00,Ausente no export,Open,False,activemq.git,2014-09-29 08:47:09+00:00,True,True,,False,False,False,Handle exceptions described in AMQ-5372 to avoid cascading test failures,False,05b81ba8beba4e1d960ae3352d414b91429286ee,treino,True,False,True,https://github.com/apache/activemq/commit/05b81ba8beba4e1d960ae3352d414b91429286ee,https://issues.apache.org/jira/browse/AMQ-5372,https://github.com/apache/activemq/commit/8163b0b95ea66a01ec7def01b709ffc05eacaeed
bb109917004bdb970d07b8b4579e24264ad7e599,2013-11-21 10:26:24+00:00,7b359aaecb1ee36e965a37d3acefc36252ada592,2013-01-04 13:15:46+00:00,CAMEL,bb109917004bdb970d07b8b4579e24264ad7e599,CAMEL-9689,2016-03-09 21:25:00,Fixed,Resolved,True,camel.git,2013-11-21 10:26:24+00:00,True,True,,False,False,True,CAMEL-9689: camel-servletlistener - Add callbacks to CamelContextLifecycle for before/after routes is added,False,7b359aaecb1ee36e965a37d3acefc36252ada592,treino,False,False,True,https://github.com/apache/camel/commit/7b359aaecb1ee36e965a37d3acefc36252ada592,https://issues.apache.org/jira/browse/CAMEL-9689,https://github.com/apache/camel/commit/bb109917004bdb970d07b8b4579e24264ad7e599
bb109917004bdb970d07b8b4579e24264ad7e599,2013-11-21 10:26:24+00:00,9761a6a593d1032ab2d29d4ce478bbca6a9ae3e8,2012-12-31 10:37:41+00:00,CAMEL,bb109917004bdb970d07b8b4579e24264ad7e599,CAMEL-9689,2016-03-09 21:25:00,Fixed,Resolved,True,camel.git,2013-11-21 10:26:24+00:00,True,True,,False,False,True,CAMEL-9689: camel-servletlistener - Add callbacks to CamelContextLifecycle for before/after routes is added,False,9761a6a593d1032ab2d29d4ce478bbca6a9ae3e8,treino,False,False,True,https://github.com/apache/camel/commit/9761a6a593d1032ab2d29d4ce478bbca6a9ae3e8,https://issues.apache.org/jira/browse/CAMEL-9689,https://github.com/apache/camel/commit/bb109917004bdb970d07b8b4579e24264ad7e599
bb109917004bdb970d07b8b4579e24264ad7e599,2013-11-21 10:26:24+00:00,7f97fb7381af21d9684402927a7104b7d8fefd03,2013-02-07 21:32:12+00:00,CAMEL,bb109917004bdb970d07b8b4579e24264ad7e599,CAMEL-9689,2016-03-09 21:25:00,Fixed,Resolved,True,camel.git,2013-11-21 10:26:24+00:00,True,True,,False,False,True,CAMEL-9689: camel-servletlistener - Add callbacks to CamelContextLifecycle for before/after routes is added,False,7f97fb7381af21d9684402927a7104b7d8fefd03,treino,False,False,True,https://github.com/apache/camel/commit/7f97fb7381af21d9684402927a7104b7d8fefd03,https://issues.apache.org/jira/browse/CAMEL-9689,https://github.com/apache/camel/commit/bb109917004bdb970d07b8b4579e24264ad7e599
bb109917004bdb970d07b8b4579e24264ad7e599,2013-11-21 10:26:24+00:00,7c7e4a2e255eff4ee29992330b352a7665050834,2013-01-03 11:08:15+00:00,CAMEL,bb109917004bdb970d07b8b4579e24264ad7e599,CAMEL-9689,2016-03-09 21:25:00,Fixed,Resolved,True,camel.git,2013-11-21 10:26:24+00:00,True,True,,False,False,True,CAMEL-9689: camel-servletlistener - Add callbacks to CamelContextLifecycle for before/after routes is added,False,7c7e4a2e255eff4ee29992330b352a7665050834,treino,False,False,True,https://github.com/apache/camel/commit/7c7e4a2e255eff4ee29992330b352a7665050834,https://issues.apache.org/jira/browse/CAMEL-9689,https://github.com/apache/camel/commit/bb109917004bdb970d07b8b4579e24264ad7e599
ab5372f0f3b3650556242a21a9d463b4f1e93efd,2014-02-07 16:30:20+00:00,4881221363f984ab6610756cab38e1a016b79e15,2012-10-11 21:12:25+00:00,CASSANDRA,ab5372f0f3b3650556242a21a9d463b4f1e93efd,CASSANDRA-6666,2014-02-06 12:03:00,Duplicate,Resolved,False,cassandra.git,2014-02-07 16:30:20+00:00,True,True,,False,False,False,Compact hints after partial replay to clean out tombstones,False,4881221363f984ab6610756cab38e1a016b79e15,treino,True,False,True,https://github.com/apache/cassandra/commit/4881221363f984ab6610756cab38e1a016b79e15,https://issues.apache.org/jira/browse/CASSANDRA-6666,https://github.com/apache/cassandra/commit/ab5372f0f3b3650556242a21a9d463b4f1e93efd
d7d72383734b932810b86e084eaa55efe48a0d4b,2014-11-16 17:20:40+00:00,fa75af096f27a4a4d4671530d9b3cdc54d62aeec,2014-08-29 19:01:56+00:00,FLINK,d7d72383734b932810b86e084eaa55efe48a0d4b,FLINK-1239,2014-11-12 18:49:00,Not A Problem,Closed,False,flink.git,2014-11-16 17:20:40+00:00,True,True,,False,False,False,[FLINK-1239] [streaming] IterateExample fix and parallelism setting in StreamExecutionEnvironment made public,False,fa75af096f27a4a4d4671530d9b3cdc54d62aeec,treino,True,False,True,https://github.com/apache/flink/commit/fa75af096f27a4a4d4671530d9b3cdc54d62aeec,https://issues.apache.org/jira/browse/FLINK-1239,https://github.com/apache/flink/commit/d7d72383734b932810b86e084eaa55efe48a0d4b
50e2b746fcc1b1d2803ca2acc3e1d2b78812b007,2014-04-11 07:47:20+00:00,9319fc6f5d4185dac604d6f2f66a8873fcdc15f0,2014-03-31 10:03:40+00:00,GROOVY,50e2b746fcc1b1d2803ca2acc3e1d2b78812b007,GROOVY-6694,2014-04-10 23:47:00,Fixed,Closed,True,groovy.git,2014-04-11 07:47:20+00:00,True,True,,False,False,False,GROOVY-6694: Fix access of static properties from within the trait,True,9319fc6f5d4185dac604d6f2f66a8873fcdc15f0,treino,False,False,False,https://github.com/apache/groovy/commit/9319fc6f5d4185dac604d6f2f66a8873fcdc15f0,https://issues.apache.org/jira/browse/GROOVY-6694,https://github.com/apache/groovy/commit/50e2b746fcc1b1d2803ca2acc3e1d2b78812b007
9918891891fdd1399218ad5d9c84342ac540f498,2014-09-04 01:36:42+00:00,36a5a8dfdd4827663961cbca6b5dce2cc0a918b6,2014-06-20 11:37:15+00:00,GROOVY,9918891891fdd1399218ad5d9c84342ac540f498,GROOVY-7053,2014-09-02 13:06:00,Cannot Reproduce,Closed,False,groovy.git,2014-09-04 01:36:42+00:00,True,True,,False,False,False,GROOVY-7053: incorrect direct use of generics type for fields with generics in the type when using @Builder,False,36a5a8dfdd4827663961cbca6b5dce2cc0a918b6,treino,True,False,True,https://github.com/apache/groovy/commit/36a5a8dfdd4827663961cbca6b5dce2cc0a918b6,https://issues.apache.org/jira/browse/GROOVY-7053,https://github.com/apache/groovy/commit/9918891891fdd1399218ad5d9c84342ac540f498
9918891891fdd1399218ad5d9c84342ac540f498,2014-09-04 01:36:42+00:00,e9ed3ff64ef733a5df5c7a966719f66d8f1998e9,2014-04-24 11:24:11+00:00,GROOVY,9918891891fdd1399218ad5d9c84342ac540f498,GROOVY-7053,2014-09-02 13:06:00,Cannot Reproduce,Closed,False,groovy.git,2014-09-04 01:36:42+00:00,True,True,,False,False,False,GROOVY-7053: incorrect direct use of generics type for fields with generics in the type when using @Builder,False,e9ed3ff64ef733a5df5c7a966719f66d8f1998e9,treino,True,False,True,https://github.com/apache/groovy/commit/e9ed3ff64ef733a5df5c7a966719f66d8f1998e9,https://issues.apache.org/jira/browse/GROOVY-7053,https://github.com/apache/groovy/commit/9918891891fdd1399218ad5d9c84342ac540f498
9918891891fdd1399218ad5d9c84342ac540f498,2014-09-04 01:36:42+00:00,e336c970e6a17cac3b0711bcc6868dd87198fab0,2014-04-25 04:59:10+00:00,GROOVY,9918891891fdd1399218ad5d9c84342ac540f498,GROOVY-7053,2014-09-02 13:06:00,Cannot Reproduce,Closed,False,groovy.git,2014-09-04 01:36:42+00:00,True,True,,False,False,False,GROOVY-7053: incorrect direct use of generics type for fields with generics in the type when using @Builder,False,e336c970e6a17cac3b0711bcc6868dd87198fab0,treino,True,False,True,https://github.com/apache/groovy/commit/e336c970e6a17cac3b0711bcc6868dd87198fab0,https://issues.apache.org/jira/browse/GROOVY-7053,https://github.com/apache/groovy/commit/9918891891fdd1399218ad5d9c84342ac540f498
6506cab40a06d36af680b158c0085698d9f368a6,2014-12-05 13:07:24+00:00,c08e1775b90c75a2cc21f2764082eabe5aaddb8f,2014-03-27 14:28:09+00:00,GROOVY,6506cab40a06d36af680b158c0085698d9f368a6,GROOVY-7190,2014-12-02 14:44:00,Fixed,Closed,True,groovy.git,2014-12-05 13:07:24+00:00,True,True,,False,False,False,GROOVY-7190: $get called on wrong receiver in case of a static method in a trait,True,c08e1775b90c75a2cc21f2764082eabe5aaddb8f,treino,False,False,False,https://github.com/apache/groovy/commit/c08e1775b90c75a2cc21f2764082eabe5aaddb8f,https://issues.apache.org/jira/browse/GROOVY-7190,https://github.com/apache/groovy/commit/6506cab40a06d36af680b158c0085698d9f368a6
6506cab40a06d36af680b158c0085698d9f368a6,2014-12-05 13:07:24+00:00,50e2b746fcc1b1d2803ca2acc3e1d2b78812b007,2014-04-11 07:47:20+00:00,GROOVY,6506cab40a06d36af680b158c0085698d9f368a6,GROOVY-7190,2014-12-02 14:44:00,Fixed,Closed,True,groovy.git,2014-12-05 13:07:24+00:00,True,True,,False,False,False,GROOVY-7190: $get called on wrong receiver in case of a static method in a trait,True,50e2b746fcc1b1d2803ca2acc3e1d2b78812b007,treino,False,False,False,https://github.com/apache/groovy/commit/50e2b746fcc1b1d2803ca2acc3e1d2b78812b007,https://issues.apache.org/jira/browse/GROOVY-7190,https://github.com/apache/groovy/commit/6506cab40a06d36af680b158c0085698d9f368a6
e6d23d869486f93eacb6aeff5884be6c99fa38a4,2015-01-15 12:00:32+00:00,f41a3de8461c6ddf1224384c02507ed9c362e526,2014-12-11 15:57:58+00:00,GROOVY,e6d23d869486f93eacb6aeff5884be6c99fa38a4,GROOVY-7255,2015-01-14 18:12:00,Fixed,Closed,True,groovy.git,2015-01-15 12:00:32+00:00,True,True,,False,False,False,GROOVY-7255: Make dynamic calls in case a static property is accessed from within a trait,True,f41a3de8461c6ddf1224384c02507ed9c362e526,treino,False,False,False,https://github.com/apache/groovy/commit/f41a3de8461c6ddf1224384c02507ed9c362e526,https://issues.apache.org/jira/browse/GROOVY-7255,https://github.com/apache/groovy/commit/e6d23d869486f93eacb6aeff5884be6c99fa38a4
e6d23d869486f93eacb6aeff5884be6c99fa38a4,2015-01-15 12:00:32+00:00,50e2b746fcc1b1d2803ca2acc3e1d2b78812b007,2014-04-11 07:47:20+00:00,GROOVY,e6d23d869486f93eacb6aeff5884be6c99fa38a4,GROOVY-7255,2015-01-14 18:12:00,Fixed,Closed,True,groovy.git,2015-01-15 12:00:32+00:00,True,True,,False,False,False,GROOVY-7255: Make dynamic calls in case a static property is accessed from within a trait,True,50e2b746fcc1b1d2803ca2acc3e1d2b78812b007,treino,False,False,False,https://github.com/apache/groovy/commit/50e2b746fcc1b1d2803ca2acc3e1d2b78812b007,https://issues.apache.org/jira/browse/GROOVY-7255,https://github.com/apache/groovy/commit/e6d23d869486f93eacb6aeff5884be6c99fa38a4
7649f764bc57a84b662d72397fcf628780736cee,2015-03-06 20:32:29+00:00,c08e1775b90c75a2cc21f2764082eabe5aaddb8f,2014-03-27 14:28:09+00:00,GROOVY,7649f764bc57a84b662d72397fcf628780736cee,GROOVY-7342,2015-03-13 05:32:00,Fixed,Closed,True,groovy.git,2015-03-06 20:32:29+00:00,True,True,,False,False,True,GROOVY-7342: Calling a trait method from a closure in a trait fails with @CompileStatic,False,c08e1775b90c75a2cc21f2764082eabe5aaddb8f,treino,False,False,False,https://github.com/apache/groovy/commit/c08e1775b90c75a2cc21f2764082eabe5aaddb8f,https://issues.apache.org/jira/browse/GROOVY-7342,https://github.com/apache/groovy/commit/7649f764bc57a84b662d72397fcf628780736cee
7649f764bc57a84b662d72397fcf628780736cee,2015-03-06 20:32:29+00:00,e6d23d869486f93eacb6aeff5884be6c99fa38a4,2015-01-15 12:00:32+00:00,GROOVY,7649f764bc57a84b662d72397fcf628780736cee,GROOVY-7342,2015-03-13 05:32:00,Fixed,Closed,True,groovy.git,2015-03-06 20:32:29+00:00,True,True,,False,False,True,GROOVY-7342: Calling a trait method from a closure in a trait fails with @CompileStatic,False,e6d23d869486f93eacb6aeff5884be6c99fa38a4,treino,False,False,False,https://github.com/apache/groovy/commit/e6d23d869486f93eacb6aeff5884be6c99fa38a4,https://issues.apache.org/jira/browse/GROOVY-7342,https://github.com/apache/groovy/commit/7649f764bc57a84b662d72397fcf628780736cee
7649f764bc57a84b662d72397fcf628780736cee,2015-03-06 20:32:29+00:00,f41a3de8461c6ddf1224384c02507ed9c362e526,2014-12-11 15:57:58+00:00,GROOVY,7649f764bc57a84b662d72397fcf628780736cee,GROOVY-7342,2015-03-13 05:32:00,Fixed,Closed,True,groovy.git,2015-03-06 20:32:29+00:00,True,True,,False,False,True,GROOVY-7342: Calling a trait method from a closure in a trait fails with @CompileStatic,False,f41a3de8461c6ddf1224384c02507ed9c362e526,treino,False,False,False,https://github.com/apache/groovy/commit/f41a3de8461c6ddf1224384c02507ed9c362e526,https://issues.apache.org/jira/browse/GROOVY-7342,https://github.com/apache/groovy/commit/7649f764bc57a84b662d72397fcf628780736cee
7649f764bc57a84b662d72397fcf628780736cee,2015-03-06 20:32:29+00:00,9319fc6f5d4185dac604d6f2f66a8873fcdc15f0,2014-03-31 10:03:40+00:00,GROOVY,7649f764bc57a84b662d72397fcf628780736cee,GROOVY-7342,2015-03-13 05:32:00,Fixed,Closed,True,groovy.git,2015-03-06 20:32:29+00:00,True,True,,False,False,True,GROOVY-7342: Calling a trait method from a closure in a trait fails with @CompileStatic,False,9319fc6f5d4185dac604d6f2f66a8873fcdc15f0,treino,False,False,False,https://github.com/apache/groovy/commit/9319fc6f5d4185dac604d6f2f66a8873fcdc15f0,https://issues.apache.org/jira/browse/GROOVY-7342,https://github.com/apache/groovy/commit/7649f764bc57a84b662d72397fcf628780736cee
7649f764bc57a84b662d72397fcf628780736cee,2015-03-06 20:32:29+00:00,50e2b746fcc1b1d2803ca2acc3e1d2b78812b007,2014-04-11 07:47:20+00:00,GROOVY,7649f764bc57a84b662d72397fcf628780736cee,GROOVY-7342,2015-03-13 05:32:00,Fixed,Closed,True,groovy.git,2015-03-06 20:32:29+00:00,True,True,,False,False,True,GROOVY-7342: Calling a trait method from a closure in a trait fails with @CompileStatic,False,50e2b746fcc1b1d2803ca2acc3e1d2b78812b007,treino,False,False,False,https://github.com/apache/groovy/commit/50e2b746fcc1b1d2803ca2acc3e1d2b78812b007,https://issues.apache.org/jira/browse/GROOVY-7342,https://github.com/apache/groovy/commit/7649f764bc57a84b662d72397fcf628780736cee
6fe6b31816e43ae3408e2dfdbf2d2bad1a9791c0,2015-06-05 11:51:31+00:00,c08e1775b90c75a2cc21f2764082eabe5aaddb8f,2014-03-27 14:28:09+00:00,GROOVY,6fe6b31816e43ae3408e2dfdbf2d2bad1a9791c0,GROOVY-7456,2015-06-04 09:15:00,Fixed,Closed,True,groovy.git,2015-06-05 11:51:31+00:00,True,True,,False,False,False,GROOVY-7456: Do not transform method calls in closures for traits unless they are private trait methods,True,c08e1775b90c75a2cc21f2764082eabe5aaddb8f,treino,False,False,False,https://github.com/apache/groovy/commit/c08e1775b90c75a2cc21f2764082eabe5aaddb8f,https://issues.apache.org/jira/browse/GROOVY-7456,https://github.com/apache/groovy/commit/6fe6b31816e43ae3408e2dfdbf2d2bad1a9791c0
6fe6b31816e43ae3408e2dfdbf2d2bad1a9791c0,2015-06-05 11:51:31+00:00,e6d23d869486f93eacb6aeff5884be6c99fa38a4,2015-01-15 12:00:32+00:00,GROOVY,6fe6b31816e43ae3408e2dfdbf2d2bad1a9791c0,GROOVY-7456,2015-06-04 09:15:00,Fixed,Closed,True,groovy.git,2015-06-05 11:51:31+00:00,True,True,,False,False,False,GROOVY-7456: Do not transform method calls in closures for traits unless they are private trait methods,True,e6d23d869486f93eacb6aeff5884be6c99fa38a4,treino,False,False,False,https://github.com/apache/groovy/commit/e6d23d869486f93eacb6aeff5884be6c99fa38a4,https://issues.apache.org/jira/browse/GROOVY-7456,https://github.com/apache/groovy/commit/6fe6b31816e43ae3408e2dfdbf2d2bad1a9791c0
6fe6b31816e43ae3408e2dfdbf2d2bad1a9791c0,2015-06-05 11:51:31+00:00,50e2b746fcc1b1d2803ca2acc3e1d2b78812b007,2014-04-11 07:47:20+00:00,GROOVY,6fe6b31816e43ae3408e2dfdbf2d2bad1a9791c0,GROOVY-7456,2015-06-04 09:15:00,Fixed,Closed,True,groovy.git,2015-06-05 11:51:31+00:00,True,True,,False,False,False,GROOVY-7456: Do not transform method calls in closures for traits unless they are private trait methods,True,50e2b746fcc1b1d2803ca2acc3e1d2b78812b007,treino,False,False,False,https://github.com/apache/groovy/commit/50e2b746fcc1b1d2803ca2acc3e1d2b78812b007,https://issues.apache.org/jira/browse/GROOVY-7456,https://github.com/apache/groovy/commit/6fe6b31816e43ae3408e2dfdbf2d2bad1a9791c0
eb1a2b029278b707a2a989ddfaf3cd8b800888d2,2016-11-28 18:57:08+00:00,9319fc6f5d4185dac604d6f2f66a8873fcdc15f0,2014-03-31 10:03:40+00:00,GROOVY,eb1a2b029278b707a2a989ddfaf3cd8b800888d2,GROOVY-7584,2015-09-08 13:41:00,Fixed,Closed,True,groovy.git,2016-11-28 18:57:08+00:00,True,True,,False,False,False,GROOVY-7584: transient fields in trait are not transient in implementing class (closes #463),True,9319fc6f5d4185dac604d6f2f66a8873fcdc15f0,treino,False,False,False,https://github.com/apache/groovy/commit/9319fc6f5d4185dac604d6f2f66a8873fcdc15f0,https://issues.apache.org/jira/browse/GROOVY-7584,https://github.com/apache/groovy/commit/eb1a2b029278b707a2a989ddfaf3cd8b800888d2
14734e4e81a14505c337287e2af533faac69c98a,2009-01-24 07:11:32+00:00,1342ed9b5c11a286d114f18b912f73670ef310db,2008-06-18 22:24:34+00:00,HBASE,14734e4e81a14505c337287e2af533faac69c98a,HBASE-5121,2012-01-04 06:39:00,Fixed,Closed,True,hbase.git,2009-01-24 07:11:32+00:00,True,True,,False,False,True,HBASE-5121 Fix shell usage for format.width,False,1342ed9b5c11a286d114f18b912f73670ef310db,treino,False,False,False,https://github.com/apache/hbase/commit/1342ed9b5c11a286d114f18b912f73670ef310db,https://issues.apache.org/jira/browse/HBASE-5121,https://github.com/apache/hbase/commit/14734e4e81a14505c337287e2af533faac69c98a
081f97077b55544ceee555794d1ede43833fa16b,2010-09-01 22:34:12+00:00,635768d28a76131a28467f8b469d74a527dc98b4,2010-05-13 23:59:05+00:00,HBASE,081f97077b55544ceee555794d1ede43833fa16b,HBASE-2918,2010-08-14 00:20:00,Fixed,Closed,True,hbase.git,2010-09-01 22:34:12+00:00,True,True,,False,False,False,HBASE-2918 SequenceFileLogWriter doesnt make it clear if there is no append by config or by missing lib/feature,True,635768d28a76131a28467f8b469d74a527dc98b4,treino,False,False,False,https://github.com/apache/hbase/commit/635768d28a76131a28467f8b469d74a527dc98b4,https://issues.apache.org/jira/browse/HBASE-2918,https://github.com/apache/hbase/commit/081f97077b55544ceee555794d1ede43833fa16b
4373f9eeb789a87f9d584c08339120eac6f7f4ed,2010-09-10 22:09:11+00:00,635768d28a76131a28467f8b469d74a527dc98b4,2010-05-13 23:59:05+00:00,HBASE,4373f9eeb789a87f9d584c08339120eac6f7f4ed,HBASE-2983,2010-09-10 21:57:00,Fixed,Closed,True,hbase.git,2010-09-10 22:09:11+00:00,True,True,,False,False,False,HBASE-2983. TestHLog unit test is mis-comparing an assertion (Alex Newman via Todd Lipcon),True,635768d28a76131a28467f8b469d74a527dc98b4,treino,False,False,False,https://github.com/apache/hbase/commit/635768d28a76131a28467f8b469d74a527dc98b4,https://issues.apache.org/jira/browse/HBASE-2983,https://github.com/apache/hbase/commit/4373f9eeb789a87f9d584c08339120eac6f7f4ed
374723813f6752fa4d5f03a4215faf0c23f20257,2010-11-05 23:37:34+00:00,635768d28a76131a28467f8b469d74a527dc98b4,2010-05-13 23:59:05+00:00,HBASE,374723813f6752fa4d5f03a4215faf0c23f20257,HBASE-3204,2010-11-05 23:19:00,Fixed,Closed,True,hbase.git,2010-11-05 23:37:34+00:00,True,True,,False,False,False,HBASE-3204  Reenable deferred log flush,True,635768d28a76131a28467f8b469d74a527dc98b4,treino,False,False,False,https://github.com/apache/hbase/commit/635768d28a76131a28467f8b469d74a527dc98b4,https://issues.apache.org/jira/browse/HBASE-3204,https://github.com/apache/hbase/commit/374723813f6752fa4d5f03a4215faf0c23f20257
4c51d6dc6ba73f890ad7d2a72ebcc4eaa073e4ba,2011-07-26 18:14:39+00:00,635768d28a76131a28467f8b469d74a527dc98b4,2010-05-13 23:59:05+00:00,HBASE,4c51d6dc6ba73f890ad7d2a72ebcc4eaa073e4ba,HBASE-3845,2011-05-02 19:59:00,Fixed,Closed,True,hbase.git,2011-07-26 18:14:39+00:00,True,True,,False,False,False,HBASE-3845 data loss because lastSeqWritten can miss memstore edits,True,635768d28a76131a28467f8b469d74a527dc98b4,treino,False,False,False,https://github.com/apache/hbase/commit/635768d28a76131a28467f8b469d74a527dc98b4,https://issues.apache.org/jira/browse/HBASE-3845,https://github.com/apache/hbase/commit/4c51d6dc6ba73f890ad7d2a72ebcc4eaa073e4ba
8a6d0fbca1d0e5587e1f3bd1eeb186f789c0af24,2012-02-01 18:56:34+00:00,635768d28a76131a28467f8b469d74a527dc98b4,2010-05-13 23:59:05+00:00,HBASE,8a6d0fbca1d0e5587e1f3bd1eeb186f789c0af24,HBASE-5212,2012-01-16 23:16:00,Fixed,Closed,True,hbase.git,2012-02-01 18:56:34+00:00,True,True,,False,False,False,HBASE-5212 Fix test TestTableMapReduce against 0.23 (Ted and Gregory),True,635768d28a76131a28467f8b469d74a527dc98b4,treino,False,False,False,https://github.com/apache/hbase/commit/635768d28a76131a28467f8b469d74a527dc98b4,https://issues.apache.org/jira/browse/HBASE-5212,https://github.com/apache/hbase/commit/8a6d0fbca1d0e5587e1f3bd1eeb186f789c0af24
047d209cee5285fb6b6d88d2ee45b3efb641b222,2012-03-18 19:40:24+00:00,635768d28a76131a28467f8b469d74a527dc98b4,2010-05-13 23:59:05+00:00,HBASE,047d209cee5285fb6b6d88d2ee45b3efb641b222,HBASE-5955,2012-05-08 04:52:00,Fixed,Closed,True,hbase.git,2012-03-18 19:40:24+00:00,True,True,,False,False,True,HBASE-5955 Fix NoSuchMethodException in 0.92 when running on local filesystem,False,635768d28a76131a28467f8b469d74a527dc98b4,treino,False,False,False,https://github.com/apache/hbase/commit/635768d28a76131a28467f8b469d74a527dc98b4,https://issues.apache.org/jira/browse/HBASE-5955,https://github.com/apache/hbase/commit/047d209cee5285fb6b6d88d2ee45b3efb641b222
047d209cee5285fb6b6d88d2ee45b3efb641b222,2012-03-18 19:40:24+00:00,8a6d0fbca1d0e5587e1f3bd1eeb186f789c0af24,2012-02-01 18:56:34+00:00,HBASE,047d209cee5285fb6b6d88d2ee45b3efb641b222,HBASE-5955,2012-05-08 04:52:00,Fixed,Closed,True,hbase.git,2012-03-18 19:40:24+00:00,True,True,,False,False,True,HBASE-5955 Fix NoSuchMethodException in 0.92 when running on local filesystem,False,8a6d0fbca1d0e5587e1f3bd1eeb186f789c0af24,treino,False,False,True,https://github.com/apache/hbase/commit/8a6d0fbca1d0e5587e1f3bd1eeb186f789c0af24,https://issues.apache.org/jira/browse/HBASE-5955,https://github.com/apache/hbase/commit/047d209cee5285fb6b6d88d2ee45b3efb641b222
abae95c2aa53318981f849ffd3b97103d2273b66,2012-04-23 21:05:09+00:00,635768d28a76131a28467f8b469d74a527dc98b4,2010-05-13 23:59:05+00:00,HBASE,abae95c2aa53318981f849ffd3b97103d2273b66,HBASE-5830,2012-04-19 12:40:00,Fixed,Closed,True,hbase.git,2012-04-23 21:05:09+00:00,True,True,,False,False,False,HBASE-5830 Cleanup SequenceFileLogWriter to use syncFs api from SequenceFile#Writer directly in trunk.,True,635768d28a76131a28467f8b469d74a527dc98b4,treino,False,False,False,https://github.com/apache/hbase/commit/635768d28a76131a28467f8b469d74a527dc98b4,https://issues.apache.org/jira/browse/HBASE-5830,https://github.com/apache/hbase/commit/abae95c2aa53318981f849ffd3b97103d2273b66
16589af63455f8c251a501acc629eafeecc4fa42,2013-03-15 20:04:08+00:00,635768d28a76131a28467f8b469d74a527dc98b4,2010-05-13 23:59:05+00:00,HBASE,16589af63455f8c251a501acc629eafeecc4fa42,HBASE-8123,2013-03-15 15:54:00,Fixed,Closed,True,hbase.git,2013-03-15 20:04:08+00:00,True,True,,False,False,False,HBASE-8123 Replace HashMap/HashSet with TreeMap/TreeSet where byte[] is used as key,True,635768d28a76131a28467f8b469d74a527dc98b4,treino,False,False,False,https://github.com/apache/hbase/commit/635768d28a76131a28467f8b469d74a527dc98b4,https://issues.apache.org/jira/browse/HBASE-8123,https://github.com/apache/hbase/commit/16589af63455f8c251a501acc629eafeecc4fa42
07a771866f18e8ec532c14f624fa908815bd88c7,2014-06-25 09:01:42+00:00,74f6e25c8f0714ebf12344e3ef8e26493b40261f,2013-11-19 15:39:35+00:00,HBASE,07a771866f18e8ec532c14f624fa908815bd88c7,HBASE-11297,2014-06-04 13:43:00,Fixed,Closed,True,hbase.git,2014-06-25 09:01:42+00:00,True,True,,False,False,False,HBASE-11297 Remove some synchros in the rpcServer responder,True,74f6e25c8f0714ebf12344e3ef8e26493b40261f,treino,False,False,False,https://github.com/apache/hbase/commit/74f6e25c8f0714ebf12344e3ef8e26493b40261f,https://issues.apache.org/jira/browse/HBASE-11297,https://github.com/apache/hbase/commit/07a771866f18e8ec532c14f624fa908815bd88c7
4b8a38ebb5db171e9928ca1645045b2c149bdb74,2014-08-08 20:54:53+00:00,1342ed9b5c11a286d114f18b912f73670ef310db,2008-06-18 22:24:34+00:00,HBASE,4b8a38ebb5db171e9928ca1645045b2c149bdb74,HBASE-11658,2014-08-04 13:34:00,Fixed,Resolved,True,hbase.git,2014-08-08 20:54:53+00:00,True,True,,False,False,False,HBASE-11658 Piped commands to hbase shell should return non-zero if shell command failed (Sean Busbey),True,1342ed9b5c11a286d114f18b912f73670ef310db,treino,False,False,False,https://github.com/apache/hbase/commit/1342ed9b5c11a286d114f18b912f73670ef310db,https://issues.apache.org/jira/browse/HBASE-11658,https://github.com/apache/hbase/commit/4b8a38ebb5db171e9928ca1645045b2c149bdb74
231d3ee2adbfc32dfe4f7d7cd7a96ac33968520e,2014-11-13 06:49:00+00:00,81e9be251879f9dfab9b687231b318e94f423459,2011-05-04 03:51:59+00:00,HBASE,231d3ee2adbfc32dfe4f7d7cd7a96ac33968520e,HBASE-12457,2014-11-11 02:14:00,Ausente no export,Patch Available,False,hbase.git,2014-11-13 06:49:00+00:00,True,True,,False,False,False,HBASE-12457 Regions in transition for a long time when CLOSE interleaves with a slow compaction.,False,81e9be251879f9dfab9b687231b318e94f423459,treino,True,False,True,https://github.com/apache/hbase/commit/81e9be251879f9dfab9b687231b318e94f423459,https://issues.apache.org/jira/browse/HBASE-12457,https://github.com/apache/hbase/commit/231d3ee2adbfc32dfe4f7d7cd7a96ac33968520e
35ddea75c49e9a8c82a2f9d54c9e086ddea11d91,2015-04-01 04:14:23+00:00,d1619bceb3142f3ab8c134365e18a150fbd5b9bf,2015-02-27 16:34:46+00:00,HBASE,35ddea75c49e9a8c82a2f9d54c9e086ddea11d91,HBASE-13371,2015-04-01 00:38:00,Fixed,Closed,True,hbase.git,2015-04-01 04:14:23+00:00,True,True,,False,False,False,HBASE-13371 Fix typo in TestAsyncIPC,True,d1619bceb3142f3ab8c134365e18a150fbd5b9bf,treino,False,False,False,https://github.com/apache/hbase/commit/d1619bceb3142f3ab8c134365e18a150fbd5b9bf,https://issues.apache.org/jira/browse/HBASE-13371,https://github.com/apache/hbase/commit/35ddea75c49e9a8c82a2f9d54c9e086ddea11d91
fe9180d79e993e615317c189a87eac1eacdc37b6,2015-04-14 15:00:07+00:00,d1619bceb3142f3ab8c134365e18a150fbd5b9bf,2015-02-27 16:34:46+00:00,HBASE,fe9180d79e993e615317c189a87eac1eacdc37b6,HBASE-13499,2015-04-20 10:36:00,Fixed,Closed,True,hbase.git,2015-04-14 15:00:07+00:00,True,True,,False,False,True,HBASE-13499 AsyncRpcClient test cases failure in powerpc,False,d1619bceb3142f3ab8c134365e18a150fbd5b9bf,treino,False,False,False,https://github.com/apache/hbase/commit/d1619bceb3142f3ab8c134365e18a150fbd5b9bf,https://issues.apache.org/jira/browse/HBASE-13499,https://github.com/apache/hbase/commit/fe9180d79e993e615317c189a87eac1eacdc37b6
efb82957da09ab06f5c887b3d62ad055bbba089f,2015-10-26 22:11:12+00:00,d1619bceb3142f3ab8c134365e18a150fbd5b9bf,2015-02-27 16:34:46+00:00,HBASE,efb82957da09ab06f5c887b3d62ad055bbba089f,HBASE-13318,2015-03-24 01:14:00,Fixed,Closed,True,hbase.git,2015-10-26 22:11:12+00:00,True,True,,False,False,False,HBASE-13318 RpcServer.getListenerAddress should handle when the accept channel is closed,True,d1619bceb3142f3ab8c134365e18a150fbd5b9bf,treino,False,False,False,https://github.com/apache/hbase/commit/d1619bceb3142f3ab8c134365e18a150fbd5b9bf,https://issues.apache.org/jira/browse/HBASE-13318,https://github.com/apache/hbase/commit/efb82957da09ab06f5c887b3d62ad055bbba089f
3b5fbf8d73b0ee50a0b04b044f93c1af39e5d79d,2016-07-11 17:33:22+00:00,74f6e25c8f0714ebf12344e3ef8e26493b40261f,2013-11-19 15:39:35+00:00,HBASE,3b5fbf8d73b0ee50a0b04b044f93c1af39e5d79d,HBASE-16160,2016-07-01 02:57:00,Fixed,Resolved,True,hbase.git,2016-07-11 17:33:22+00:00,True,True,,False,False,False,HBASE-16160 Support RPC encryption with direct ByteBuffers (Colin Ma via garyh),True,74f6e25c8f0714ebf12344e3ef8e26493b40261f,treino,False,False,False,https://github.com/apache/hbase/commit/74f6e25c8f0714ebf12344e3ef8e26493b40261f,https://issues.apache.org/jira/browse/HBASE-16160,https://github.com/apache/hbase/commit/3b5fbf8d73b0ee50a0b04b044f93c1af39e5d79d
ce493642c0e295a08701cdcfe3ddc6755cdd7718,2016-09-22 08:29:18+00:00,17bcf14fea2637fe0e5ca23bb0008c1cca208c98,2016-06-14 13:33:54+00:00,HBASE,ce493642c0e295a08701cdcfe3ddc6755cdd7718,HBASE-16880,2016-10-19 06:23:00,Fixed,Resolved,True,hbase.git,2016-09-22 08:29:18+00:00,True,True,,False,False,True,HBASE-16880 Reduce garbage in BufferChain (binlijin),False,17bcf14fea2637fe0e5ca23bb0008c1cca208c98,treino,False,False,True,https://github.com/apache/hbase/commit/17bcf14fea2637fe0e5ca23bb0008c1cca208c98,https://issues.apache.org/jira/browse/HBASE-16880,https://github.com/apache/hbase/commit/ce493642c0e295a08701cdcfe3ddc6755cdd7718
ce493642c0e295a08701cdcfe3ddc6755cdd7718,2016-09-22 08:29:18+00:00,74f6e25c8f0714ebf12344e3ef8e26493b40261f,2013-11-19 15:39:35+00:00,HBASE,ce493642c0e295a08701cdcfe3ddc6755cdd7718,HBASE-16880,2016-10-19 06:23:00,Fixed,Resolved,True,hbase.git,2016-09-22 08:29:18+00:00,True,True,,False,False,True,HBASE-16880 Reduce garbage in BufferChain (binlijin),False,74f6e25c8f0714ebf12344e3ef8e26493b40261f,treino,False,False,False,https://github.com/apache/hbase/commit/74f6e25c8f0714ebf12344e3ef8e26493b40261f,https://issues.apache.org/jira/browse/HBASE-16880,https://github.com/apache/hbase/commit/ce493642c0e295a08701cdcfe3ddc6755cdd7718
237890feabc809ade4e7542039634e04219d0bcb,2014-11-03 21:27:09+00:00,7b913180be9cb8f5aaded964179d6313add2f13f,2012-02-04 20:12:51+00:00,HDFS,237890feabc809ade4e7542039634e04219d0bcb,HDFS-7324,2014-11-03 03:01:00,Invalid,Resolved,False,hadoop.git,2014-11-03 21:27:09+00:00,True,True,,False,False,False,HDFS-7324. haadmin command usage prints incorrect command name. Contributed by Brahma Reddy Battula.,False,7b913180be9cb8f5aaded964179d6313add2f13f,treino,True,False,True,https://github.com/apache/hadoop/commit/7b913180be9cb8f5aaded964179d6313add2f13f,https://issues.apache.org/jira/browse/HDFS-7324,https://github.com/apache/hadoop/commit/237890feabc809ade4e7542039634e04219d0bcb
1a7bd0f99e6a152ecb56171794be1d569fc85071,2010-11-16 21:49:44+00:00,4e380f0ac59e4f5f2e9f1da3f50dac04f3eef880,2010-10-19 05:17:02+00:00,HIVE,1a7bd0f99e6a152ecb56171794be1d569fc85071,HIVE-1794,2010-11-16 04:12:00,Fixed,Closed,True,hive.git,2010-11-16 21:49:44+00:00,True,True,,False,False,False,HIVE-1794 Bug in AND and OR if they return boolean/string,True,4e380f0ac59e4f5f2e9f1da3f50dac04f3eef880,treino,False,False,False,https://github.com/apache/hive/commit/4e380f0ac59e4f5f2e9f1da3f50dac04f3eef880,https://issues.apache.org/jira/browse/HIVE-1794,https://github.com/apache/hive/commit/1a7bd0f99e6a152ecb56171794be1d569fc85071
a8c8ccd5f053e6bbe783b0510bf21bf6b90479ff,2010-11-30 00:05:19+00:00,13cfdd7470625c0921fa94098ad1729797e97460,2010-05-03 04:57:01+00:00,HIVE,a8c8ccd5f053e6bbe783b0510bf21bf6b90479ff,HIVE-1804,2010-11-22 20:31:00,Fixed,Closed,True,hive.git,2010-11-30 00:05:19+00:00,True,True,,False,False,False,HIVE-1804 Mapjoin will fail if there are no files associating with the join tables (Liyin Tang via He Yongqiang),True,13cfdd7470625c0921fa94098ad1729797e97460,treino,False,False,False,https://github.com/apache/hive/commit/13cfdd7470625c0921fa94098ad1729797e97460,https://issues.apache.org/jira/browse/HIVE-1804,https://github.com/apache/hive/commit/a8c8ccd5f053e6bbe783b0510bf21bf6b90479ff
f9251b417e113ae3d77091932478ed53223acecb,2010-12-16 21:46:19+00:00,01a8b73c87dc9668c22cf655993d62738d483a5e,2010-03-15 21:49:45+00:00,HIVE,f9251b417e113ae3d77091932478ed53223acecb,HIVE-1853,2010-12-16 06:38:00,Fixed,Closed,True,hive.git,2010-12-16 21:46:19+00:00,True,True,,False,False,False,HIVE-1853 Downrgrade JDO (Paul Yang via namit),True,01a8b73c87dc9668c22cf655993d62738d483a5e,treino,False,False,False,https://github.com/apache/hive/commit/01a8b73c87dc9668c22cf655993d62738d483a5e,https://issues.apache.org/jira/browse/HIVE-1853,https://github.com/apache/hive/commit/f9251b417e113ae3d77091932478ed53223acecb
32758fd38e610f6b4aa69b53b25b273f550dc4cf,2011-01-20 06:58:19+00:00,b70cd2dac8047bf1d225c87e8d84f73456e57008,2010-01-08 05:56:50+00:00,HIVE,32758fd38e610f6b4aa69b53b25b273f550dc4cf,HIVE-1862,2010-12-22 21:46:00,Fixed,Closed,True,hive.git,2011-01-20 06:58:19+00:00,True,True,,False,False,False,Fix broken commit from HIVE-1862,True,b70cd2dac8047bf1d225c87e8d84f73456e57008,treino,False,False,False,https://github.com/apache/hive/commit/b70cd2dac8047bf1d225c87e8d84f73456e57008,https://issues.apache.org/jira/browse/HIVE-1862,https://github.com/apache/hive/commit/32758fd38e610f6b4aa69b53b25b273f550dc4cf
a6602493812699893bf6ab9ced6fe8b57a2bd817,2011-05-23 20:34:58+00:00,0900bfe1fb385f55503fb722fc7366dd60bc6e24,2010-03-08 21:33:11+00:00,HIVE,a6602493812699893bf6ab9ced6fe8b57a2bd817,HIVE-2117,2011-04-18 18:26:00,Fixed,Closed,True,hive.git,2011-05-23 20:34:58+00:00,True,True,,False,False,False,HIVE-2117. Insert overwrite ignoring partition location (Patrick Hunt via cws),True,0900bfe1fb385f55503fb722fc7366dd60bc6e24,treino,False,False,False,https://github.com/apache/hive/commit/0900bfe1fb385f55503fb722fc7366dd60bc6e24,https://issues.apache.org/jira/browse/HIVE-2117,https://github.com/apache/hive/commit/a6602493812699893bf6ab9ced6fe8b57a2bd817
88187be1c0123bc76676c0adc3f54344439a7c5b,2011-07-01 01:53:07+00:00,4e380f0ac59e4f5f2e9f1da3f50dac04f3eef880,2010-10-19 05:17:02+00:00,HIVE,88187be1c0123bc76676c0adc3f54344439a7c5b,HIVE-2248,2011-06-30 23:04:00,Fixed,Closed,True,hive.git,2011-07-01 01:53:07+00:00,True,True,,False,False,False,HIVE-2248 Comparison Operators convert number types to common type instead of,True,4e380f0ac59e4f5f2e9f1da3f50dac04f3eef880,treino,False,False,False,https://github.com/apache/hive/commit/4e380f0ac59e4f5f2e9f1da3f50dac04f3eef880,https://issues.apache.org/jira/browse/HIVE-2248,https://github.com/apache/hive/commit/88187be1c0123bc76676c0adc3f54344439a7c5b
840efbcd5856a6134740c3ca83dd25256c06173b,2011-07-20 19:54:14+00:00,01a8b73c87dc9668c22cf655993d62738d483a5e,2010-03-15 21:49:45+00:00,HIVE,840efbcd5856a6134740c3ca83dd25256c06173b,HIVE-1884,2011-01-05 09:52:00,Fixed,Closed,True,hive.git,2011-07-20 19:54:14+00:00,True,True,,False,False,False,HIVE-1884. Potential risk of resource leaks in Hive,True,01a8b73c87dc9668c22cf655993d62738d483a5e,treino,False,False,False,https://github.com/apache/hive/commit/01a8b73c87dc9668c22cf655993d62738d483a5e,https://issues.apache.org/jira/browse/HIVE-1884,https://github.com/apache/hive/commit/840efbcd5856a6134740c3ca83dd25256c06173b
c25b54c498857b94987f5f13f138236d805c3a62,2013-02-20 12:56:38+00:00,b70cd2dac8047bf1d225c87e8d84f73456e57008,2010-01-08 05:56:50+00:00,HIVE,c25b54c498857b94987f5f13f138236d805c3a62,HIVE-4027,2013-02-16 01:08:00,Fixed,Closed,True,hive.git,2013-02-20 12:56:38+00:00,True,True,,False,False,False,HIVE-4027 Thrift alter_table api doesnt validate column type,True,b70cd2dac8047bf1d225c87e8d84f73456e57008,treino,False,False,False,https://github.com/apache/hive/commit/b70cd2dac8047bf1d225c87e8d84f73456e57008,https://issues.apache.org/jira/browse/HIVE-4027,https://github.com/apache/hive/commit/c25b54c498857b94987f5f13f138236d805c3a62
23d1d75784a0c914061406f8b7ad74a5caafbdf6,2013-06-04 03:10:55+00:00,0900bfe1fb385f55503fb722fc7366dd60bc6e24,2010-03-08 21:33:11+00:00,HIVE,23d1d75784a0c914061406f8b7ad74a5caafbdf6,HIVE-4418,2013-04-24 21:32:00,Fixed,Closed,True,hive.git,2013-06-04 03:10:55+00:00,True,True,,False,False,False,HIVE-4418 : TestNegativeCliDriver failure message if cmd succeeds is misleading (Thejas Nair via Ashutosh Chauhan),True,0900bfe1fb385f55503fb722fc7366dd60bc6e24,treino,False,False,False,https://github.com/apache/hive/commit/0900bfe1fb385f55503fb722fc7366dd60bc6e24,https://issues.apache.org/jira/browse/HIVE-4418,https://github.com/apache/hive/commit/23d1d75784a0c914061406f8b7ad74a5caafbdf6
f43ac76b79d6d9e292e055341aa64d428e1b9015,2013-11-10 16:29:20+00:00,0900bfe1fb385f55503fb722fc7366dd60bc6e24,2010-03-08 21:33:11+00:00,HIVE,f43ac76b79d6d9e292e055341aa64d428e1b9015,HIVE-5790,2013-11-09 06:10:00,Fixed,Resolved,True,hive.git,2013-11-10 16:29:20+00:00,True,True,,False,False,False,HIVE-5790 : maven test build  failure shows wrong error message (Mohammad Islam via Ashutosh Chauhan),True,0900bfe1fb385f55503fb722fc7366dd60bc6e24,treino,False,False,False,https://github.com/apache/hive/commit/0900bfe1fb385f55503fb722fc7366dd60bc6e24,https://issues.apache.org/jira/browse/HIVE-5790,https://github.com/apache/hive/commit/f43ac76b79d6d9e292e055341aa64d428e1b9015
0dc8cfc3200ba54d7482b175edbe8ac6f3a4985e,2013-11-28 00:21:45+00:00,0900bfe1fb385f55503fb722fc7366dd60bc6e24,2010-03-08 21:33:11+00:00,HIVE,0dc8cfc3200ba54d7482b175edbe8ac6f3a4985e,HIVE-5827,2013-11-14 21:12:00,Fixed,Resolved,True,hive.git,2013-11-28 00:21:45+00:00,True,True,,False,False,False,HIVE-5827 : Incorrect location of logs for failed tests (Vikram Dixit K and Szehon Ho via Navis),True,0900bfe1fb385f55503fb722fc7366dd60bc6e24,treino,False,False,False,https://github.com/apache/hive/commit/0900bfe1fb385f55503fb722fc7366dd60bc6e24,https://issues.apache.org/jira/browse/HIVE-5827,https://github.com/apache/hive/commit/0dc8cfc3200ba54d7482b175edbe8ac6f3a4985e
a0f6f9428d3614edda5c708fe984c00cb6b8237e,2013-12-04 15:09:25+00:00,01a8b73c87dc9668c22cf655993d62738d483a5e,2010-03-15 21:49:45+00:00,HIVE,a0f6f9428d3614edda5c708fe984c00cb6b8237e,HIVE-5912,2013-12-02 15:51:00,Fixed,Resolved,True,hive.git,2013-12-04 15:09:25+00:00,True,True,,False,False,False,HIVE-5912: Show partition command doesn't support db.table (Yu Zhao via Xuefu),True,01a8b73c87dc9668c22cf655993d62738d483a5e,treino,False,False,False,https://github.com/apache/hive/commit/01a8b73c87dc9668c22cf655993d62738d483a5e,https://issues.apache.org/jira/browse/HIVE-5912,https://github.com/apache/hive/commit/a0f6f9428d3614edda5c708fe984c00cb6b8237e
afc31e195fe68127315f94ed5f38d0200dd12702,2013-12-20 16:45:46+00:00,01a8b73c87dc9668c22cf655993d62738d483a5e,2010-03-15 21:49:45+00:00,HIVE,afc31e195fe68127315f94ed5f38d0200dd12702,HIVE-6065,2013-12-19 21:57:00,Fixed,Resolved,True,hive.git,2013-12-20 16:45:46+00:00,True,True,,False,False,False,HIVE-6065 : orc/FileDump and testRCFile should close on appropriate resources (Jason Dere via Ashutosh Chauhan),True,01a8b73c87dc9668c22cf655993d62738d483a5e,treino,False,False,False,https://github.com/apache/hive/commit/01a8b73c87dc9668c22cf655993d62738d483a5e,https://issues.apache.org/jira/browse/HIVE-6065,https://github.com/apache/hive/commit/afc31e195fe68127315f94ed5f38d0200dd12702
7f41240ca38cb93831488336902209281da67a98,2014-01-22 04:23:07+00:00,4e380f0ac59e4f5f2e9f1da3f50dac04f3eef880,2010-10-19 05:17:02+00:00,HIVE,7f41240ca38cb93831488336902209281da67a98,HIVE-3617,2012-10-25 07:45:00,Fixed,Resolved,True,hive.git,2014-01-22 04:23:07+00:00,True,True,,False,False,False,HIVE-3617 : Predicates pushed down to hbase is not handled properly when constant part is shown first (Navis reviewed by Ashutosh Chauhan),True,4e380f0ac59e4f5f2e9f1da3f50dac04f3eef880,treino,False,False,False,https://github.com/apache/hive/commit/4e380f0ac59e4f5f2e9f1da3f50dac04f3eef880,https://issues.apache.org/jira/browse/HIVE-3617,https://github.com/apache/hive/commit/7f41240ca38cb93831488336902209281da67a98
b3881bdbe23e40af4d31ce0d74a7932da3fdba82,2014-03-10 04:52:44+00:00,01a8b73c87dc9668c22cf655993d62738d483a5e,2010-03-15 21:49:45+00:00,HIVE,b3881bdbe23e40af4d31ce0d74a7932da3fdba82,HIVE-4723,2013-06-12 20:37:00,Fixed,Closed,True,hive.git,2014-03-10 04:52:44+00:00,True,True,,False,False,False,HIVE-4723 : DDLSemanticAnalyzer.addTablePartsOutputs eats several exceptions (Szehon Ho via Ashutosh Chauhan),True,01a8b73c87dc9668c22cf655993d62738d483a5e,treino,False,False,False,https://github.com/apache/hive/commit/01a8b73c87dc9668c22cf655993d62738d483a5e,https://issues.apache.org/jira/browse/HIVE-4723,https://github.com/apache/hive/commit/b3881bdbe23e40af4d31ce0d74a7932da3fdba82
2ede10ab0cae149c54e06835420ea993aa02de53,2014-11-05 00:44:35+00:00,3337e6eb7811aa2de8092fba577e4f784e449ddd,2014-03-18 06:24:20+00:00,HIVE,2ede10ab0cae149c54e06835420ea993aa02de53,HIVE-8765,2014-11-06 18:01:00,Won't Fix,Resolved,False,hive.git,2014-11-05 00:44:35+00:00,True,True,,False,False,True,"HIVE-8765 Increase thrift server protocol test coverage (Brock Noland, reviewed by Alan Gates)",False,3337e6eb7811aa2de8092fba577e4f784e449ddd,treino,True,False,True,https://github.com/apache/hive/commit/3337e6eb7811aa2de8092fba577e4f784e449ddd,https://issues.apache.org/jira/browse/HIVE-8765,https://github.com/apache/hive/commit/2ede10ab0cae149c54e06835420ea993aa02de53
626a9daecf884d0a925724612e8a41fffc167316,2015-03-16 17:40:56+00:00,0900bfe1fb385f55503fb722fc7366dd60bc6e24,2010-03-08 21:33:11+00:00,HIVE,626a9daecf884d0a925724612e8a41fffc167316,HIVE-9936,2015-03-12 03:27:00,Fixed,Closed,True,hive.git,2015-03-16 17:40:56+00:00,True,True,,False,False,False,HIVE-9936: fix potential NPE in DefaultUDAFEvaluatorResolver (Alexander Pivovarov via Jason Dere),True,0900bfe1fb385f55503fb722fc7366dd60bc6e24,treino,False,False,False,https://github.com/apache/hive/commit/0900bfe1fb385f55503fb722fc7366dd60bc6e24,https://issues.apache.org/jira/browse/HIVE-9936,https://github.com/apache/hive/commit/626a9daecf884d0a925724612e8a41fffc167316
cee099e656110e7acde736205b57866887639b9d,2018-07-23 06:18:35+00:00,8a772649487253c47b82ffe27d689bef9ef6d782,2010-05-12 19:44:55+00:00,HIVE,cee099e656110e7acde736205b57866887639b9d,HIVE-20204,2018-07-18 19:35:00,Fixed,Resolved,True,hive.git,2018-07-23 06:18:35+00:00,True,True,,False,False,False,"HIVE-20204: Type conversion during IN () comparisons is using different rules from other comparison operations (Jason Dere, reviewed by Ashutosh Chauhan)",True,8a772649487253c47b82ffe27d689bef9ef6d782,treino,False,False,False,https://github.com/apache/hive/commit/8a772649487253c47b82ffe27d689bef9ef6d782,https://issues.apache.org/jira/browse/HIVE-20204,https://github.com/apache/hive/commit/cee099e656110e7acde736205b57866887639b9d
6267520a50ba8c12ae5cee8fb27a6746376a21c6,2020-08-03 15:00:07+00:00,01a8b73c87dc9668c22cf655993d62738d483a5e,2010-03-15 21:49:45+00:00,HIVE,6267520a50ba8c12ae5cee8fb27a6746376a21c6,HIVE-1317,2010-04-22 01:02:00,Fixed,Closed,True,hive.git,2020-08-03 15:00:07+00:00,False,False,HIVE-23949,True,True,False,"HIVE-23949: Introduce caching layer in HS2 to accelerate query compilation (Soumyakanti Das, reviewed by Vineet Garg, Jesus Camacho Rodriguez)",False,01a8b73c87dc9668c22cf655993d62738d483a5e,treino,False,False,False,https://github.com/apache/hive/commit/01a8b73c87dc9668c22cf655993d62738d483a5e,https://issues.apache.org/jira/browse/HIVE-1317,https://github.com/apache/hive/commit/6267520a50ba8c12ae5cee8fb27a6746376a21c6
6267520a50ba8c12ae5cee8fb27a6746376a21c6,2020-08-03 15:00:07+00:00,b70cd2dac8047bf1d225c87e8d84f73456e57008,2010-01-08 05:56:50+00:00,HIVE,6267520a50ba8c12ae5cee8fb27a6746376a21c6,HIVE-1317,2010-04-22 01:02:00,Fixed,Closed,True,hive.git,2020-08-03 15:00:07+00:00,False,False,HIVE-23949,True,True,False,"HIVE-23949: Introduce caching layer in HS2 to accelerate query compilation (Soumyakanti Das, reviewed by Vineet Garg, Jesus Camacho Rodriguez)",False,b70cd2dac8047bf1d225c87e8d84f73456e57008,treino,False,False,False,https://github.com/apache/hive/commit/b70cd2dac8047bf1d225c87e8d84f73456e57008,https://issues.apache.org/jira/browse/HIVE-1317,https://github.com/apache/hive/commit/6267520a50ba8c12ae5cee8fb27a6746376a21c6
af911c9fe0ff3bb49d80f6c0109d30f5e1046849,2020-08-11 01:08:30+00:00,0900bfe1fb385f55503fb722fc7366dd60bc6e24,2010-03-08 21:33:11+00:00,HIVE,af911c9fe0ff3bb49d80f6c0109d30f5e1046849,HIVE-1363,2010-05-23 03:10:00,Fixed,Closed,True,hive.git,2020-08-11 01:08:30+00:00,False,False,HIVE-23996,True,True,False,"HIVE-23996: Remove unused line in UDFArgumentException (Guo Philipse reviewed by Peter Vary, Jesus Camacho Rodriguez)",False,0900bfe1fb385f55503fb722fc7366dd60bc6e24,treino,False,False,False,https://github.com/apache/hive/commit/0900bfe1fb385f55503fb722fc7366dd60bc6e24,https://issues.apache.org/jira/browse/HIVE-1363,https://github.com/apache/hive/commit/af911c9fe0ff3bb49d80f6c0109d30f5e1046849
624d420d2d7bff53057389e6d45f83ca02a0524e,2021-01-19 15:15:03+00:00,13cfdd7470625c0921fa94098ad1729797e97460,2010-05-03 04:57:01+00:00,HIVE,624d420d2d7bff53057389e6d45f83ca02a0524e,HIVE-1780,2010-11-10 01:39:00,Fixed,Closed,True,hive.git,2021-01-19 15:15:03+00:00,False,False,HIVE-24534,True,True,False,"HIVE-24534: Strict checks between decimal/characters & bigint/doubles (Stamatis Zampetakis, reviewed by Krisztian Kasa)",False,13cfdd7470625c0921fa94098ad1729797e97460,treino,False,False,False,https://github.com/apache/hive/commit/13cfdd7470625c0921fa94098ad1729797e97460,https://issues.apache.org/jira/browse/HIVE-1780,https://github.com/apache/hive/commit/624d420d2d7bff53057389e6d45f83ca02a0524e
b4b353e4a9756fc3a008fc60445c7ec433e61065,2021-03-30 23:17:51+00:00,4e380f0ac59e4f5f2e9f1da3f50dac04f3eef880,2010-10-19 05:17:02+00:00,HIVE,b4b353e4a9756fc3a008fc60445c7ec433e61065,HIVE-2107,2011-04-11 22:31:00,Fixed,Closed,True,hive.git,2021-03-30 23:17:51+00:00,False,False,HIVE-24886,True,True,False,"HIVE-24886: Support simple equality operations between MAP/LIST/STRUCT types (Stamatis Zampetakis, reviewed by Jesus Camacho Rodriguez)",False,4e380f0ac59e4f5f2e9f1da3f50dac04f3eef880,treino,False,False,False,https://github.com/apache/hive/commit/4e380f0ac59e4f5f2e9f1da3f50dac04f3eef880,https://issues.apache.org/jira/browse/HIVE-2107,https://github.com/apache/hive/commit/b4b353e4a9756fc3a008fc60445c7ec433e61065
b4b353e4a9756fc3a008fc60445c7ec433e61065,2021-03-30 23:17:51+00:00,0c1c000a8bbd7ba9da9f4b528554fd06c3b0f400,2010-11-11 01:14:37+00:00,HIVE,b4b353e4a9756fc3a008fc60445c7ec433e61065,HIVE-2107,2011-04-11 22:31:00,Fixed,Closed,True,hive.git,2021-03-30 23:17:51+00:00,False,False,HIVE-24886,True,True,False,"HIVE-24886: Support simple equality operations between MAP/LIST/STRUCT types (Stamatis Zampetakis, reviewed by Jesus Camacho Rodriguez)",False,0c1c000a8bbd7ba9da9f4b528554fd06c3b0f400,treino,False,True,True,https://github.com/apache/hive/commit/0c1c000a8bbd7ba9da9f4b528554fd06c3b0f400,https://issues.apache.org/jira/browse/HIVE-2107,https://github.com/apache/hive/commit/b4b353e4a9756fc3a008fc60445c7ec433e61065
b4b353e4a9756fc3a008fc60445c7ec433e61065,2021-03-30 23:17:51+00:00,8a772649487253c47b82ffe27d689bef9ef6d782,2010-05-12 19:44:55+00:00,HIVE,b4b353e4a9756fc3a008fc60445c7ec433e61065,HIVE-2107,2011-04-11 22:31:00,Fixed,Closed,True,hive.git,2021-03-30 23:17:51+00:00,False,False,HIVE-24886,True,True,False,"HIVE-24886: Support simple equality operations between MAP/LIST/STRUCT types (Stamatis Zampetakis, reviewed by Jesus Camacho Rodriguez)",False,8a772649487253c47b82ffe27d689bef9ef6d782,treino,False,False,False,https://github.com/apache/hive/commit/8a772649487253c47b82ffe27d689bef9ef6d782,https://issues.apache.org/jira/browse/HIVE-2107,https://github.com/apache/hive/commit/b4b353e4a9756fc3a008fc60445c7ec433e61065
69ff8e8cfbecd81fd54100c4dab332c3bc992316,2015-03-13 13:34:50+00:00,fc7838470465474f777bd17791c1bb5f9c348521,2014-04-22 04:57:40+00:00,SPARK,69ff8e8cfbecd81fd54100c4dab332c3bc992316,SPARK-5001,2014-12-30 02:42:00,Not A Problem,Resolved,False,spark.git,2015-03-13 13:34:50+00:00,False,False,SPARK-5310,True,True,False,[SPARK-5310] [SQL] [DOC] Parquet section for the SQL programming guide,False,fc7838470465474f777bd17791c1bb5f9c348521,treino,False,False,False,https://github.com/apache/spark/commit/fc7838470465474f777bd17791c1bb5f9c348521,https://issues.apache.org/jira/browse/SPARK-5001,https://github.com/apache/spark/commit/69ff8e8cfbecd81fd54100c4dab332c3bc992316
7dbffcdd6dc76b8e8d6a9cd6eeb24323a6b740c3,2016-07-04 20:16:17+00:00,fc7838470465474f777bd17791c1bb5f9c348521,2014-04-22 04:57:40+00:00,SPARK,7dbffcdd6dc76b8e8d6a9cd6eeb24323a6b740c3,SPARK-16353,2016-07-02 19:52:00,Fixed,Resolved,True,spark.git,2016-07-04 20:16:17+00:00,True,True,spark-16353,False,False,False,[SPARK-16353][BUILD][DOC] Missing javadoc options for java unidoc,True,fc7838470465474f777bd17791c1bb5f9c348521,treino,False,False,False,https://github.com/apache/spark/commit/fc7838470465474f777bd17791c1bb5f9c348521,https://issues.apache.org/jira/browse/SPARK-16353,https://github.com/apache/spark/commit/7dbffcdd6dc76b8e8d6a9cd6eeb24323a6b740c3
3b63bdbc93ee64ad33e586a8f4e9c8ab19643ac7,2013-10-20 23:57:13+00:00,7b701d3e6b99e130c79cfe5533e2939f9c077661,2013-10-19 09:42:08+00:00,ZEPPELIN,3b63bdbc93ee64ad33e586a8f4e9c8ab19643ac7,ZEPPELIN-1,2015-03-17 14:51:00,Fixed,Closed,True,zeppelin.git,2013-10-20 23:57:13+00:00,True,True,,False,False,True,Persisting session,False,7b701d3e6b99e130c79cfe5533e2939f9c077661,treino,False,False,True,https://github.com/apache/zeppelin/commit/7b701d3e6b99e130c79cfe5533e2939f9c077661,https://issues.apache.org/jira/browse/ZEPPELIN-1,https://github.com/apache/zeppelin/commit/3b63bdbc93ee64ad33e586a8f4e9c8ab19643ac7
3b63bdbc93ee64ad33e586a8f4e9c8ab19643ac7,2013-10-20 23:57:13+00:00,fd79b9851ed561c1338faec430546b752f12b782,2013-10-19 09:39:30+00:00,ZEPPELIN,3b63bdbc93ee64ad33e586a8f4e9c8ab19643ac7,ZEPPELIN-1,2015-03-17 14:51:00,Fixed,Closed,True,zeppelin.git,2013-10-20 23:57:13+00:00,True,True,,False,False,True,Persisting session,False,fd79b9851ed561c1338faec430546b752f12b782,treino,False,False,False,https://github.com/apache/zeppelin/commit/fd79b9851ed561c1338faec430546b752f12b782,https://issues.apache.org/jira/browse/ZEPPELIN-1,https://github.com/apache/zeppelin/commit/3b63bdbc93ee64ad33e586a8f4e9c8ab19643ac7
3b63bdbc93ee64ad33e586a8f4e9c8ab19643ac7,2013-10-20 23:57:13+00:00,470824fdac1cf2a1e7bd76a9de9d830a21fa0a5e,2013-10-20 15:12:23+00:00,ZEPPELIN,3b63bdbc93ee64ad33e586a8f4e9c8ab19643ac7,ZEPPELIN-1,2015-03-17 14:51:00,Fixed,Closed,True,zeppelin.git,2013-10-20 23:57:13+00:00,True,True,,False,False,True,Persisting session,False,470824fdac1cf2a1e7bd76a9de9d830a21fa0a5e,treino,False,False,True,https://github.com/apache/zeppelin/commit/470824fdac1cf2a1e7bd76a9de9d830a21fa0a5e,https://issues.apache.org/jira/browse/ZEPPELIN-1,https://github.com/apache/zeppelin/commit/3b63bdbc93ee64ad33e586a8f4e9c8ab19643ac7
7cfc5288f4ddc7734658859f57ae5ca5d36f0067,2013-10-21 13:44:42+00:00,106c998511a818f491bb93b689e71f52d9957aba,2013-10-18 02:59:59+00:00,ZEPPELIN,7cfc5288f4ddc7734658859f57ae5ca5d36f0067,ZEPPELIN-8,2015-03-27 09:12:00,Fixed,Closed,True,zeppelin.git,2013-10-21 13:44:42+00:00,True,True,,False,False,True,Query plan based on view instead of subquery,False,106c998511a818f491bb93b689e71f52d9957aba,treino,False,False,True,https://github.com/apache/zeppelin/commit/106c998511a818f491bb93b689e71f52d9957aba,https://issues.apache.org/jira/browse/ZEPPELIN-8,https://github.com/apache/zeppelin/commit/7cfc5288f4ddc7734658859f57ae5ca5d36f0067
7cfc5288f4ddc7734658859f57ae5ca5d36f0067,2013-10-21 13:44:42+00:00,555cec4fc75c6d2d62450afbe7e3d45ebe2e07b3,2013-10-16 13:57:12+00:00,ZEPPELIN,7cfc5288f4ddc7734658859f57ae5ca5d36f0067,ZEPPELIN-8,2015-03-27 09:12:00,Fixed,Closed,True,zeppelin.git,2013-10-21 13:44:42+00:00,True,True,,False,False,True,Query plan based on view instead of subquery,False,555cec4fc75c6d2d62450afbe7e3d45ebe2e07b3,treino,False,False,True,https://github.com/apache/zeppelin/commit/555cec4fc75c6d2d62450afbe7e3d45ebe2e07b3,https://issues.apache.org/jira/browse/ZEPPELIN-8,https://github.com/apache/zeppelin/commit/7cfc5288f4ddc7734658859f57ae5ca5d36f0067
7cfc5288f4ddc7734658859f57ae5ca5d36f0067,2013-10-21 13:44:42+00:00,7b701d3e6b99e130c79cfe5533e2939f9c077661,2013-10-19 09:42:08+00:00,ZEPPELIN,7cfc5288f4ddc7734658859f57ae5ca5d36f0067,ZEPPELIN-8,2015-03-27 09:12:00,Fixed,Closed,True,zeppelin.git,2013-10-21 13:44:42+00:00,True,True,,False,False,True,Query plan based on view instead of subquery,False,7b701d3e6b99e130c79cfe5533e2939f9c077661,treino,False,False,True,https://github.com/apache/zeppelin/commit/7b701d3e6b99e130c79cfe5533e2939f9c077661,https://issues.apache.org/jira/browse/ZEPPELIN-8,https://github.com/apache/zeppelin/commit/7cfc5288f4ddc7734658859f57ae5ca5d36f0067
7cfc5288f4ddc7734658859f57ae5ca5d36f0067,2013-10-21 13:44:42+00:00,92b6fa9f4c8319b489c7393c1a329841e7df025e,2013-10-18 05:16:33+00:00,ZEPPELIN,7cfc5288f4ddc7734658859f57ae5ca5d36f0067,ZEPPELIN-8,2015-03-27 09:12:00,Fixed,Closed,True,zeppelin.git,2013-10-21 13:44:42+00:00,True,True,,False,False,True,Query plan based on view instead of subquery,False,92b6fa9f4c8319b489c7393c1a329841e7df025e,treino,False,False,True,https://github.com/apache/zeppelin/commit/92b6fa9f4c8319b489c7393c1a329841e7df025e,https://issues.apache.org/jira/browse/ZEPPELIN-8,https://github.com/apache/zeppelin/commit/7cfc5288f4ddc7734658859f57ae5ca5d36f0067
7cfc5288f4ddc7734658859f57ae5ca5d36f0067,2013-10-21 13:44:42+00:00,835121ab3fab6195fd93aa84135c9ce60498da32,2013-10-17 05:34:32+00:00,ZEPPELIN,7cfc5288f4ddc7734658859f57ae5ca5d36f0067,ZEPPELIN-8,2015-03-27 09:12:00,Fixed,Closed,True,zeppelin.git,2013-10-21 13:44:42+00:00,True,True,,False,False,True,Query plan based on view instead of subquery,False,835121ab3fab6195fd93aa84135c9ce60498da32,treino,False,False,True,https://github.com/apache/zeppelin/commit/835121ab3fab6195fd93aa84135c9ce60498da32,https://issues.apache.org/jira/browse/ZEPPELIN-8,https://github.com/apache/zeppelin/commit/7cfc5288f4ddc7734658859f57ae5ca5d36f0067
7cfc5288f4ddc7734658859f57ae5ca5d36f0067,2013-10-21 13:44:42+00:00,96c792c295a4bd9ce6cfd0d46f6512b1446b5000,2013-10-17 05:48:10+00:00,ZEPPELIN,7cfc5288f4ddc7734658859f57ae5ca5d36f0067,ZEPPELIN-8,2015-03-27 09:12:00,Fixed,Closed,True,zeppelin.git,2013-10-21 13:44:42+00:00,True,True,,False,False,True,Query plan based on view instead of subquery,False,96c792c295a4bd9ce6cfd0d46f6512b1446b5000,treino,False,False,True,https://github.com/apache/zeppelin/commit/96c792c295a4bd9ce6cfd0d46f6512b1446b5000,https://issues.apache.org/jira/browse/ZEPPELIN-8,https://github.com/apache/zeppelin/commit/7cfc5288f4ddc7734658859f57ae5ca5d36f0067
7cfc5288f4ddc7734658859f57ae5ca5d36f0067,2013-10-21 13:44:42+00:00,9bd3409da4b724276e56a3da0dc230ff02b3fa3f,2013-10-16 12:13:58+00:00,ZEPPELIN,7cfc5288f4ddc7734658859f57ae5ca5d36f0067,ZEPPELIN-8,2015-03-27 09:12:00,Fixed,Closed,True,zeppelin.git,2013-10-21 13:44:42+00:00,True,True,,False,False,True,Query plan based on view instead of subquery,False,9bd3409da4b724276e56a3da0dc230ff02b3fa3f,treino,False,False,True,https://github.com/apache/zeppelin/commit/9bd3409da4b724276e56a3da0dc230ff02b3fa3f,https://issues.apache.org/jira/browse/ZEPPELIN-8,https://github.com/apache/zeppelin/commit/7cfc5288f4ddc7734658859f57ae5ca5d36f0067
7cfc5288f4ddc7734658859f57ae5ca5d36f0067,2013-10-21 13:44:42+00:00,d7088d7ce2d3a1dfabbff510c25a4cb91113f157,2013-10-18 03:14:14+00:00,ZEPPELIN,7cfc5288f4ddc7734658859f57ae5ca5d36f0067,ZEPPELIN-8,2015-03-27 09:12:00,Fixed,Closed,True,zeppelin.git,2013-10-21 13:44:42+00:00,True,True,,False,False,True,Query plan based on view instead of subquery,False,d7088d7ce2d3a1dfabbff510c25a4cb91113f157,treino,False,False,True,https://github.com/apache/zeppelin/commit/d7088d7ce2d3a1dfabbff510c25a4cb91113f157,https://issues.apache.org/jira/browse/ZEPPELIN-8,https://github.com/apache/zeppelin/commit/7cfc5288f4ddc7734658859f57ae5ca5d36f0067
7cfc5288f4ddc7734658859f57ae5ca5d36f0067,2013-10-21 13:44:42+00:00,05369fdb6c558d1f1348165db5c2c34df40bef60,2013-10-16 12:13:45+00:00,ZEPPELIN,7cfc5288f4ddc7734658859f57ae5ca5d36f0067,ZEPPELIN-8,2015-03-27 09:12:00,Fixed,Closed,True,zeppelin.git,2013-10-21 13:44:42+00:00,True,True,,False,False,True,Query plan based on view instead of subquery,False,05369fdb6c558d1f1348165db5c2c34df40bef60,treino,False,False,True,https://github.com/apache/zeppelin/commit/05369fdb6c558d1f1348165db5c2c34df40bef60,https://issues.apache.org/jira/browse/ZEPPELIN-8,https://github.com/apache/zeppelin/commit/7cfc5288f4ddc7734658859f57ae5ca5d36f0067
7cfc5288f4ddc7734658859f57ae5ca5d36f0067,2013-10-21 13:44:42+00:00,59dde9ac687aa547f54df1a3ea8abddb8c1ba835,2013-10-17 08:44:23+00:00,ZEPPELIN,7cfc5288f4ddc7734658859f57ae5ca5d36f0067,ZEPPELIN-8,2015-03-27 09:12:00,Fixed,Closed,True,zeppelin.git,2013-10-21 13:44:42+00:00,True,True,,False,False,True,Query plan based on view instead of subquery,False,59dde9ac687aa547f54df1a3ea8abddb8c1ba835,treino,False,False,True,https://github.com/apache/zeppelin/commit/59dde9ac687aa547f54df1a3ea8abddb8c1ba835,https://issues.apache.org/jira/browse/ZEPPELIN-8,https://github.com/apache/zeppelin/commit/7cfc5288f4ddc7734658859f57ae5ca5d36f0067
7cfc5288f4ddc7734658859f57ae5ca5d36f0067,2013-10-21 13:44:42+00:00,98bc5f32c42b047e6d5f92c044eac7c631abf124,2013-10-17 08:11:46+00:00,ZEPPELIN,7cfc5288f4ddc7734658859f57ae5ca5d36f0067,ZEPPELIN-8,2015-03-27 09:12:00,Fixed,Closed,True,zeppelin.git,2013-10-21 13:44:42+00:00,True,True,,False,False,True,Query plan based on view instead of subquery,False,98bc5f32c42b047e6d5f92c044eac7c631abf124,treino,False,False,True,https://github.com/apache/zeppelin/commit/98bc5f32c42b047e6d5f92c044eac7c631abf124,https://issues.apache.org/jira/browse/ZEPPELIN-8,https://github.com/apache/zeppelin/commit/7cfc5288f4ddc7734658859f57ae5ca5d36f0067
1b7a6a8418757c1ca61911a679406d911ee14c8c,2013-10-28 09:01:17+00:00,6618016221d311ba64be2b6f52591d28cc6c1c08,2013-10-21 08:57:31+00:00,ZEPPELIN,1b7a6a8418757c1ca61911a679406d911ee14c8c,ZEPPELIN-19,2015-04-01 05:56:00,Fixed,Resolved,True,zeppelin.git,2013-10-28 09:01:17+00:00,True,True,,False,False,True,https://zeppelin-project.atlassian.net/browse/ZEPPELIN-19,False,6618016221d311ba64be2b6f52591d28cc6c1c08,treino,False,False,True,https://github.com/apache/zeppelin/commit/6618016221d311ba64be2b6f52591d28cc6c1c08,https://issues.apache.org/jira/browse/ZEPPELIN-19,https://github.com/apache/zeppelin/commit/1b7a6a8418757c1ca61911a679406d911ee14c8c
1b7a6a8418757c1ca61911a679406d911ee14c8c,2013-10-28 09:01:17+00:00,3b63bdbc93ee64ad33e586a8f4e9c8ab19643ac7,2013-10-20 23:57:13+00:00,ZEPPELIN,1b7a6a8418757c1ca61911a679406d911ee14c8c,ZEPPELIN-19,2015-04-01 05:56:00,Fixed,Resolved,True,zeppelin.git,2013-10-28 09:01:17+00:00,True,True,,False,False,True,https://zeppelin-project.atlassian.net/browse/ZEPPELIN-19,False,3b63bdbc93ee64ad33e586a8f4e9c8ab19643ac7,treino,False,False,True,https://github.com/apache/zeppelin/commit/3b63bdbc93ee64ad33e586a8f4e9c8ab19643ac7,https://issues.apache.org/jira/browse/ZEPPELIN-19,https://github.com/apache/zeppelin/commit/1b7a6a8418757c1ca61911a679406d911ee14c8c
1b7a6a8418757c1ca61911a679406d911ee14c8c,2013-10-28 09:01:17+00:00,7b701d3e6b99e130c79cfe5533e2939f9c077661,2013-10-19 09:42:08+00:00,ZEPPELIN,1b7a6a8418757c1ca61911a679406d911ee14c8c,ZEPPELIN-19,2015-04-01 05:56:00,Fixed,Resolved,True,zeppelin.git,2013-10-28 09:01:17+00:00,True,True,,False,False,True,https://zeppelin-project.atlassian.net/browse/ZEPPELIN-19,False,7b701d3e6b99e130c79cfe5533e2939f9c077661,treino,False,False,True,https://github.com/apache/zeppelin/commit/7b701d3e6b99e130c79cfe5533e2939f9c077661,https://issues.apache.org/jira/browse/ZEPPELIN-19,https://github.com/apache/zeppelin/commit/1b7a6a8418757c1ca61911a679406d911ee14c8c
55fd2ece98920afca9a5851684b8ef7bda16d414,2013-11-07 12:15:35+00:00,106c998511a818f491bb93b689e71f52d9957aba,2013-10-18 02:59:59+00:00,ZEPPELIN,55fd2ece98920afca9a5851684b8ef7bda16d414,ZEPPELIN-41,2015-04-15 13:00:00,Fixed,Resolved,True,zeppelin.git,2013-11-07 12:15:35+00:00,True,True,,False,False,True,ZEPPELIN-41 fix: CLI module clenup,False,106c998511a818f491bb93b689e71f52d9957aba,treino,False,False,True,https://github.com/apache/zeppelin/commit/106c998511a818f491bb93b689e71f52d9957aba,https://issues.apache.org/jira/browse/ZEPPELIN-41,https://github.com/apache/zeppelin/commit/55fd2ece98920afca9a5851684b8ef7bda16d414
55fd2ece98920afca9a5851684b8ef7bda16d414,2013-11-07 12:15:35+00:00,d7088d7ce2d3a1dfabbff510c25a4cb91113f157,2013-10-18 03:14:14+00:00,ZEPPELIN,55fd2ece98920afca9a5851684b8ef7bda16d414,ZEPPELIN-41,2015-04-15 13:00:00,Fixed,Resolved,True,zeppelin.git,2013-11-07 12:15:35+00:00,True,True,,False,False,True,ZEPPELIN-41 fix: CLI module clenup,False,d7088d7ce2d3a1dfabbff510c25a4cb91113f157,treino,False,False,True,https://github.com/apache/zeppelin/commit/d7088d7ce2d3a1dfabbff510c25a4cb91113f157,https://issues.apache.org/jira/browse/ZEPPELIN-41,https://github.com/apache/zeppelin/commit/55fd2ece98920afca9a5851684b8ef7bda16d414
18331952be764661e34cec87ed1d46798a508086,2013-12-14 07:12:42+00:00,b42bbc022d270f86d21ce198a17b4166828c1d95,2013-11-05 09:11:07+00:00,ZEPPELIN,18331952be764661e34cec87ed1d46798a508086,ZEPPELIN-50,2015-04-17 12:58:00,Fixed,Resolved,True,zeppelin.git,2013-12-14 07:12:42+00:00,True,True,,False,False,True,ZEPPELIN-50 Session History implementation.,False,b42bbc022d270f86d21ce198a17b4166828c1d95,treino,False,False,True,https://github.com/apache/zeppelin/commit/b42bbc022d270f86d21ce198a17b4166828c1d95,https://issues.apache.org/jira/browse/ZEPPELIN-50,https://github.com/apache/zeppelin/commit/18331952be764661e34cec87ed1d46798a508086
18331952be764661e34cec87ed1d46798a508086,2013-12-14 07:12:42+00:00,0472fd7b9b8e5a40172eed867670e119b26dfe89,2013-10-21 06:32:35+00:00,ZEPPELIN,18331952be764661e34cec87ed1d46798a508086,ZEPPELIN-50,2015-04-17 12:58:00,Fixed,Resolved,True,zeppelin.git,2013-12-14 07:12:42+00:00,True,True,,False,False,True,ZEPPELIN-50 Session History implementation.,False,0472fd7b9b8e5a40172eed867670e119b26dfe89,treino,False,False,True,https://github.com/apache/zeppelin/commit/0472fd7b9b8e5a40172eed867670e119b26dfe89,https://issues.apache.org/jira/browse/ZEPPELIN-50,https://github.com/apache/zeppelin/commit/18331952be764661e34cec87ed1d46798a508086
18331952be764661e34cec87ed1d46798a508086,2013-12-14 07:12:42+00:00,3b63bdbc93ee64ad33e586a8f4e9c8ab19643ac7,2013-10-20 23:57:13+00:00,ZEPPELIN,18331952be764661e34cec87ed1d46798a508086,ZEPPELIN-50,2015-04-17 12:58:00,Fixed,Resolved,True,zeppelin.git,2013-12-14 07:12:42+00:00,True,True,,False,False,True,ZEPPELIN-50 Session History implementation.,False,3b63bdbc93ee64ad33e586a8f4e9c8ab19643ac7,treino,False,False,True,https://github.com/apache/zeppelin/commit/3b63bdbc93ee64ad33e586a8f4e9c8ab19643ac7,https://issues.apache.org/jira/browse/ZEPPELIN-50,https://github.com/apache/zeppelin/commit/18331952be764661e34cec87ed1d46798a508086
18331952be764661e34cec87ed1d46798a508086,2013-12-14 07:12:42+00:00,6618016221d311ba64be2b6f52591d28cc6c1c08,2013-10-21 08:57:31+00:00,ZEPPELIN,18331952be764661e34cec87ed1d46798a508086,ZEPPELIN-50,2015-04-17 12:58:00,Fixed,Resolved,True,zeppelin.git,2013-12-14 07:12:42+00:00,True,True,,False,False,True,ZEPPELIN-50 Session History implementation.,False,6618016221d311ba64be2b6f52591d28cc6c1c08,treino,False,False,True,https://github.com/apache/zeppelin/commit/6618016221d311ba64be2b6f52591d28cc6c1c08,https://issues.apache.org/jira/browse/ZEPPELIN-50,https://github.com/apache/zeppelin/commit/18331952be764661e34cec87ed1d46798a508086
18331952be764661e34cec87ed1d46798a508086,2013-12-14 07:12:42+00:00,abc3478f7eebddd5898a4e1986a7e380c3d5d9c2,2013-11-07 00:36:53+00:00,ZEPPELIN,18331952be764661e34cec87ed1d46798a508086,ZEPPELIN-50,2015-04-17 12:58:00,Fixed,Resolved,True,zeppelin.git,2013-12-14 07:12:42+00:00,True,True,,False,False,True,ZEPPELIN-50 Session History implementation.,False,abc3478f7eebddd5898a4e1986a7e380c3d5d9c2,treino,False,False,True,https://github.com/apache/zeppelin/commit/abc3478f7eebddd5898a4e1986a7e380c3d5d9c2,https://issues.apache.org/jira/browse/ZEPPELIN-50,https://github.com/apache/zeppelin/commit/18331952be764661e34cec87ed1d46798a508086
eae08cfbaaf41a562db98c954f136742fdb639c1,2014-02-16 00:13:31+00:00,c07c7714ded46a76ed50549bef6f70a69fa61060,2014-01-24 17:10:52+00:00,ZEPPELIN,eae08cfbaaf41a562db98c954f136742fdb639c1,ZEPPELIN-101,2015-06-10 18:37:00,Fixed,Resolved,True,zeppelin.git,2014-02-16 00:13:31+00:00,True,True,,False,False,True,"ZEPPELIN-101 load resource before run creating view/table, too",False,c07c7714ded46a76ed50549bef6f70a69fa61060,treino,False,False,True,https://github.com/apache/zeppelin/commit/c07c7714ded46a76ed50549bef6f70a69fa61060,https://issues.apache.org/jira/browse/ZEPPELIN-101,https://github.com/apache/zeppelin/commit/eae08cfbaaf41a562db98c954f136742fdb639c1
eae08cfbaaf41a562db98c954f136742fdb639c1,2014-02-16 00:13:31+00:00,f0ee8f5d1318b6ea694e1423d15a84960ffd758b,2014-01-31 21:51:52+00:00,ZEPPELIN,eae08cfbaaf41a562db98c954f136742fdb639c1,ZEPPELIN-101,2015-06-10 18:37:00,Fixed,Resolved,True,zeppelin.git,2014-02-16 00:13:31+00:00,True,True,,False,False,True,"ZEPPELIN-101 load resource before run creating view/table, too",False,f0ee8f5d1318b6ea694e1423d15a84960ffd758b,treino,False,False,True,https://github.com/apache/zeppelin/commit/f0ee8f5d1318b6ea694e1423d15a84960ffd758b,https://issues.apache.org/jira/browse/ZEPPELIN-101,https://github.com/apache/zeppelin/commit/eae08cfbaaf41a562db98c954f136742fdb639c1
eae08cfbaaf41a562db98c954f136742fdb639c1,2014-02-16 00:13:31+00:00,889037799aa3db7dfea7e7755c2232b2317ceaa8,2013-11-02 15:01:33+00:00,ZEPPELIN,eae08cfbaaf41a562db98c954f136742fdb639c1,ZEPPELIN-101,2015-06-10 18:37:00,Fixed,Resolved,True,zeppelin.git,2014-02-16 00:13:31+00:00,True,True,,False,False,True,"ZEPPELIN-101 load resource before run creating view/table, too",False,889037799aa3db7dfea7e7755c2232b2317ceaa8,treino,False,False,True,https://github.com/apache/zeppelin/commit/889037799aa3db7dfea7e7755c2232b2317ceaa8,https://issues.apache.org/jira/browse/ZEPPELIN-101,https://github.com/apache/zeppelin/commit/eae08cfbaaf41a562db98c954f136742fdb639c1
eae08cfbaaf41a562db98c954f136742fdb639c1,2014-02-16 00:13:31+00:00,2470b2bc288e2c93d5c9e7e3d1d226b74ab22c79,2014-01-25 02:44:29+00:00,ZEPPELIN,eae08cfbaaf41a562db98c954f136742fdb639c1,ZEPPELIN-101,2015-06-10 18:37:00,Fixed,Resolved,True,zeppelin.git,2014-02-16 00:13:31+00:00,True,True,,False,False,True,"ZEPPELIN-101 load resource before run creating view/table, too",False,2470b2bc288e2c93d5c9e7e3d1d226b74ab22c79,treino,False,False,True,https://github.com/apache/zeppelin/commit/2470b2bc288e2c93d5c9e7e3d1d226b74ab22c79,https://issues.apache.org/jira/browse/ZEPPELIN-101,https://github.com/apache/zeppelin/commit/eae08cfbaaf41a562db98c954f136742fdb639c1
eae08cfbaaf41a562db98c954f136742fdb639c1,2014-02-16 00:13:31+00:00,7120ff86260ec19e2fd82fbf40e594b9accf2b33,2014-01-17 11:51:35+00:00,ZEPPELIN,eae08cfbaaf41a562db98c954f136742fdb639c1,ZEPPELIN-101,2015-06-10 18:37:00,Fixed,Resolved,True,zeppelin.git,2014-02-16 00:13:31+00:00,True,True,,False,False,True,"ZEPPELIN-101 load resource before run creating view/table, too",False,7120ff86260ec19e2fd82fbf40e594b9accf2b33,treino,False,False,True,https://github.com/apache/zeppelin/commit/7120ff86260ec19e2fd82fbf40e594b9accf2b33,https://issues.apache.org/jira/browse/ZEPPELIN-101,https://github.com/apache/zeppelin/commit/eae08cfbaaf41a562db98c954f136742fdb639c1
eae08cfbaaf41a562db98c954f136742fdb639c1,2014-02-16 00:13:31+00:00,05369fdb6c558d1f1348165db5c2c34df40bef60,2013-10-16 12:13:45+00:00,ZEPPELIN,eae08cfbaaf41a562db98c954f136742fdb639c1,ZEPPELIN-101,2015-06-10 18:37:00,Fixed,Resolved,True,zeppelin.git,2014-02-16 00:13:31+00:00,True,True,,False,False,True,"ZEPPELIN-101 load resource before run creating view/table, too",False,05369fdb6c558d1f1348165db5c2c34df40bef60,treino,False,False,True,https://github.com/apache/zeppelin/commit/05369fdb6c558d1f1348165db5c2c34df40bef60,https://issues.apache.org/jira/browse/ZEPPELIN-101,https://github.com/apache/zeppelin/commit/eae08cfbaaf41a562db98c954f136742fdb639c1
eae08cfbaaf41a562db98c954f136742fdb639c1,2014-02-16 00:13:31+00:00,708242ad57c8511a64fb3f398d998e1ad4b43505,2014-01-24 06:08:07+00:00,ZEPPELIN,eae08cfbaaf41a562db98c954f136742fdb639c1,ZEPPELIN-101,2015-06-10 18:37:00,Fixed,Resolved,True,zeppelin.git,2014-02-16 00:13:31+00:00,True,True,,False,False,True,"ZEPPELIN-101 load resource before run creating view/table, too",False,708242ad57c8511a64fb3f398d998e1ad4b43505,treino,False,False,True,https://github.com/apache/zeppelin/commit/708242ad57c8511a64fb3f398d998e1ad4b43505,https://issues.apache.org/jira/browse/ZEPPELIN-101,https://github.com/apache/zeppelin/commit/eae08cfbaaf41a562db98c954f136742fdb639c1
4804d7a711efd92c311a959d8467a26839afb67e,2014-02-18 01:35:04+00:00,eae08cfbaaf41a562db98c954f136742fdb639c1,2014-02-16 00:13:31+00:00,ZEPPELIN,4804d7a711efd92c311a959d8467a26839afb67e,ZEPPELIN-102,2015-06-11 07:01:00,Fixed,Resolved,True,zeppelin.git,2014-02-18 01:35:04+00:00,True,True,,False,False,True,ZEPPELIN-102 load resources even if zql is null,False,eae08cfbaaf41a562db98c954f136742fdb639c1,treino,False,False,True,https://github.com/apache/zeppelin/commit/eae08cfbaaf41a562db98c954f136742fdb639c1,https://issues.apache.org/jira/browse/ZEPPELIN-102,https://github.com/apache/zeppelin/commit/4804d7a711efd92c311a959d8467a26839afb67e
4804d7a711efd92c311a959d8467a26839afb67e,2014-02-18 01:35:04+00:00,c07c7714ded46a76ed50549bef6f70a69fa61060,2014-01-24 17:10:52+00:00,ZEPPELIN,4804d7a711efd92c311a959d8467a26839afb67e,ZEPPELIN-102,2015-06-11 07:01:00,Fixed,Resolved,True,zeppelin.git,2014-02-18 01:35:04+00:00,True,True,,False,False,True,ZEPPELIN-102 load resources even if zql is null,False,c07c7714ded46a76ed50549bef6f70a69fa61060,treino,False,False,True,https://github.com/apache/zeppelin/commit/c07c7714ded46a76ed50549bef6f70a69fa61060,https://issues.apache.org/jira/browse/ZEPPELIN-102,https://github.com/apache/zeppelin/commit/4804d7a711efd92c311a959d8467a26839afb67e
9c44ca32904f7d3cbf94afdc32183e1d04478b63,2014-02-19 01:31:18+00:00,c58b690930e1b9428396358d4873661797e8c6c9,2014-02-01 01:23:12+00:00,ZEPPELIN,9c44ca32904f7d3cbf94afdc32183e1d04478b63,ZEPPELIN-103,2015-06-11 07:04:00,Fixed,Resolved,True,zeppelin.git,2014-02-19 01:31:18+00:00,True,True,,False,False,True,ZEPPELIN-103 Respect zeppelin.max.result configuration,False,c58b690930e1b9428396358d4873661797e8c6c9,treino,False,False,True,https://github.com/apache/zeppelin/commit/c58b690930e1b9428396358d4873661797e8c6c9,https://issues.apache.org/jira/browse/ZEPPELIN-103,https://github.com/apache/zeppelin/commit/9c44ca32904f7d3cbf94afdc32183e1d04478b63
9c44ca32904f7d3cbf94afdc32183e1d04478b63,2014-02-19 01:31:18+00:00,f0ee8f5d1318b6ea694e1423d15a84960ffd758b,2014-01-31 21:51:52+00:00,ZEPPELIN,9c44ca32904f7d3cbf94afdc32183e1d04478b63,ZEPPELIN-103,2015-06-11 07:04:00,Fixed,Resolved,True,zeppelin.git,2014-02-19 01:31:18+00:00,True,True,,False,False,True,ZEPPELIN-103 Respect zeppelin.max.result configuration,False,f0ee8f5d1318b6ea694e1423d15a84960ffd758b,treino,False,False,True,https://github.com/apache/zeppelin/commit/f0ee8f5d1318b6ea694e1423d15a84960ffd758b,https://issues.apache.org/jira/browse/ZEPPELIN-103,https://github.com/apache/zeppelin/commit/9c44ca32904f7d3cbf94afdc32183e1d04478b63
9c44ca32904f7d3cbf94afdc32183e1d04478b63,2014-02-19 01:31:18+00:00,732e959b3a7f3206ef2665b6c238a8e637827833,2014-01-23 12:00:48+00:00,ZEPPELIN,9c44ca32904f7d3cbf94afdc32183e1d04478b63,ZEPPELIN-103,2015-06-11 07:04:00,Fixed,Resolved,True,zeppelin.git,2014-02-19 01:31:18+00:00,True,True,,False,False,True,ZEPPELIN-103 Respect zeppelin.max.result configuration,False,732e959b3a7f3206ef2665b6c238a8e637827833,treino,False,False,True,https://github.com/apache/zeppelin/commit/732e959b3a7f3206ef2665b6c238a8e637827833,https://issues.apache.org/jira/browse/ZEPPELIN-103,https://github.com/apache/zeppelin/commit/9c44ca32904f7d3cbf94afdc32183e1d04478b63
9c44ca32904f7d3cbf94afdc32183e1d04478b63,2014-02-19 01:31:18+00:00,e9d0b3efe02a2f1e775664456b0c3173669413a6,2014-01-26 02:36:30+00:00,ZEPPELIN,9c44ca32904f7d3cbf94afdc32183e1d04478b63,ZEPPELIN-103,2015-06-11 07:04:00,Fixed,Resolved,True,zeppelin.git,2014-02-19 01:31:18+00:00,True,True,,False,False,True,ZEPPELIN-103 Respect zeppelin.max.result configuration,False,e9d0b3efe02a2f1e775664456b0c3173669413a6,treino,False,False,True,https://github.com/apache/zeppelin/commit/e9d0b3efe02a2f1e775664456b0c3173669413a6,https://issues.apache.org/jira/browse/ZEPPELIN-103,https://github.com/apache/zeppelin/commit/9c44ca32904f7d3cbf94afdc32183e1d04478b63
fe4df36e1d65db4957a5d84aa2f013bdde588470,2014-09-22 18:11:57+00:00,8f006e625a17346dc68d050692fcf728ce74e0e2,2014-09-14 18:49:36+00:00,ZEPPELIN,fe4df36e1d65db4957a5d84aa2f013bdde588470,ZEPPELIN-164,2015-07-10 20:35:00,Fixed,Resolved,True,zeppelin.git,2014-09-22 18:11:57+00:00,True,True,,False,False,True,ZEPPELIN-164 Paragraph title,False,8f006e625a17346dc68d050692fcf728ce74e0e2,treino,False,False,False,https://github.com/apache/zeppelin/commit/8f006e625a17346dc68d050692fcf728ce74e0e2,https://issues.apache.org/jira/browse/ZEPPELIN-164,https://github.com/apache/zeppelin/commit/fe4df36e1d65db4957a5d84aa2f013bdde588470
fe4df36e1d65db4957a5d84aa2f013bdde588470,2014-09-22 18:11:57+00:00,361070f8f279ebd97bbf132ebe78fc4f7ac818b7,2014-09-16 02:38:43+00:00,ZEPPELIN,fe4df36e1d65db4957a5d84aa2f013bdde588470,ZEPPELIN-164,2015-07-10 20:35:00,Fixed,Resolved,True,zeppelin.git,2014-09-22 18:11:57+00:00,True,True,,False,False,True,ZEPPELIN-164 Paragraph title,False,361070f8f279ebd97bbf132ebe78fc4f7ac818b7,treino,False,False,False,https://github.com/apache/zeppelin/commit/361070f8f279ebd97bbf132ebe78fc4f7ac818b7,https://issues.apache.org/jira/browse/ZEPPELIN-164,https://github.com/apache/zeppelin/commit/fe4df36e1d65db4957a5d84aa2f013bdde588470
b6f9d997fe620751d1d805ed75812abc4bea5e3d,2015-07-01 21:20:20+00:00,8f006e625a17346dc68d050692fcf728ce74e0e2,2014-09-14 18:49:36+00:00,ZEPPELIN,b6f9d997fe620751d1d805ed75812abc4bea5e3d,ZEPPELIN-140,2015-06-30 02:05:00,Fixed,Closed,True,zeppelin.git,2015-07-01 21:20:20+00:00,True,True,,False,False,False,ZEPPELIN-140 Send complete buffer to interpreter.completion,True,8f006e625a17346dc68d050692fcf728ce74e0e2,treino,False,False,False,https://github.com/apache/zeppelin/commit/8f006e625a17346dc68d050692fcf728ce74e0e2,https://issues.apache.org/jira/browse/ZEPPELIN-140,https://github.com/apache/zeppelin/commit/b6f9d997fe620751d1d805ed75812abc4bea5e3d
9186b2186de157e2ac4d9ff13ebfc23c979b9c51,2015-08-06 22:16:24+00:00,8f006e625a17346dc68d050692fcf728ce74e0e2,2014-09-14 18:49:36+00:00,ZEPPELIN,9186b2186de157e2ac4d9ff13ebfc23c979b9c51,ZEPPELIN-196,2015-08-04 12:05:00,Fixed,Resolved,True,zeppelin.git,2015-08-06 22:16:24+00:00,True,True,,False,False,False,ZEPPELIN-196: fix the auto-completion issue,True,8f006e625a17346dc68d050692fcf728ce74e0e2,treino,False,False,False,https://github.com/apache/zeppelin/commit/8f006e625a17346dc68d050692fcf728ce74e0e2,https://issues.apache.org/jira/browse/ZEPPELIN-196,https://github.com/apache/zeppelin/commit/9186b2186de157e2ac4d9ff13ebfc23c979b9c51
cf9541f8d62a4fdcc79d9092ed7c2359ba03da00,2015-08-10 20:18:38+00:00,8f006e625a17346dc68d050692fcf728ce74e0e2,2014-09-14 18:49:36+00:00,ZEPPELIN,cf9541f8d62a4fdcc79d9092ed7c2359ba03da00,ZEPPELIN-141,2015-06-30 02:46:00,Fixed,Resolved,True,zeppelin.git,2015-08-10 20:18:38+00:00,True,True,,False,False,False,ZEPPELIN-141: Show only the Interpreters suggestions. Move the 'local…,True,8f006e625a17346dc68d050692fcf728ce74e0e2,treino,False,False,False,https://github.com/apache/zeppelin/commit/8f006e625a17346dc68d050692fcf728ce74e0e2,https://issues.apache.org/jira/browse/ZEPPELIN-141,https://github.com/apache/zeppelin/commit/cf9541f8d62a4fdcc79d9092ed7c2359ba03da00
0665cef059b6444381eefc6a5870ca510607ce11,2015-11-24 17:54:29+00:00,fd79b9851ed561c1338faec430546b752f12b782,2013-10-19 09:39:30+00:00,ZEPPELIN,0665cef059b6444381eefc6a5870ca510607ce11,ZEPPELIN-424,2015-11-15 08:35:00,Fixed,Resolved,True,zeppelin.git,2015-11-24 17:54:29+00:00,True,True,,False,False,False,ZEPPELIN-424 Cancel paragraph in pending status,True,fd79b9851ed561c1338faec430546b752f12b782,treino,False,False,False,https://github.com/apache/zeppelin/commit/fd79b9851ed561c1338faec430546b752f12b782,https://issues.apache.org/jira/browse/ZEPPELIN-424,https://github.com/apache/zeppelin/commit/0665cef059b6444381eefc6a5870ca510607ce11
52b41438bea41b1b7ca605a7cdad80f6bd84c2a6,2015-12-07 07:24:42+00:00,361070f8f279ebd97bbf132ebe78fc4f7ac818b7,2014-09-16 02:38:43+00:00,ZEPPELIN,52b41438bea41b1b7ca605a7cdad80f6bd84c2a6,ZEPPELIN-472,2015-11-30 08:34:00,Fixed,Resolved,True,zeppelin.git,2015-12-07 07:24:42+00:00,True,True,Zeppelin-472,False,False,False,Zeppelin-472 ] Shortcuts execution bugs.,True,361070f8f279ebd97bbf132ebe78fc4f7ac818b7,treino,False,False,False,https://github.com/apache/zeppelin/commit/361070f8f279ebd97bbf132ebe78fc4f7ac818b7,https://issues.apache.org/jira/browse/ZEPPELIN-472,https://github.com/apache/zeppelin/commit/52b41438bea41b1b7ca605a7cdad80f6bd84c2a6
f7e167c34764a0de98c7c2e140f23dc795f5e90e,2015-12-15 01:32:51+00:00,8f006e625a17346dc68d050692fcf728ce74e0e2,2014-09-14 18:49:36+00:00,ZEPPELIN,f7e167c34764a0de98c7c2e140f23dc795f5e90e,ZEPPELIN-496,2015-12-10 07:18:00,Fixed,Resolved,True,zeppelin.git,2015-12-15 01:32:51+00:00,True,True,ZEPPELIN-485,False,False,False,"ZEPPELIN-496 ] Bug fixed Spark scala completion, support other interpreter issue",True,8f006e625a17346dc68d050692fcf728ce74e0e2,treino,False,False,False,https://github.com/apache/zeppelin/commit/8f006e625a17346dc68d050692fcf728ce74e0e2,https://issues.apache.org/jira/browse/ZEPPELIN-496,https://github.com/apache/zeppelin/commit/f7e167c34764a0de98c7c2e140f23dc795f5e90e
adf33558779662bd49b27b38afe8287e9f61cb4e,2016-08-05 03:11:28+00:00,8f006e625a17346dc68d050692fcf728ce74e0e2,2014-09-14 18:49:36+00:00,ZEPPELIN,adf33558779662bd49b27b38afe8287e9f61cb4e,ZEPPELIN-1266,2016-08-02 08:59:00,Fixed,Resolved,True,zeppelin.git,2016-08-05 03:11:28+00:00,True,True,,False,False,False,[ ZEPPELIN-1266 ] Code editor Optimization,True,8f006e625a17346dc68d050692fcf728ce74e0e2,treino,False,False,False,https://github.com/apache/zeppelin/commit/8f006e625a17346dc68d050692fcf728ce74e0e2,https://issues.apache.org/jira/browse/ZEPPELIN-1266,https://github.com/apache/zeppelin/commit/adf33558779662bd49b27b38afe8287e9f61cb4e
a8655dddd6c7382223195c0ba6854b38d66d83b1,2016-12-07 20:12:17+00:00,8f006e625a17346dc68d050692fcf728ce74e0e2,2014-09-14 18:49:36+00:00,ZEPPELIN,a8655dddd6c7382223195c0ba6854b38d66d83b1,ZEPPELIN-1710,2016-11-25 04:09:00,Fixed,Resolved,True,zeppelin.git,2016-12-07 20:12:17+00:00,True,True,,False,False,False,[ZEPPELIN-1710] Ace Editor upgrade,True,8f006e625a17346dc68d050692fcf728ce74e0e2,treino,False,False,False,https://github.com/apache/zeppelin/commit/8f006e625a17346dc68d050692fcf728ce74e0e2,https://issues.apache.org/jira/browse/ZEPPELIN-1710,https://github.com/apache/zeppelin/commit/a8655dddd6c7382223195c0ba6854b38d66d83b1
