issue_key,fix_hash,objeto_disponivel,repositorio_git,fix_date_git,chave_literal_na_mensagem,chave_flexivel_na_mensagem,outras_chaves_do_projeto,numero_em_referencia_hash,possivel_colisao_issue_pr,correcao_antes_relato_mais_1d,assunto,commit_id,Resolution,Status,Created,positivos_associados
AMQ-4973,6549342061eae34da8f25460e70d832666d730e2,True,activemq.git,2014-01-16 14:22:59+00:00,True,True,,False,False,False,"Ignoring failing test cases, see AMQ-4973",6549342061eae34da8f25460e70d832666d730e2,Won't Fix,Closed,2014-01-16 10:20:00,0
AMQ-4976,082d2634952b48a93077644f7b88872c1fa3635d,True,activemq.git,2014-01-16 19:51:42+00:00,True,True,,False,False,False,[AMQ-4976] Revert addition of hawt.io console,082d2634952b48a93077644f7b88872c1fa3635d,Implemented,Closed,2014-01-16 15:42:00,0
AMQ-5082,a6243225c5be2f8eaa7121e9616315e1b5661483,True,activemq.git,2015-04-01 14:36:52+00:00,True,True,,False,False,False,fix the inconsistency with ElectingLevelDBStore.isMaster() under AMQ-5082 unit test conditions,a6243225c5be2f8eaa7121e9616315e1b5661483,Won't Fix,Closed,2014-03-04 23:03:00,0
AMQ-5126,4faf11d821f6ca0a8bd9cd0e9df78ec2b2f6d9b2,True,activemq.git,2014-03-28 16:33:41+00:00,True,True,,False,False,False,Added @Ignore because of https://issues.apache.org/jira/browse/AMQ-5126,4faf11d821f6ca0a8bd9cd0e9df78ec2b2f6d9b2,,Open,2014-03-28 13:24:00,2
AMQ-5222,6ac3138daff50b8ba0620d31f5b36d83d0316540,True,activemq.git,2014-07-15 18:33:23+00:00,True,True,,False,False,False,https://issues.apache.org/jira/browse/AMQ-5222,6ac3138daff50b8ba0620d31f5b36d83d0316540,Cannot Reproduce,Resolved,2014-06-11 14:24:00,0
AMQ-5242,11185c205e29a27b517584b8e360d5f3c824c908,True,activemq.git,2014-07-10 09:12:28+00:00,True,True,,False,False,False,"Update for AMQ-5242, exclude tests that hang on AIX",11185c205e29a27b517584b8e360d5f3c824c908,,Open,2014-06-23 10:24:00,0
AMQ-5267,eae21120284b6841b5cd3c4e340d5cbe853f1644,True,activemq.git,2014-07-10 08:32:20+00:00,True,True,,False,False,False,"Exclude some MQTT tests on HP-UX, see AMQ-5267",eae21120284b6841b5cd3c4e340d5cbe853f1644,Incomplete,Closed,2014-07-10 05:25:00,0
AMQ-5310,a095e9b9ddc32b7bd47ec2482725f2ccf5300d54,True,activemq.git,2015-06-04 21:05:59+00:00,True,True,,False,False,False,https://issues.apache.org/jira/browse/AMQ-5310,a095e9b9ddc32b7bd47ec2482725f2ccf5300d54,Not A Problem,Closed,2014-08-07 05:42:00,0
AMQ-5372,8163b0b95ea66a01ec7def01b709ffc05eacaeed,True,activemq.git,2014-09-29 08:47:09+00:00,True,True,,False,False,False,Handle exceptions described in AMQ-5372 to avoid cascading test failures,8163b0b95ea66a01ec7def01b709ffc05eacaeed,,Open,2014-09-29 05:46:00,1
AMQ-5390,74d2c2425fbcbdf38f910f3c321d89780ba2ab6c,True,activemq.git,2014-10-21 21:59:32+00:00,True,True,,False,False,False,https://issues.apache.org/jira/browse/AMQ-5390,74d2c2425fbcbdf38f910f3c321d89780ba2ab6c,Not A Problem,Closed,2014-10-11 22:13:00,0
CAMEL-4811,f5d3a0de679be01cd3120c1ee17cbf1d5284f9e4,True,camel.git,2020-12-22 05:15:31+00:00,False,False,CAMEL-15578,True,True,False,CAMEL-15578: Loop EIP - Add option to break out if shutting down Camel (#4811),f5d3a0de679be01cd3120c1ee17cbf1d5284f9e4,Fixed,Closed,2011-12-21 20:49:00,0
CAMEL-7428,a1e02eb19e5b76c04ec870d9d8f997322905e395,True,camel.git,2014-05-11 09:19:05+00:00,True,True,,False,False,False,CAMEL-7428: Added unit test,a1e02eb19e5b76c04ec870d9d8f997322905e395,Duplicate,Resolved,2014-05-09 06:19:00,0
CAMEL-7503,75dfe61edc1d6f9e2837056189dea5f7e20f1090,True,camel.git,2014-07-03 08:49:08+00:00,True,True,,False,False,False,CAMEL-7503 Added info log to show CxfProducer will pick the first avaliable operation if the operation name header is not specified,75dfe61edc1d6f9e2837056189dea5f7e20f1090,Not A Problem,Resolved,2014-06-12 06:50:00,0
CAMEL-7476,6b3c1fa940446456de9dda31151d87b7fc899aa4,True,camel.git,2014-06-06 00:55:05+00:00,True,True,,False,False,False,CAMEL-7476 Added an unit test to verify the setting of throwExceptionOnFailure,6b3c1fa940446456de9dda31151d87b7fc899aa4,Later,Resolved,2014-06-03 06:25:00,0
CAMEL-7897,7f0f97a8eed922e61674a86d5ca6d30f712fab8e,True,camel.git,2015-05-26 16:46:56+00:00,True,True,,False,False,False,CAMEL-7897: Added unit test,7f0f97a8eed922e61674a86d5ca6d30f712fab8e,Won't Fix,Resolved,2014-10-08 14:07:00,0
CAMEL-8005,e6aefecef51b5e8726cf45294997200bb96c7a54,True,camel.git,2015-01-04 12:43:11+00:00,True,True,,False,False,False,CAMEL-8005 Added a simple unit test for it,e6aefecef51b5e8726cf45294997200bb96c7a54,Not A Problem,Resolved,2014-11-06 22:20:00,0
CAMEL-7983,3170fb353803e5b3ee719f27014493973e495503,True,camel.git,2014-11-02 08:27:44+00:00,True,True,,False,False,False,CAMEL-7983: Added unit test,3170fb353803e5b3ee719f27014493973e495503,Cannot Reproduce,Resolved,2014-10-29 10:13:00,0
CAMEL-7693,a6fce3d9977cfcc46aac3f66657502c3c5d85e73,True,camel.git,2014-08-14 10:20:44+00:00,True,True,,False,False,False,CAMEL-7693 Added an unit test for it,a6fce3d9977cfcc46aac3f66657502c3c5d85e73,Won't Fix,Resolved,2014-08-13 10:20:00,0
CAMEL-7174,241c98b66583de92a3c85b6bbe9290903fdf7dc6,True,camel.git,2016-04-10 14:20:39+00:00,True,True,,False,False,False,CAMEL-7174: CacheManager should only be shutdown when last endpoint is stopped. Thanks to metatech for the patch.,241c98b66583de92a3c85b6bbe9290903fdf7dc6,Cannot Reproduce,Resolved,2014-02-05 11:07:00,1
CAMEL-8097,9275c992412c7178afd2a1b7786ff04a493cced9,True,camel.git,2014-12-01 11:22:47+00:00,True,True,,False,False,False,CAMEL-8097: improved javadoc doc,9275c992412c7178afd2a1b7786ff04a493cced9,Not A Problem,Resolved,2014-12-01 05:58:00,0
CAMEL-7822,988fb5e2b785769b64da30ad5e249443e4f39814,True,camel.git,2015-04-30 12:38:29+00:00,True,True,,False,False,False,CAMEL-7822: File consumer - Allow to plugin a custom ExceptionHandler for the on completion unit of work,988fb5e2b785769b64da30ad5e249443e4f39814,Invalid,Closed,2014-09-15 11:23:00,1
CAMEL-7269,fe1552e5a1fe42cde761c37591ea3af78417a1ad,True,camel.git,2014-03-12 16:22:53+00:00,True,True,,False,False,False,CAMEL-7269: Added option joinTransaction to camel-jpa to allow to turn this off in case jpa provider does not work with that for RESOURCE_LOCAL which seems to be a problem for EclipseLink.,fe1552e5a1fe42cde761c37591ea3af78417a1ad,Not A Problem,Resolved,2014-03-04 14:17:00,2
CAMEL-9689,bb109917004bdb970d07b8b4579e24264ad7e599,True,camel.git,2013-11-21 10:26:24+00:00,True,True,,False,False,True,CAMEL-9689: camel-servletlistener - Add callbacks to CamelContextLifecycle for before/after routes is added,bb109917004bdb970d07b8b4579e24264ad7e599,Fixed,Resolved,2016-03-09 21:25:00,4
CAMEL-12412,c3f93db2df718b88b0e435259f90471f24d26cce,True,camel.git,2018-03-23 12:40:02+00:00,True,True,,False,False,True,CAMEL-12412 - Camel-Git: Add show tags operation,c3f93db2df718b88b0e435259f90471f24d26cce,Fixed,Resolved,2018-03-28 13:52:00,0
CASSANDRA-6589,cead348d9d646b50f086d5cdcdceb5eecf66e806,True,cassandra.git,2014-01-17 00:05:59+00:00,True,True,,False,False,False,Check that key_aliases/column_aliases exists before using them,cead348d9d646b50f086d5cdcdceb5eecf66e806,Cannot Reproduce,Resolved,2014-01-15 12:54:00,0
CASSANDRA-7275,6131273ac6c567579eef9da1237b39ff214ccf52,True,cassandra.git,2014-06-19 03:47:28+00:00,True,True,,False,False,False,"Move latch.countDown() into ""finally"" block",6131273ac6c567579eef9da1237b39ff214ccf52,Won't Fix,Resolved,2014-05-20 21:14:00,1
CASSANDRA-6738,15728ad8dfbc8991acaf2bee6ad213a39330606a,True,cassandra.git,2014-02-28 07:47:48+00:00,True,True,,False,False,False,Fix ClassCastException for compact table with composites,15728ad8dfbc8991acaf2bee6ad213a39330606a,Cannot Reproduce,Resolved,2014-02-19 16:38:00,0
CASSANDRA-6666,ab5372f0f3b3650556242a21a9d463b4f1e93efd,True,cassandra.git,2014-02-07 16:30:20+00:00,True,True,,False,False,False,Compact hints after partial replay to clean out tombstones,ab5372f0f3b3650556242a21a9d463b4f1e93efd,Duplicate,Resolved,2014-02-06 12:03:00,4
FLINK-386,bef5e5487b3192e5ef2169fdbbd459610b762f76,True,flink.git,2014-07-29 22:51:57+00:00,True,True,,False,False,False,[FLINK-386] Fix and clean up dependencies,bef5e5487b3192e5ef2169fdbbd459610b762f76,Implemented,Resolved,2014-06-09 09:11:00,0
FLINK-1239,d7d72383734b932810b86e084eaa55efe48a0d4b,True,flink.git,2014-11-16 17:20:40+00:00,True,True,,False,False,False,[FLINK-1239] [streaming] IterateExample fix and parallelism setting in StreamExecutionEnvironment made public,d7d72383734b932810b86e084eaa55efe48a0d4b,Not A Problem,Closed,2014-11-12 18:49:00,1
FLINK-940,7c4c4a9d2fbc7b2ffdbd4668a36c21d503c672b2,True,flink.git,2014-06-18 16:29:11+00:00,True,True,,False,False,False,[FLINK-940] Added additional test for cogroup with delta iteration solution set on second input.,7c4c4a9d2fbc7b2ffdbd4668a36c21d503c672b2,Invalid,Resolved,2014-06-16 08:37:00,0
FLINK-1077,bd4197ec053d82606fac7ddd2f1a7fee8a804e52,True,flink.git,2014-09-23 22:36:51+00:00,True,True,,False,False,False,[FLINK-1077] Fix unstable test CliFrontendPackageProgramTest,bd4197ec053d82606fac7ddd2f1a7fee8a804e52,Cannot Reproduce,Resolved,2014-08-29 16:23:00,1
FLINK-9028,32d373787555428c990ec53b3bdff6864cc21a69,True,flink.git,2019-07-10 08:10:11+00:00,False,False,,True,False,False,[hotfix][python] Update the package name from pyflink to apache-flink (#9028),32d373787555428c990ec53b3bdff6864cc21a69,Fixed,Resolved,2018-03-20 08:04:00,0
GROOVY-6829,c5e02275eac390e7870d5c61e4bdeb0d018f3893,True,groovy.git,2014-05-27 20:05:49+00:00,True,True,GROOVY-6815,False,False,False,"GROOVY-6815, GROOVY-6829: Added a sanity check on version number",c5e02275eac390e7870d5c61e4bdeb0d018f3893,Duplicate,Closed,2014-05-27 05:03:00,0
GROOVY-6871,5d89aaa42801d1d515096d35174a11631fb5ba56,True,groovy.git,2015-02-22 12:29:45+00:00,True,True,,False,False,False,GROOVY-6871: Groovysh: Do not ignore (Custom-)Command results that,5d89aaa42801d1d515096d35174a11631fb5ba56,,Open,2014-06-17 23:37:00,1
GROOVY-7033,35c920cba1485c7a7d53425dbbf8ecd640860beb,True,groovy.git,2015-03-12 08:58:19+00:00,True,True,,False,False,False,Merge pull request #505 from bsideup/GROOVY-7033,35c920cba1485c7a7d53425dbbf8ecd640860beb,,Open,2014-08-20 11:02:00,0
GROOVY-6598,861990dab87dc2ba7648cdd8869be5660cfc9b2f,True,groovy.git,2014-04-27 21:08:32+00:00,True,True,,False,False,False,GROOVY-6598: CliBuilder doesn't respect order when expanding @argsFile args (additional test),861990dab87dc2ba7648cdd8869be5660cfc9b2f,Cannot Reproduce,Closed,2014-02-26 02:55:00,0
GROOVY-6579,685bf8c12a44ceee8bd3d21008b087e17bd6b012,True,groovy.git,2014-04-01 15:10:30+00:00,True,True,,False,False,False,Merge pull request #344 from andresteingress/GROOVY-6579,685bf8c12a44ceee8bd3d21008b087e17bd6b012,,Reopened,2014-02-14 12:03:00,0
GROOVY-6939,c48a2d060c1cee08995e26a01c17b2eee8e52b9f,True,groovy.git,2014-07-11 14:50:31+00:00,True,True,,False,False,False,Test case for GROOVY-6939,c48a2d060c1cee08995e26a01c17b2eee8e52b9f,,Open,2014-07-11 06:46:00,0
GROOVY-7053,9918891891fdd1399218ad5d9c84342ac540f498,True,groovy.git,2014-09-04 01:36:42+00:00,True,True,,False,False,False,GROOVY-7053: incorrect direct use of generics type for fields with generics in the type when using @Builder,9918891891fdd1399218ad5d9c84342ac540f498,Cannot Reproduce,Closed,2014-09-02 13:06:00,4
GROOVY-6602,c958e8f81602441ea6ef35d9f37c421951d755b9,True,groovy.git,2014-03-03 15:14:35+00:00,True,True,,False,False,False,Added non regression test for GROOVY-6602,c958e8f81602441ea6ef35d9f37c421951d755b9,Cannot Reproduce,Closed,2014-03-01 04:50:00,0
GROOVY-7342,7649f764bc57a84b662d72397fcf628780736cee,True,groovy.git,2015-03-06 20:32:29+00:00,True,True,,False,False,True,GROOVY-7342: Calling a trait method from a closure in a trait fails with @CompileStatic,7649f764bc57a84b662d72397fcf628780736cee,Fixed,Closed,2015-03-13 05:32:00,5
HBASE-2487,e663f098d8fd2e53d52117cbd518f0562ce6c61e,True,hbase.git,2020-10-01 06:32:49+00:00,False,False,HBASE-25133,True,True,False,HBASE-25133 Migrate HBase Nightly jenkins job from Hadoop to hbase (#2487),e663f098d8fd2e53d52117cbd518f0562ce6c61e,Fixed,Closed,2010-04-26 05:48:00,0
HBASE-2485,1ce1cf66dd4a0761d3fdd1d1781f83373c633151,True,hbase.git,2020-10-01 06:30:27+00:00,False,False,HBASE-25132,True,True,False,HBASE-25132 Migrate flaky test jenkins job from Hadoop to hbase (#2485),1ce1cf66dd4a0761d3fdd1d1781f83373c633151,Fixed,Closed,2010-04-24 04:03:00,0
HBASE-5955,047d209cee5285fb6b6d88d2ee45b3efb641b222,True,hbase.git,2012-03-18 19:40:24+00:00,True,True,,False,False,True,HBASE-5955 Fix NoSuchMethodException in 0.92 when running on local filesystem,047d209cee5285fb6b6d88d2ee45b3efb641b222,Fixed,Closed,2012-05-08 04:52:00,2
HBASE-5121,14734e4e81a14505c337287e2af533faac69c98a,True,hbase.git,2009-01-24 07:11:32+00:00,True,True,,False,False,True,HBASE-5121 Fix shell usage for format.width,14734e4e81a14505c337287e2af533faac69c98a,Fixed,Closed,2012-01-04 06:39:00,1
HBASE-12563,9be143691c6b84201fc49b9de040686fab155b48,True,hbase.git,2014-11-26 15:59:26+00:00,True,True,,False,False,False,"HBASE-12563 After Starting up mini hbase cluster, Real Configuration of Cluster never set to HBaseTestingUtility (Talat UYARER)",9be143691c6b84201fc49b9de040686fab155b48,Later,Resolved,2014-11-22 03:32:00,4
HBASE-12457,231d3ee2adbfc32dfe4f7d7cd7a96ac33968520e,True,hbase.git,2014-11-13 06:49:00+00:00,True,True,,False,False,False,HBASE-12457 Regions in transition for a long time when CLOSE interleaves with a slow compaction.,231d3ee2adbfc32dfe4f7d7cd7a96ac33968520e,,Patch Available,2014-11-11 02:14:00,2
HBASE-11554,b9c415ac6113b7a07373c0ccfbc5cb2f340410c1,True,hbase.git,2020-08-12 03:09:44+00:00,True,True,,False,False,False,"Revert ""BackPort HBASE-11554 Remove Reusable poolmap Rpc client type. (#2208)""",b9c415ac6113b7a07373c0ccfbc5cb2f340410c1,Later,Closed,2014-07-21 11:28:00,0
HBASE-13499,fe9180d79e993e615317c189a87eac1eacdc37b6,True,hbase.git,2015-04-14 15:00:07+00:00,True,True,,False,False,True,HBASE-13499 AsyncRpcClient test cases failure in powerpc,fe9180d79e993e615317c189a87eac1eacdc37b6,Fixed,Closed,2015-04-20 10:36:00,1
HBASE-15184,4ca27a68ef0eb8b46e5fd9997bc63b1272b767cc,True,hbase.git,2016-01-26 18:02:53+00:00,True,True,,False,False,True,HBASE-15184 Fix broken links found via LinkLint,4ca27a68ef0eb8b46e5fd9997bc63b1272b767cc,Fixed,Resolved,2016-01-28 23:54:00,0
HBASE-16880,ce493642c0e295a08701cdcfe3ddc6755cdd7718,True,hbase.git,2016-09-22 08:29:18+00:00,True,True,,False,False,True,HBASE-16880 Reduce garbage in BufferChain (binlijin),ce493642c0e295a08701cdcfe3ddc6755cdd7718,Fixed,Resolved,2016-10-19 06:23:00,2
HDFS-2189,ff59fbb8b04a20a85208ad8921d97ee71abd991c,True,hadoop.git,2020-09-24 08:57:04+00:00,False,False,HDFS-15025,True,True,False,HDFS-15025. Applying NVDIMM storage media to HDFS (#2189),ff59fbb8b04a20a85208ad8921d97ee71abd991c,Fixed,Closed,2011-07-22 23:03:00,0
HDFS-3031,028ec4704b9323954c091bcda3433f7b79cb61de,True,hadoop.git,2021-05-25 01:55:58+00:00,False,False,,True,False,False,HADOOP-17720. Replace Guava Sets usage by Hadoop's own Sets in HDFS (#3031),028ec4704b9323954c091bcda3433f7b79cb61de,Fixed,Closed,2012-02-29 22:48:00,0
HDFS-5749,8b63c418913df94c8e99b0ddf3bfc1ed7e98b996,True,hadoop.git,2014-02-15 01:20:19+00:00,True,True,,False,False,False,HDFS-5749. Web UI does not show up during the period of loading FSImage. (Contributed by Haohui Mai),8b63c418913df94c8e99b0ddf3bfc1ed7e98b996,Not A Problem,Resolved,2014-01-09 16:04:00,0
HDFS-7324,237890feabc809ade4e7542039634e04219d0bcb,True,hadoop.git,2014-11-03 21:27:09+00:00,True,True,,False,False,False,HDFS-7324. haadmin command usage prints incorrect command name. Contributed by Brahma Reddy Battula.,237890feabc809ade4e7542039634e04219d0bcb,Invalid,Resolved,2014-11-03 03:01:00,1
HDFS-7570,85aec75ce53445e1abf840076d2e10f1e3c6d69b,True,hadoop.git,2015-01-14 00:10:28+00:00,True,True,,False,False,False,HDFS-7570. SecondaryNameNode need twice memory when calling reloadFromImageFile. Contributed by zhaoyunjiong.,85aec75ce53445e1abf840076d2e10f1e3c6d69b,Not A Problem,Resolved,2014-12-24 16:28:00,1
HIVE-1326,d1e1992182d8c0f3f2f0f101087e79e1dade4843,True,hive.git,2020-08-03 19:41:08+00:00,False,False,HIVE-23941,True,True,False,"HIVE-23941: Refactor TypeCheckProcFactory to be database agnostic (Steve Carlin, reviewed by Jesus Camacho Rodriguez)",d1e1992182d8c0f3f2f0f101087e79e1dade4843,Fixed,Closed,2010-04-25 20:50:00,0
HIVE-1325,e6dd5546d8224d0afe4b76c3e939781db183a897,True,hive.git,2020-08-10 14:18:07+00:00,False,False,HIVE-21196,True,True,False,"HIVE-21196: Support semijoin reduction on multiple column join (Stamatis Zampetakis, reviewed by Jesus Camacho Rodriguez)",e6dd5546d8224d0afe4b76c3e939781db183a897,Fixed,Closed,2010-04-24 07:04:00,0
HIVE-1317,6267520a50ba8c12ae5cee8fb27a6746376a21c6,True,hive.git,2020-08-03 15:00:07+00:00,False,False,HIVE-23949,True,True,False,"HIVE-23949: Introduce caching layer in HS2 to accelerate query compilation (Soumyakanti Das, reviewed by Vineet Garg, Jesus Camacho Rodriguez)",6267520a50ba8c12ae5cee8fb27a6746376a21c6,Fixed,Closed,2010-04-22 01:02:00,2
HIVE-1305,9a77675d35c35b6595b407b4925c80b8d964e6ff,True,hive.git,2020-07-30 14:09:56+00:00,False,False,HIVE-23892,True,True,False,"HIVE-23892: Remove interpretation for character RexLiteral (Jesus Camacho Rodriguez, reviewed by Zoltan Haindrich)",9a77675d35c35b6595b407b4925c80b8d964e6ff,Fixed,Closed,2010-04-13 21:29:00,0
HIVE-1302,72ca978260a7219a9da637047ad0aa64193597ba,True,hive.git,2020-07-25 00:42:21+00:00,False,False,HIVE-23908,True,True,False,"HIVE-23908: Rewrite plan to join back tables: handle root input is an Aggregate (Krisztian Kasa, reviewed by Jesus Camacho Rodriguez)",72ca978260a7219a9da637047ad0aa64193597ba,Fixed,Closed,2010-04-12 22:30:00,0
HIVE-1099,242487cecb0973b57f9ce0b138e66c19c60a4627,True,hive.git,2020-06-15 08:45:03+00:00,False,False,HIVE-23677,True,True,False,HIVE-23677: RetryTest is unstable (Aasha Medhi reviewed by David Mollitor),242487cecb0973b57f9ce0b138e66c19c60a4627,Fixed,Closed,2010-01-25 22:58:00,0
HIVE-1059,2a3a42ffcca2162fe4b0b65ed542ad793ea4942e,True,hive.git,2020-06-08 21:13:40+00:00,False,False,HIVE-23614,True,True,False,"HIVE-23614: Always pass HiveConfig to removeTempOrDuplicateFiles (John Sherman, reviewed by Jesus Camacho Rodriguez)",2a3a42ffcca2162fe4b0b65ed542ad793ea4942e,Fixed,Closed,2010-01-16 02:34:00,0
HIVE-1046,b45e152745cbe8f2ae8c0651c84ae3ce0552e2ff,True,hive.git,2020-06-02 03:28:52+00:00,False,False,HIVE-22476,True,True,False,HIVE-22476: Hive datediff function provided inconsistent results when hive.fetch.task.conversion is set to none (Slim Bouguerra via Jesus Camacho Rodriguez),b45e152745cbe8f2ae8c0651c84ae3ce0552e2ff,Fixed,Closed,2010-01-12 20:05:00,0
HIVE-1037,0b09d0104dde7734965e5825f2a5d06987f906ae,True,hive.git,2020-05-28 04:18:36+00:00,False,False,HIVE-23453,True,True,False,"HIVE-23453: IntelliJ compile errors in StaticPermanentFunctionChecker and TestVectorGroupByOperator (Stamatis Zampetakis, reviewed by Gopal V)",0b09d0104dde7734965e5825f2a5d06987f906ae,Fixed,Closed,2010-01-08 05:50:00,0
HIVE-1535,c082a724648b6bfbdd4b0ff72d7c41c29257beba,True,hive.git,2020-10-07 02:30:55+00:00,False,False,HIVE-24209,True,True,False,HIVE-24209: Search argument conversion is incorrect for NOT BETWEEN operation when vectorization is enabled (Ganesha Shreedhara via Ashutosh Chauhan) (Addendum),c082a724648b6bfbdd4b0ff72d7c41c29257beba,Fixed,Closed,2010-08-13 01:12:00,0
HIVE-1509,8e7b8f80325be5506f02ccfc810bd151ff29ac99,True,hive.git,2020-11-13 17:24:43+00:00,False,False,HIVE-24179,True,True,False,"HIVE-24179: Memory leak in HS2 DbTxnManager when compiling SHOW LOCKS statement (Stamatis Zampetakis, reviewed by Denys Kuzmenko, Jesus Camacho Rodriguez)",8e7b8f80325be5506f02ccfc810bd151ff29ac99,Fixed,Closed,2010-08-04 00:07:00,0
HIVE-1492,94093e86e96786e36756fef802938cd65ef4fd0e,True,hive.git,2020-09-30 20:07:31+00:00,False,False,HIVE-24154,True,True,False,"HIVE-24154: Missing simplification opportunity with IN and EQUALS clauses (Jesus Camacho Rodriguez, reviewed by Zoltan Haindrich)",94093e86e96786e36756fef802938cd65ef4fd0e,Fixed,Closed,2010-07-29 00:48:00,0
HIVE-1399,0a0b4ab56604a25501a72280d70a280e34a9a894,True,hive.git,2020-09-10 02:06:02+00:00,False,False,HIVE-24036,True,True,False,"HIVE-24036: Kryo Exception while serializing plan for getSplits UDF call (Naresh P R, reviewed Prasanth J)",0a0b4ab56604a25501a72280d70a280e34a9a894,Fixed,Closed,2010-06-10 18:21:00,0
HIVE-1364,17ee33f4f4d8dc9437d1d3a47663a635d2e47b58,True,hive.git,2020-08-11 01:03:31+00:00,False,False,HIVE-23997,True,True,False,"HIVE-23997: Some logs in ConstantPropagateProcFactory are not straightforward (Zhihua Deng, reviewed by Jesus Camacho Rodriguez)",17ee33f4f4d8dc9437d1d3a47663a635d2e47b58,Fixed,Closed,2010-05-24 16:32:00,0
HIVE-1363,af911c9fe0ff3bb49d80f6c0109d30f5e1046849,True,hive.git,2020-08-11 01:08:30+00:00,False,False,HIVE-23996,True,True,False,"HIVE-23996: Remove unused line in UDFArgumentException (Guo Philipse reviewed by Peter Vary, Jesus Camacho Rodriguez)",af911c9fe0ff3bb49d80f6c0109d30f5e1046849,Fixed,Closed,2010-05-23 03:10:00,1
HIVE-1780,624d420d2d7bff53057389e6d45f83ca02a0524e,True,hive.git,2021-01-19 15:15:03+00:00,False,False,HIVE-24534,True,True,False,"HIVE-24534: Strict checks between decimal/characters & bigint/doubles (Stamatis Zampetakis, reviewed by Krisztian Kasa)",624d420d2d7bff53057389e6d45f83ca02a0524e,Fixed,Closed,2010-11-10 01:39:00,1
HIVE-1673,526bd87e9103375f0ddb8064dcfd8c31342b4c08,True,hive.git,2020-11-20 05:36:12+00:00,False,False,HIVE-24387,True,True,False,"HIVE-24387: Metastore access through JDBC handler does not use correct database accessor (Jesus Camacho Rodriguez, reviewed by Vineet Garg)",526bd87e9103375f0ddb8064dcfd8c31342b4c08,Fixed,Closed,2010-09-29 19:55:00,0
HIVE-1671,86db502c118eaee78bd926c445c36017d594a07b,True,hive.git,2020-11-13 22:53:52+00:00,False,False,HIVE-24381,True,True,False,"HIVE-24381: Compressed text input returns 0 rows if skip header/footer is mentioned (Naresh Panchetty Ramanaiah, reviewed by Panagiotis Garefalakis, Jesus Camacho Rodriguez)",86db502c118eaee78bd926c445c36017d594a07b,Fixed,Closed,2010-09-27 10:03:00,0
HIVE-2107,b4b353e4a9756fc3a008fc60445c7ec433e61065,True,hive.git,2021-03-30 23:17:51+00:00,False,False,HIVE-24886,True,True,False,"HIVE-24886: Support simple equality operations between MAP/LIST/STRUCT types (Stamatis Zampetakis, reviewed by Jesus Camacho Rodriguez)",b4b353e4a9756fc3a008fc60445c7ec433e61065,Fixed,Closed,2011-04-11 22:31:00,3
HIVE-1892,632d70f5b08e2c3145a19ff94d5ede98b6be0d81,True,hive.git,2021-02-04 22:17:54+00:00,False,False,HIVE-24664,True,True,False,"HIVE-24664: Support column aliases in Values clause (Krisztian Kasa, reviewed by Jesus Camacho Rodriguez)",632d70f5b08e2c3145a19ff94d5ede98b6be0d81,Fixed,Closed,2011-01-06 02:25:00,0
HIVE-1878,9227b52e407de2ad6a2724f42539193804348f81,True,hive.git,2021-03-02 16:13:38+00:00,False,False,HIVE-24685,True,True,False,"HIVE-24685: Remove HiveSubQRemoveRelBuilder (Jesus Camacho Rodriguez, reviewed by Krisztian Kasa, Vineet Garg)",9227b52e407de2ad6a2724f42539193804348f81,Fixed,Closed,2011-01-04 05:17:00,0
HIVE-2366,32730b0370c6d9b5eccc3fdaa18ab9d3212c4fa2,True,hive.git,2021-06-08 17:57:45+00:00,False,False,HIVE-23987,True,True,False,"HIVE-23987: Upgrade arrow version to 0.11.0 (Jesus Camacho Rodriguez, reviewed by Panos Garefalakis)",32730b0370c6d9b5eccc3fdaa18ab9d3212c4fa2,Fixed,Closed,2011-08-10 21:42:00,0
HIVE-8443,4fceee9f08e1f11b20f9614917b12ef0fb61fffc,True,hive.git,2014-10-13 21:38:43+00:00,True,True,,False,False,False,HIVE-8443: Disable tez_smb_1 for mapreduce and prevent from test hang. (Vikram Dixit K reviewed by Gunther Hagleitner and Jason Dere),4fceee9f08e1f11b20f9614917b12ef0fb61fffc,Cannot Reproduce,Resolved,2014-10-13 14:45:00,0
HIVE-8765,2ede10ab0cae149c54e06835420ea993aa02de53,True,hive.git,2014-11-05 00:44:35+00:00,True,True,,False,False,True,"HIVE-8765 Increase thrift server protocol test coverage (Brock Noland, reviewed by Alan Gates)",2ede10ab0cae149c54e06835420ea993aa02de53,Won't Fix,Resolved,2014-11-06 18:01:00,1
HIVE-8294,d065f59d7b38cefb48ec38fe4b9cea746e27672f,True,hive.git,2014-09-29 19:31:56+00:00,True,True,,False,False,False,"HIVE-8294: Dynamic partition pruning fails with IndexOutOfBoundsException (Gunther Hagleitner, reviewed by Prasanth J)",d065f59d7b38cefb48ec38fe4b9cea746e27672f,Duplicate,Resolved,2014-09-29 17:39:00,1
HIVE-8271,d1c15f92ecb62fc52ae9c6d5f55fb44b1dd76ece,True,hive.git,2014-10-03 17:29:16+00:00,True,True,hive-14,False,False,False,Revert HIVE-8271: Jackson incompatibility between hadoop-2.4 and hive-14,d1c15f92ecb62fc52ae9c6d5f55fb44b1dd76ece,Won't Fix,Closed,2014-09-26 16:41:00,0
HIVE-6598,c5cba5107d08baf5207920a350e527c8d76f45de,True,hive.git,2014-05-27 19:05:53+00:00,True,True,,False,False,False,HIVE-6598 : Missed few test files in previous commit of 6598,c5cba5107d08baf5207920a350e527c8d76f45de,Not A Problem,Resolved,2014-03-10 03:08:00,0
IGNITE-10009,b8f6904a37495f5473cbb9fd572ee3d9e7a7c6af,True,ignite.git,2015-04-01 14:36:38+00:00,True,True,ignite-10009,False,False,True,ignite-10009: Add tests.,b8f6904a37495f5473cbb9fd572ee3d9e7a7c6af,Fixed,Resolved,2018-10-25 15:06:00,0
IGNITE-12163,4638af19c4402b5b99fe383653fe8918d09a0b81,True,ignite.git,2017-05-17 12:12:42+00:00,True,True,ignite-12163,False,False,True,ignite-12163 muted test,4638af19c4402b5b99fe383653fe8918d09a0b81,Fixed,Resolved,2019-09-11 13:45:00,0
KAFKA-1352,a39f2c18c027708ff5830a81c1263c6ebb073445,True,kafka.git,2014-04-09 00:56:59+00:00,True,True,kafka-1352,False,False,False,kafka-1352; Reduce logging on the server; patched by Ivan Lyutovg; reviewed by Guozhang Wang and Jun Rao,a39f2c18c027708ff5830a81c1263c6ebb073445,,Reopened,2014-03-30 20:53:00,0
KAFKA-6529,e5a131d9bf02ae768b088b1cf9fe3ba5e852228a,True,kafka.git,2019-04-01 23:32:14+00:00,False,False,KAFKA-8181,True,True,False,KAFKA-8181: Removed Avro topic from TOC on kafka (#6529),e5a131d9bf02ae768b088b1cf9fe3ba5e852228a,Fixed,Resolved,2018-02-02 22:56:00,0
MAPREDUCE-5911,7bbda6ef92e9bf4a28e67b8736067b38defab51e,True,hadoop.git,2014-10-19 22:57:48+00:00,True,True,,False,False,False,MAPREDUCE-5911. Terasort TeraOutputFormat does not check for output directory existance. Contributed by Bruno P. Kinoshita.,7bbda6ef92e9bf4a28e67b8736067b38defab51e,Duplicate,Resolved,2014-05-30 14:42:00,0
MAPREDUCE-6199,390a7c12f543b2c94a74f08d6d2a28410472043a,True,hadoop.git,2014-12-19 23:43:48+00:00,True,True,,False,False,False,MAPREDUCE-6199. AbstractCounters are not reset completely on deserialization (adhoot via rkanter),390a7c12f543b2c94a74f08d6d2a28410472043a,Won't Fix,Resolved,2014-12-19 00:36:00,0
SPARK-1929,8d271c90fa496cb24e2b7362ef0497563591b97d,True,spark.git,2014-05-27 04:30:25+00:00,True,True,,False,False,False,SPARK-1929 DAGScheduler suspended by local task OOM,8d271c90fa496cb24e2b7362ef0497563591b97d,Duplicate,Closed,2014-05-26 10:14:00,0
SPARK-1758,f14b00a9c60863afda15681fbf5682247351fa39,True,spark.git,2014-06-20 00:11:06+00:00,True,True,SPARK-1097; SPARK-2151; Spark-1097,False,False,False,[SPARK-2151] Recognize memory format for spark-submit,f14b00a9c60863afda15681fbf5682247351fa39,Cannot Reproduce,Resolved,2014-05-08 03:49:00,0
SPARK-2129,ac96d9657c9a9f89a455a1b671c059d896012d41,True,spark.git,2014-06-13 19:59:48+00:00,True,True,SPARK-1852; SPARK-2081; SPARK-2094; SPARK-2128,False,False,False,"[SPARK-2094][SQL] ""Exactly once"" semantics for DDL and command statements",ac96d9657c9a9f89a455a1b671c059d896012d41,Won't Fix,Resolved,2014-06-12 06:07:00,0
SPARK-2089,912563aa3553afc0871d5b5858f533aa39cb99e5,True,spark.git,2014-12-09 19:02:43+00:00,True,True,SPARK-4136; SPARK-4338; spark-4338,False,False,False,SPARK-4338. [YARN] Ditch yarn-alpha.,912563aa3553afc0871d5b5858f533aa39cb99e5,Won't Fix,Resolved,2014-06-10 00:52:00,0
SPARK-2003,0e0686d3ef88e024fcceafe36a0cdbb953f5aeae,True,spark.git,2014-06-28 01:20:33+00:00,True,True,,False,False,False,[SPARK-2003] Fix python SparkContext example,0e0686d3ef88e024fcceafe36a0cdbb953f5aeae,Won't Fix,Resolved,2014-06-03 16:08:00,0
SPARK-2000,39dfaf2fd167cafc84ec9cc637c114ed54a331e3,True,spark.git,2018-06-22 14:16:14+00:00,False,True,SPARK-24519,False,False,False,[SPARK-24519] Make the threshold for highly compressed map status configurable,39dfaf2fd167cafc84ec9cc637c114ed54a331e3,Not A Problem,Closed,2014-06-03 10:24:00,0
SPARK-3764,73da9c26b0e2e8bf0ab055906211727a7097c963,True,spark.git,2014-10-13 20:43:41+00:00,True,True,SPARK-3771,False,False,False,[SPARK-3771][SQL] AppendingParquetOutputFormat should use reflection to prevent from breaking binary-compatibility.,73da9c26b0e2e8bf0ab055906211727a7097c963,Not A Problem,Resolved,2014-10-02 07:25:00,0
SPARK-4624,c51ab37faddf4ede23243058dfb388e74a192552,True,spark.git,2015-02-16 20:52:05+00:00,False,False,SPARK-5833,True,True,False,[SPARK-5833] [SQL] Adds REFRESH TABLE command,c51ab37faddf4ede23243058dfb388e74a192552,Cannot Reproduce,Resolved,2014-11-26 09:06:00,0
SPARK-4623,6f54dee66100e5e58f6649158db257eb5009bd6a,True,spark.git,2015-02-16 20:48:55+00:00,False,False,SPARK-5296,True,True,False,[SPARK-5296] [SQL] Add more filter types for data sources API,6f54dee66100e5e58f6649158db257eb5009bd6a,Fixed,Closed,2014-11-26 08:45:00,0
SPARK-4523,90a6a46bd11030672597f015dd443d954107123a,True,spark.git,2014-11-21 04:34:43+00:00,True,True,SPARK-4522,False,False,False,[SPARK-4522][SQL] Parse schema with missing metadata.,90a6a46bd11030672597f015dd443d954107123a,Won't Fix,Resolved,2014-11-20 19:25:00,0
SPARK-4513,2d50a010ff57a861b13c2088ac048662d535f5e7,True,spark.git,2015-02-11 01:02:44+00:00,False,False,SPARK-5725; spark-5725,True,True,False,[SPARK-5725] [SQL] Fixes ParquetRelation2.equals,2d50a010ff57a861b13c2088ac048662d535f5e7,Fixed,Resolved,2014-11-20 15:14:00,0
SPARK-4499,ba667935f8670293f10b8bbe1e317b28d00f9875,True,spark.git,2015-02-10 10:28:47+00:00,False,False,SPARK-5696; SPARK-5700; spark-5700,True,True,False,[SPARK-5700] [SQL] [Build] Bumps jets3t to 0.9.3 for hadoop-2.3 and hadoop-2.4 profiles,ba667935f8670293f10b8bbe1e317b28d00f9875,Not A Problem,Closed,2014-11-19 17:12:00,0
SPARK-4484,b8080aa86d55e0467fd4328f10a2f0d6605e6cc6,True,spark.git,2015-02-10 00:23:12+00:00,False,False,SPARK-5696; spark-5696,True,True,False,[SPARK-5696] [SQL] [HOTFIX] Asks HiveThriftServer2 to re-initialize log4j using Hive configurations,b8080aa86d55e0467fd4328f10a2f0d6605e6cc6,Fixed,Closed,2014-11-19 04:00:00,0
SPARK-4412,37482ce5a7b875f17d32a5e8c561cc8e9772c9b3,True,spark.git,2014-11-14 23:33:21+00:00,True,True,,False,False,False,[SPARK-4412][SQL] Fix Spark's control of Parquet logging.,37482ce5a7b875f17d32a5e8c561cc8e9772c9b3,Incomplete,Resolved,2014-11-14 16:26:00,0
SPARK-4316,60f67e7a142f831f91f60676f94affa8add9944f,True,spark.git,2015-02-03 05:14:21+00:00,False,False,,True,False,False,[Doc] Minor: Fixes several formatting issues,60f67e7a142f831f91f60676f94affa8add9944f,Duplicate,Resolved,2014-11-10 08:35:00,0
SPARK-4238,f165b2bbf5d4acf34d826fa55b900f5bbc295654,True,spark.git,2014-11-07 02:39:14+00:00,True,True,SPARK-4188,False,False,False,[SPARK-4188] [Core] Perform network-level retry of shuffle file fetches,f165b2bbf5d4acf34d826fa55b900f5bbc295654,Duplicate,Closed,2014-11-04 22:47:00,0
SPARK-1661,a43d9c14f2083d6632f410d74db98476e0e4d986,True,spark.git,2014-05-02 04:32:43+00:00,True,True,,False,False,False,[SQL] SPARK-1661 - Fix regex_serde test,a43d9c14f2083d6632f410d74db98476e0e4d986,Won't Fix,Resolved,2014-04-29 03:40:00,0
SPARK-1520,aa17f022c59af02b04b977da9017671ef14d664a,True,spark.git,2014-04-18 17:03:15+00:00,True,True,,False,False,False,[SPARK-1520] remove fastutil from dependencies,aa17f022c59af02b04b977da9017671ef14d664a,Abandoned,Resolved,2014-04-17 03:49:00,0
SPARK-1407,eb5f2b64230faa69a53815cb61bcc87aeb233d20,True,spark.git,2014-04-09 22:25:29+00:00,True,True,,False,False,False,SPARK-1407 drain event queue before stopping event logger,eb5f2b64230faa69a53815cb61bcc87aeb233d20,Not A Problem,Closed,2014-04-03 11:06:00,0
SPARK-2221,0d60b3213fe9a7ae5e9b208639f92011fdb2ca32,True,spark.git,2018-01-29 18:25:25+00:00,True,True,SPARK-22221,False,False,False,[SPARK-22221][DOCS] Adding User Documentation for Arrow,0d60b3213fe9a7ae5e9b208639f92011fdb2ca32,Duplicate,Resolved,2014-06-20 10:21:00,0
SPARK-2208,5519760e0fe7d52170b38a52ce3d670d158e2aba,True,spark.git,2016-03-24 09:47:44+00:00,True,True,,False,False,False,[SPARK-2208] Fix for local metrics tests can fail on fast machines,5519760e0fe7d52170b38a52ce3d670d158e2aba,Won't Fix,Resolved,2014-06-19 22:11:00,0
SPARK-2160,1114207cc8e4ef94cb97bbd5a2ef3ae4d51f73fa,True,spark.git,2014-07-09 02:17:26+00:00,True,True,SPARK-2152,False,False,False,[SPARK-2152][MLlib] fix bin offset in DecisionTree node aggregations (also resolves SPARK-2160),1114207cc8e4ef94cb97bbd5a2ef3ae4d51f73fa,Duplicate,Resolved,2014-06-16 21:54:00,0
SPARK-4091,814080278605148e7a75651283253d09a04e5a74,True,spark.git,2015-01-20 19:20:14+00:00,False,False,,True,False,False,[SQL][Minor] Refactors deeply nested FP style code in BooleanSimplification,814080278605148e7a75651283253d09a04e5a74,Duplicate,Closed,2014-10-26 13:57:00,0
SPARK-3334,423baea953996a66dde671ff6db2fb1f32fbe8cb,True,spark.git,2014-11-19 01:41:54+00:00,False,False,SPARK-4468,True,True,False,[SPARK-4468][SQL] Fixes Parquet filter creation for inequality predicates with literals on the left hand side,423baea953996a66dde671ff6db2fb1f32fbe8cb,Not A Problem,Resolved,2014-08-31 23:48:00,0
SPARK-3317,36b0956a3eadc7343ed0d25c79a6ce0496eaaccd,True,spark.git,2014-11-18 00:55:12+00:00,False,False,SPARK-4213; SPARK-4453,True,True,False,[SPARK-4453][SPARK-4213][SQL] Simplifies Parquet filter generation code,36b0956a3eadc7343ed0d25c79a6ce0496eaaccd,Won't Fix,Closed,2014-08-29 18:19:00,0
SPARK-3298,6b7f2f753d16ff038881772f1958e3f4fd5597a7,True,spark.git,2014-11-18 00:31:05+00:00,False,False,SPARK-4309; SPARK-4407,True,True,False,"[SPARK-4309][SPARK-4407][SQL] Date type support for Thrift server, and fixes for complex types",6b7f2f753d16ff038881772f1958e3f4fd5597a7,Won't Fix,Resolved,2014-08-29 04:54:00,0
SPARK-3214,7faf755ae4f0cf510048e432340260a6e609066d,True,spark.git,2014-08-27 21:26:06+00:00,True,True,Spark-3213; Spark-3214; spark-3213,False,False,False,"Spark-3213 Fixes issue with spark-ec2 not detecting slaves created with ""Launch More like this""",7faf755ae4f0cf510048e432340260a6e609066d,Not A Problem,Closed,2014-08-25 18:06:00,0
SPARK-3100,faeb41de215d3ac567ce72a43ab242ad433ca93e,True,spark.git,2014-11-12 07:38:27+00:00,False,False,SPARK-3936; SPARK-4173,True,True,False,"[SPARK-3936] Add aggregateMessages, which supersedes mapReduceTriplets",faeb41de215d3ac567ce72a43ab242ad433ca93e,Not A Problem,Resolved,2014-08-18 10:43:00,0
SPARK-3021,bf589fc717c842d1998e3c3a523bc8775cb30269,True,spark.git,2014-10-26 18:29:27+00:00,True,True,SPARK-2105; SPARK-2527; SPARK-3616,False,False,False,[SPARK-3616] Add basic Selenium tests to WebUISuite,bf589fc717c842d1998e3c3a523bc8775cb30269,Cannot Reproduce,Resolved,2014-08-13 21:14:00,0
SPARK-2972,c871e2dae0182e914135560d14304242e1f97f7e,True,spark.git,2015-02-26 22:20:30+00:00,True,True,SPARK-3458,False,False,False,Add a note for context termination for History server on Yarn,c871e2dae0182e914135560d14304242e1f97f7e,Won't Fix,Closed,2014-08-11 14:00:00,0
SPARK-2903,e1b85f3102e5e25d0168b80aa953e1e76054a945,True,spark.git,2014-08-15 05:08:44+00:00,True,True,SPARK-1669; SPARK-2955,False,False,False,"SPARK-2955 [BUILD] Test code fails to compile with ""mvn compile"" without ""install""",e1b85f3102e5e25d0168b80aa953e1e76054a945,Not A Problem,Closed,2014-08-07 05:43:00,0
SPARK-2894,4f4a9884d9268ba9808744b3d612ac23c75f105a,True,spark.git,2014-08-10 04:11:00+00:00,True,True,,False,False,False,[SPARK-2894] spark-shell doesn't accept flags,4f4a9884d9268ba9808744b3d612ac23c75f105a,Duplicate,Resolved,2014-08-06 23:01:00,0
SPARK-2815,faeb41de215d3ac567ce72a43ab242ad433ca93e,True,spark.git,2014-11-12 07:38:27+00:00,False,False,SPARK-3936; SPARK-4173,True,True,False,"[SPARK-3936] Add aggregateMessages, which supersedes mapReduceTriplets",faeb41de215d3ac567ce72a43ab242ad433ca93e,Won't Fix,Resolved,2014-08-03 11:21:00,0
SPARK-1118,ca5d9d43b93abd279079b3be8a06fdd78c595510,True,spark.git,2014-06-15 21:55:34+00:00,True,True,SPARK-937,False,False,False,[SPARK-937] adding EXITED executor state and not relaunching cleanly exited executors,ca5d9d43b93abd279079b3be8a06fdd78c595510,Duplicate,Resolved,2014-02-21 15:12:00,0
SPARK-1092,1cad3813879cf6a968cfbf427da37fbb4f39dc86,True,spark.git,2014-02-16 20:25:38+00:00,True,True,SPARK-929,False,False,False,[SPARK-1092] print warning information if user use SPARK_MEM to regulate executor memory usage,1cad3813879cf6a968cfbf427da37fbb4f39dc86,Won't Fix,Resolved,2014-02-14 11:32:00,0
SPARK-1067,b6d40b782327188a25ded5b22790552121e5271f,True,spark.git,2014-02-09 07:35:31+00:00,True,True,,False,False,False,Merge pull request #560 from pwendell/logging. Closes #560.,b6d40b782327188a25ded5b22790552121e5271f,Duplicate,Closed,2014-02-07 14:06:00,0
SPARK-2624,a975dc32799bb8a14f9e1c76defaaa7cfbaf8b53,True,spark.git,2014-12-03 19:16:29+00:00,True,True,,False,False,False,SPARK-2624 add datanucleus jars to the container in yarn-cluster,a975dc32799bb8a14f9e1c76defaaa7cfbaf8b53,Cannot Reproduce,Resolved,2014-07-22 14:59:00,0
SPARK-2611,9cb64b2c54b35eed373f54c2103f679b04e9af1e,True,spark.git,2014-06-23 03:54:42+00:00,True,True,SPARK-2166,False,False,True,SPARK-2166 - Listing of instances to be terminated before the prompt,9cb64b2c54b35eed373f54c2103f679b04e9af1e,Duplicate,Resolved,2014-07-22 00:32:00,0
SPARK-2532,78f2af582286b81e6dc9fa9d455ed2b369d933bd,True,spark.git,2014-08-01 20:57:19+00:00,True,True,SPARK-2791,False,False,False,"SPARK-2791: Fix committing, reverting and state tracking in shuffle file consolidation",78f2af582286b81e6dc9fa9d455ed2b369d933bd,Won't Fix,Resolved,2014-07-16 18:44:00,1
SPARK-2527,bf589fc717c842d1998e3c3a523bc8775cb30269,True,spark.git,2014-10-26 18:29:27+00:00,True,True,SPARK-2105; SPARK-3021; SPARK-3616,False,False,False,[SPARK-3616] Add basic Selenium tests to WebUISuite,bf589fc717c842d1998e3c3a523bc8775cb30269,Cannot Reproduce,Resolved,2014-07-16 14:37:00,0
SPARK-2491,ac4118db2dda802b936bb7a18a08844846c71285,True,spark.git,2015-10-31 17:47:22+00:00,True,True,SPARK-11424; SPARK-3052; SPARK-757,False,False,False,[SPARK-11424] Guard against double-close() of RecordReaders,ac4118db2dda802b936bb7a18a08844846c71285,Won't Fix,Resolved,2014-07-15 09:46:00,0
SPARK-2383,c8850a3d6d948f9dd9ee026ee350428968d3c21b,True,spark.git,2014-11-11 10:22:23+00:00,True,True,SPARK-2492,False,False,False,[SPARK-2492][Streaming] kafkaReceiver minor changes to align with Kafka 0.8,c8850a3d6d948f9dd9ee026ee350428968d3c21b,Duplicate,Closed,2014-07-07 02:33:00,2
SPARK-5034,937c1e5503963e67a5412be993d30dbec6fc9883,True,spark.git,2015-03-21 03:18:45+00:00,False,False,SPARK-6315; spark-6315,True,True,False,[SPARK-6315] [SQL] Also tries the case class string parser while reading Parquet schema,937c1e5503963e67a5412be993d30dbec6fc9883,Cannot Reproduce,Resolved,2014-12-31 04:22:00,0
SPARK-5010,cdc34ed9108688fea32ad170b1ba344fe047716b,True,spark.git,2015-03-13 23:09:53+00:00,False,False,SPARK-6285; spark-6285,True,True,False,[SPARK-6285] [SQL] Removes unused ParquetTestData and duplicated TestGroupWriteSupport,cdc34ed9108688fea32ad170b1ba344fe047716b,Not A Problem,Closed,2014-12-30 13:53:00,0
SPARK-5001,69ff8e8cfbecd81fd54100c4dab332c3bc992316,True,spark.git,2015-03-13 13:34:50+00:00,False,False,SPARK-5310,True,True,False,[SPARK-5310] [SQL] [DOC] Parquet section for the SQL programming guide,69ff8e8cfbecd81fd54100c4dab332c3bc992316,Not A Problem,Resolved,2014-12-30 02:42:00,1
SPARK-4842,1a49496b4a9df40c74739fc0fb8a21c88a477075,True,spark.git,2015-03-03 00:18:00+00:00,False,False,SPARK-6082; spark-6082,True,True,False,[SPARK-6082] [SQL] Provides better error message for malformed rows when caching tables,1a49496b4a9df40c74739fc0fb8a21c88a477075,Won't Fix,Resolved,2014-12-14 05:34:00,0
SPARK-4824,c233ab3d8d75a33495298964fe73dbf7dd8fe305,True,spark.git,2014-12-22 22:26:28+00:00,True,True,SPARK-4818,False,False,False,[SPARK-4818][Core] Add 'iterator' to reduce memory consumed by join,c233ab3d8d75a33495298964fe73dbf7dd8fe305,Duplicate,Closed,2014-12-10 22:56:00,0
SPARK-3506,5b99bf243e2956fe933ab2dccd069266e82cad8d,True,spark.git,2014-11-28 16:42:40+00:00,False,False,SPARK-4645,True,True,False,[SPARK-4645][SQL] Disables asynchronous execution in Hive 0.13.1 HiveThriftServer2,5b99bf243e2956fe933ab2dccd069266e82cad8d,Fixed,Resolved,2014-09-12 08:19:00,0
SPARK-3440,5db8dcaf494e0dffed4fc22f19b0334d95ab6bfb,True,spark.git,2014-12-01 21:09:51+00:00,False,False,SPARK-4258,True,True,False,[SPARK-4258][SQL][DOC] Documents spark.sql.parquet.filterPushdown,5db8dcaf494e0dffed4fc22f19b0334d95ab6bfb,Fixed,Resolved,2014-09-08 15:48:00,0
SPARK-1234,0480d6ca83d170618fa6a817ad64a2872438d47f,True,spark.git,2015-10-18 16:54:38+00:00,True,True,SPARK-11169; SPARK-1235; SPARK-1236,False,False,False,[SPARK-11169] Remove the extra spaces in merge script,0480d6ca83d170618fa6a817ad64a2872438d47f,Won't Fix,Resolved,2014-03-12 07:03:00,0
SPARK-1279,2c0aa22e2e26ae35b7d4caa529bc6520e362cc3c,True,spark.git,2014-03-21 23:08:18+00:00,True,True,SPARK-1278,False,False,False,SPARK-1279: Fix improper use of SimpleDateFormat,2c0aa22e2e26ae35b7d4caa529bc6520e362cc3c,Duplicate,Resolved,2014-03-19 04:34:00,0
SPARK-1325,1fa48d9422d543827011eec0cdf12d060b78a7c7,True,spark.git,2014-03-27 01:32:14+00:00,True,True,,False,False,False,SPARK-1325. The maven build error for Spark Tools,1fa48d9422d543827011eec0cdf12d060b78a7c7,Duplicate,Resolved,2014-03-25 17:58:00,0
SPARK-28583,a35523653cdac039ee2ddff316bc2c25d6514a91,True,spark.git,2018-04-04 16:36:15+00:00,True,True,SPARK-23583,False,False,True,[SPARK-23583][SQL] Invoke should support interpreted execution,a35523653cdac039ee2ddff316bc2c25d6514a91,Fixed,Resolved,2019-07-31 16:16:00,0
ZEPPELIN-121,8c5caa0e2c6e895dd01db4b47f560e9abc64fc73,True,zeppelin.git,2014-03-19 10:18:18+00:00,True,True,,False,False,True,ZEPPELIN-121 Fix handling escpae char in erb evaluator,8c5caa0e2c6e895dd01db4b47f560e9abc64fc73,Fixed,Resolved,2015-06-19 00:30:00,0
ZEPPELIN-103,9c44ca32904f7d3cbf94afdc32183e1d04478b63,True,zeppelin.git,2014-02-19 01:31:18+00:00,True,True,,False,False,True,ZEPPELIN-103 Respect zeppelin.max.result configuration,9c44ca32904f7d3cbf94afdc32183e1d04478b63,Fixed,Resolved,2015-06-11 07:04:00,4
ZEPPELIN-102,4804d7a711efd92c311a959d8467a26839afb67e,True,zeppelin.git,2014-02-18 01:35:04+00:00,True,True,,False,False,True,ZEPPELIN-102 load resources even if zql is null,4804d7a711efd92c311a959d8467a26839afb67e,Fixed,Resolved,2015-06-11 07:01:00,2
ZEPPELIN-101,eae08cfbaaf41a562db98c954f136742fdb639c1,True,zeppelin.git,2014-02-16 00:13:31+00:00,True,True,,False,False,True,"ZEPPELIN-101 load resource before run creating view/table, too",eae08cfbaaf41a562db98c954f136742fdb639c1,Fixed,Resolved,2015-06-10 18:37:00,7
ZEPPELIN-94,d3f9ba5574d38f94b62bcf612810b79ec4da9217,True,zeppelin.git,2014-02-12 05:34:42+00:00,True,True,,False,False,True,ZEPPELIN-94 resize editor,d3f9ba5574d38f94b62bcf612810b79ec4da9217,Fixed,Resolved,2015-06-08 13:02:00,0
ZEPPELIN-93,1eab4a4572e9df3a0fd5ae7db050177d09e0d550,True,zeppelin.git,2014-02-07 02:31:38+00:00,True,True,,False,False,True,ZEPPELIN-93 include hive-contrib as a runtime dependency,1eab4a4572e9df3a0fd5ae7db050177d09e0d550,Fixed,Resolved,2015-06-04 18:27:00,0
ZEPPELIN-53,842038e139edf1decd702ca126477f821dc6ac4e,True,zeppelin.git,2013-11-11 15:49:40+00:00,True,True,,False,False,True,Abort button shows while running ZEPPELIN-53,842038e139edf1decd702ca126477f821dc6ac4e,Fixed,Resolved,2015-04-19 00:01:00,0
ZEPPELIN-50,18331952be764661e34cec87ed1d46798a508086,True,zeppelin.git,2013-12-14 07:12:42+00:00,True,True,,False,False,True,ZEPPELIN-50 Session History implementation.,18331952be764661e34cec87ed1d46798a508086,Fixed,Resolved,2015-04-17 12:58:00,5
ZEPPELIN-41,55fd2ece98920afca9a5851684b8ef7bda16d414,True,zeppelin.git,2013-11-07 12:15:35+00:00,True,True,,False,False,True,ZEPPELIN-41 fix: CLI module clenup,55fd2ece98920afca9a5851684b8ef7bda16d414,Fixed,Resolved,2015-04-15 13:00:00,2
ZEPPELIN-34,fc4c4bc3c8f2c8afad8744c7841506e11cf7008e,True,zeppelin.git,2013-11-04 12:18:08+00:00,True,True,,False,False,True,Implement wordcount,fc4c4bc3c8f2c8afad8744c7841506e11cf7008e,Fixed,Resolved,2015-04-07 20:24:00,0
ZEPPELIN-33,18e351bf035021c54d1e0992bf0c6e21ed41fb2a,True,zeppelin.git,2013-11-04 12:12:17+00:00,True,True,,False,False,True,Handling quoted string,18e351bf035021c54d1e0992bf0c6e21ed41fb2a,Fixed,Resolved,2015-04-07 13:56:00,0
ZEPPELIN-19,1b7a6a8418757c1ca61911a679406d911ee14c8c,True,zeppelin.git,2013-10-28 09:01:17+00:00,True,True,,False,False,True,https://zeppelin-project.atlassian.net/browse/ZEPPELIN-19,1b7a6a8418757c1ca61911a679406d911ee14c8c,Fixed,Resolved,2015-04-01 05:56:00,3
ZEPPELIN-83,ac165a5494995e501dce33753f2926c99d67edfc,True,zeppelin.git,2014-02-02 02:06:02+00:00,True,True,,False,False,True,ZEPPELIN-83 Shortcut to 'Run' button,ac165a5494995e501dce33753f2926c99d67edfc,Fixed,Closed,2015-05-18 08:57:00,0
ZEPPELIN-72,eac8a073dda8da388e1f29d64ce43a9ae6f423b7,True,zeppelin.git,2013-12-14 05:22:25+00:00,True,True,,False,False,True,set scrollbar auto for iframe,eac8a073dda8da388e1f29d64ce43a9ae6f423b7,Fixed,Resolved,2015-05-08 05:44:00,0
ZEPPELIN-164,fe4df36e1d65db4957a5d84aa2f013bdde588470,True,zeppelin.git,2014-09-22 18:11:57+00:00,True,True,,False,False,True,ZEPPELIN-164 Paragraph title,fe4df36e1d65db4957a5d84aa2f013bdde588470,Fixed,Resolved,2015-07-10 20:35:00,2
ZEPPELIN-8,7cfc5288f4ddc7734658859f57ae5ca5d36f0067,True,zeppelin.git,2013-10-21 13:44:42+00:00,True,True,,False,False,True,Query plan based on view instead of subquery,7cfc5288f4ddc7734658859f57ae5ca5d36f0067,Fixed,Closed,2015-03-27 09:12:00,11
ZEPPELIN-1,3b63bdbc93ee64ad33e586a8f4e9c8ab19643ac7,True,zeppelin.git,2013-10-20 23:57:13+00:00,True,True,,False,False,True,Persisting session,3b63bdbc93ee64ad33e586a8f4e9c8ab19643ac7,Fixed,Closed,2015-03-17 14:51:00,3
ZOOKEEPER-1865,22ccb2e0fe3f93a7b904c7d3d24f514fe9e7562b,True,zookeeper.git,2015-03-15 07:54:59+00:00,True,True,,False,False,False,ZOOKEEPER-1865 Fix retry logic in Learner.connectToLeader() (Edward Carter via michim),22ccb2e0fe3f93a7b904c7d3d24f514fe9e7562b,,Reopened,2014-01-21 20:51:00,0
ZOOKEEPER-1914,d0d947e8c2587e6c18a002b4afbc987210529c9a,True,zookeeper.git,2014-05-21 21:03:47+00:00,True,True,,False,False,False,ZOOKEEPER-1914. TestWatchers.cc failure - workaround (michim via fpj),d0d947e8c2587e6c18a002b4afbc987210529c9a,,Open,2014-04-18 19:51:00,0
